# Opening explorer: 40,452 rated rapid games from the Lichess database (September 2026, CC0), both players rated 1400+ on Lichess; the first 15 moves, lines played at least 3 times.
# depth	move (SAN)	white wins	draws	black wins. Pre-order: a line's previous move is the nearest line above with depth - 1.
# Built by tools/build_explorer.py; validated by OpeningExplorerTests.
1	e4	12430	1191	11814
2	e5	5473	514	5061
3	Nf3	3654	364	3364
4	Nc6	2483	251	2306
5	Bc4	1059	78	1051
6	Bc5	353	23	343
7	c3	133	7	97
8	Nf6	65	5	60
9	d4	31	2	30
10	exd4	30	2	28
11	cxd4	21	1	18
12	Bb4+	19	1	17
13	Nc3	14	0	12
14	Nxe4	9	0	10
15	O-O	9	0	8
16	Bxc3	4	0	6
17	bxc3	0	0	5
18	O-O	0	0	3
17	d5	4	0	1
16	Nxc3	4	0	2
17	bxc3	4	0	2
18	Bxc3	4	0	2
19	Qb3	2	0	1
20	Bxa1	2	0	1
21	Bxf7+	2	0	1
22	Kf8	2	0	1
23	Bg5	2	0	1
13	Bd2	5	1	5
14	Bxd2+	3	1	5
15	Nbxd2	3	1	5
16	O-O	1	0	3
17	e5	1	0	2
16	d5	1	1	2
17	exd5	1	1	2
18	Nxd5	1	1	2
12	Bb6	2	0	1
11	e5	7	1	9
12	Ng4	2	0	3
13	cxd4	2	0	3
14	Bb4+	2	0	3
15	Nc3	2	0	3
16	O-O	1	0	2
12	Qe7	2	1	2
13	cxd4	2	0	1
12	d5	1	0	3
13	Bb5	1	0	2
9	d3	27	2	23
10	h6	15	1	6
11	O-O	6	1	2
12	O-O	4	0	1
12	d6	2	1	0
11	Bb3	3	0	0
10	d6	5	1	7
11	O-O	3	0	3
12	Bg4	2	0	1
10	O-O	4	0	4
11	O-O	2	0	2
11	Bg5	1	0	2
10	a5	0	0	3
10	a6	1	0	2
10	d5	2	0	1
9	O-O	4	1	3
10	O-O	1	1	2
8	d6	45	1	20
9	d4	24	1	14
10	exd4	23	1	12
11	cxd4	23	1	11
12	Bb4+	14	1	7
13	Nc3	11	1	4
14	Bg4	4	1	1
15	O-O	2	0	1
13	Bd2	1	0	3
14	Bxd2+	1	0	2
15	Nbxd2	1	0	2
16	Bg4	1	0	2
12	Bb6	8	0	4
13	O-O	2	0	3
13	Nc3	3	0	1
10	Bb6	1	0	2
9	h3	7	0	1
10	Nf6	2	0	1
9	b4	4	0	2
10	Bb6	4	0	2
11	a4	2	0	1
9	d3	6	0	0
9	O-O	2	0	1
9	a4	1	0	2
8	a6	6	1	6
9	d4	5	1	3
10	exd4	4	1	2
11	cxd4	4	1	2
12	Bb4+	3	1	1
13	Nc3	1	1	1
8	h6	7	0	3
9	d4	5	0	3
10	exd4	5	0	3
11	cxd4	5	0	3
12	Bb4+	4	0	2
13	Bd2	3	0	1
14	Bxd2+	3	0	1
15	Nbxd2	2	0	1
16	d6	2	0	1
8	Qf6	1	0	5
9	O-O	1	0	2
8	Bb6	3	0	1
8	Na5	3	0	0
7	O-O	71	3	75
8	Nf6	41	0	52
9	d3	12	0	22
10	d6	5	0	8
11	c3	1	0	4
11	Nc3	2	0	1
11	h3	1	0	2
10	O-O	4	0	7
10	h6	3	0	7
11	Nc3	0	0	4
11	c3	0	0	3
9	d4	12	0	4
10	exd4	5	0	3
11	e5	4	0	3
12	d5	1	0	2
13	exf6	1	0	2
14	dxc4	1	0	2
10	Bxd4	4	0	0
11	Nxd4	4	0	0
12	Nxd4	4	0	0
9	c3	6	0	8
10	O-O	4	0	3
11	d4	4	0	1
12	exd4	3	0	1
13	cxd4	3	0	1
10	Nxe4	2	0	1
11	d4	2	0	1
10	d6	0	0	3
9	Re1	5	0	5
10	O-O	2	0	4
11	c3	2	0	2
9	Nc3	3	0	4
10	O-O	2	0	2
11	d3	1	0	2
12	d6	1	0	2
10	d6	1	0	2
9	Ng5	1	0	4
10	O-O	1	0	4
8	d6	21	3	15
9	h3	5	1	7
10	Nf6	1	1	4
11	d3	1	1	2
10	Be6	2	0	1
10	h6	2	0	1
9	c3	6	1	4
10	Bg4	3	1	3
9	Nc3	4	0	0
9	a3	1	0	2
9	d3	1	1	1
9	d4	2	0	1
8	h6	7	0	6
9	c3	5	0	1
10	d6	3	0	1
11	d4	3	0	1
12	exd4	2	0	1
13	cxd4	2	0	1
7	d3	56	6	61
8	Nf6	21	2	23
9	Nc3	5	1	5
10	d6	3	1	1
11	h3	2	1	1
12	h6	2	1	0
10	O-O	2	0	2
9	Ng5	4	0	5
10	O-O	4	0	5
9	O-O	2	0	6
10	O-O	0	0	3
10	d6	2	0	1
9	h3	2	0	4
10	d6	2	0	3
9	Bg5	4	0	1
10	h6	4	0	1
11	Bh4	4	0	0
12	d6	3	0	0
9	c3	3	1	0
8	h6	21	2	23
9	O-O	6	1	5
10	Nf6	3	1	3
11	h3	1	1	1
9	Nc3	5	0	5
10	Nf6	4	0	3
11	Be3	1	0	2
11	h3	2	0	1
10	a6	1	0	2
9	c3	2	0	5
10	a6	1	0	2
9	a3	0	0	4
10	a6	0	0	3
9	h3	1	1	2
9	Be3	3	0	0
8	d6	12	2	13
9	Ng5	3	0	4
10	Nh6	1	0	4
9	h3	3	1	3
10	Nf6	1	0	2
10	h6	2	0	1
11	a3	2	0	1
9	Nc3	2	1	1
9	O-O	2	0	2
10	Bg4	2	0	1
9	Be3	1	0	2
7	Nc3	34	3	51
8	Nf6	19	2	35
9	d3	17	2	27
10	O-O	8	1	6
11	Bg5	4	0	3
12	h6	1	0	3
13	Bh4	1	0	2
11	O-O	1	0	2
10	h6	3	1	11
11	O-O	1	0	3
11	a3	0	1	3
11	Be3	1	0	2
10	d6	5	0	9
11	Bg5	2	0	5
12	h6	1	0	4
13	Bh4	1	0	2
11	h3	2	0	2
9	O-O	0	0	3
9	h3	1	0	2
8	d6	9	0	9
9	d3	5	0	3
10	Bg4	2	0	2
11	h3	2	0	2
12	Bh5	2	0	1
9	h3	4	0	4
10	Nf6	1	0	3
11	d3	1	0	2
10	Be6	3	0	0
8	a6	4	0	4
9	a3	1	0	2
9	d3	2	0	1
8	h6	2	0	3
9	d3	1	0	2
10	Nf6	1	0	2
7	b4	33	2	22
8	Bxb4	23	1	13
9	c3	23	1	13
10	Bc5	11	1	6
11	d4	11	1	5
12	exd4	10	1	5
13	O-O	8	1	4
14	dxc3	4	0	2
15	Bxf7+	3	0	1
16	Kxf7	3	0	0
17	Qd5+	3	0	0
18	Ke8	3	0	0
19	Qh5+	3	0	0
20	g6	3	0	0
21	Qxc5	3	0	0
14	d6	2	0	1
15	cxd4	2	0	1
16	Bb6	2	0	1
10	Ba5	8	0	3
11	d4	4	0	2
12	exd4	3	0	1
13	O-O	2	0	1
11	O-O	3	0	1
12	Nf6	2	0	1
13	d4	2	0	1
10	Be7	3	0	2
11	d4	3	0	2
12	exd4	3	0	2
13	cxd4	2	0	1
10	Bd6	1	0	2
8	Bb6	6	1	6
9	c3	3	1	1
10	d6	1	1	1
9	O-O	2	0	2
8	Nxb4	1	0	2
7	d4	16	1	22
8	exd4	13	1	17
9	c3	4	1	8
10	dxc3	4	1	4
11	Bxf7+	2	1	3
12	Kf8	1	1	2
9	Ng5	4	0	5
10	Nh6	2	0	3
10	Ne5	2	0	1
9	e5	2	0	2
9	Bxf7+	2	0	1
10	Kxf7	2	0	1
8	Nxd4	2	0	2
8	Bxd4	1	0	2
7	a3	3	0	4
8	a6	1	0	2
7	h3	2	0	4
8	Nf6	1	0	2
7	Bxf7+	0	0	4
8	Kxf7	0	0	4
9	Nxe5+	0	0	3
10	Nxe5	0	0	3
6	Nf6	337	27	350
7	d3	127	8	140
8	Bc5	63	4	74
9	O-O	14	1	25
10	O-O	8	0	11
11	c3	4	0	4
12	d5	1	0	2
13	exd5	1	0	2
14	Nxd5	1	0	2
12	d6	1	0	2
11	Bg5	1	0	2
12	h6	1	0	2
13	Bh4	1	0	2
10	d6	5	1	11
11	h3	3	1	5
12	Be6	1	1	2
12	h6	0	0	3
11	c3	0	0	4
9	c3	14	2	19
10	d6	7	0	5
11	O-O	4	0	0
10	O-O	2	2	4
11	O-O	0	0	3
10	a6	1	0	4
10	d5	0	0	4
11	exd5	0	0	4
12	Nxd5	0	0	3
10	h6	2	0	1
9	Nc3	9	0	11
10	O-O	2	0	6
10	d6	5	0	2
11	h3	2	0	2
9	h3	10	0	7
10	d6	3	0	4
11	Nc3	0	0	3
11	a3	2	0	1
10	O-O	3	0	2
9	Bg5	4	1	4
10	h6	2	0	3
11	Bh4	1	0	3
10	d6	1	1	1
9	Be3	3	0	3
10	Bb6	2	0	1
10	Bxe3	1	0	2
11	fxe3	1	0	2
9	a3	4	0	2
10	O-O	2	0	1
9	Ng5	3	0	0
8	h6	20	2	20
9	O-O	3	2	8
10	Bc5	1	1	5
11	c3	0	1	2
9	c3	9	0	4
10	Bc5	5	0	1
10	a6	3	0	0
9	Nc3	5	0	4
10	Bc5	3	0	2
9	a3	2	0	2
8	Be7	13	1	21
9	c3	3	1	9
10	d6	1	1	5
11	h3	0	0	3
12	O-O	0	0	3
13	O-O	0	0	3
10	O-O	2	0	2
9	O-O	5	0	5
10	O-O	4	0	2
9	Nc3	4	0	1
10	O-O	2	0	1
8	d5	19	0	9
9	exd5	17	0	9
10	Nxd5	16	0	7
11	O-O	9	0	3
12	Be6	5	0	0
13	Re1	3	0	0
12	Bg4	0	0	3
8	d6	3	1	6
9	O-O	0	0	3
9	c3	2	0	1
8	Bb4+	3	0	3
9	c3	3	0	3
10	Ba5	2	0	2
8	Bd6	1	0	2
8	a6	2	0	1
8	g6	1	0	2
7	Ng5	89	7	102
8	d5	72	7	78
9	exd5	72	7	78
10	Na5	35	4	44
11	Bb5+	28	3	34
12	c6	21	3	27
13	dxc6	21	3	27
14	bxc6	21	3	27
15	Ba4	6	0	9
16	h6	2	0	6
17	Nf3	2	0	6
18	e4	2	0	6
19	Ne5	0	0	3
15	Be2	4	2	9
16	h6	1	2	6
17	Nf3	1	2	4
18	e4	1	2	4
19	Ne5	1	1	3
20	Bd6	1	1	1
15	Bd3	8	1	5
16	h6	4	1	1
17	Ne4	2	1	1
15	Qf3	3	0	4
16	Bb7	1	0	2
16	Bd7	2	0	1
12	Bd7	6	0	7
13	Bxd7+	3	0	4
14	Qxd7	2	0	4
13	Qe2	1	0	2
11	Qe2	2	1	4
12	Nxc4	1	1	2
13	Qxc4	1	1	2
12	Bd6	1	0	2
11	d3	2	0	4
12	Nxc4	1	0	4
13	dxc4	1	0	4
14	h6	1	0	2
15	Nf3	1	0	2
10	Nxd5	24	1	14
11	Nxf7	18	1	7
12	Kxf7	17	1	7
13	Qf3+	17	1	7
14	Ke6	9	1	5
15	Nc3	9	0	4
16	Nb4	5	0	1
17	O-O	3	0	1
18	c6	2	0	1
16	Nd4	3	0	3
17	Bxd5+	2	0	3
18	Kd6	2	0	3
14	Ke8	3	0	2
15	Bxd5	3	0	1
14	Qf6	5	0	0
15	Bxd5+	5	0	0
16	Be6	4	0	0
17	Bxc6	4	0	0
18	bxc6	3	0	0
11	Qf3	4	0	4
12	Qxg5	2	0	3
13	Bxd5	2	0	3
14	Qf6	2	0	1
11	d3	1	0	2
10	Nd4	4	1	12
11	c3	1	1	6
12	Nf5	1	0	3
12	b5	0	1	2
11	d6	0	0	5
12	Qxd6	0	0	4
10	b5	7	1	8
11	Bxb5	4	0	5
12	Qxd5	4	0	5
13	Bxc6+	4	0	1
14	Qxc6	4	0	1
15	O-O	4	0	0
16	Bb7	4	0	0
17	f3	4	0	0
11	Bb3	2	1	1
12	Nd4	2	0	1
8	Bc5	9	0	16
9	Bxf7+	5	0	7
10	Kf8	4	0	7
11	Bb3	2	0	5
11	Bc4	1	0	2
9	Nxf7	3	0	7
10	Bxf2+	1	0	6
11	Kxf2	1	0	4
12	Nxe4+	1	0	4
13	Ke3	0	0	3
14	Qh4	0	0	3
9	O-O	1	0	2
10	O-O	1	0	2
8	Nxe4	5	0	8
9	Nxe4	1	0	5
10	d5	1	0	5
9	Nxf7	1	0	3
9	Bxf7+	3	0	0
10	Ke7	3	0	0
7	Nc3	41	3	46
8	Bc5	20	0	20
9	d3	12	0	7
10	h6	5	0	2
11	O-O	3	0	1
12	O-O	2	0	1
10	O-O	5	0	0
10	d6	2	0	2
9	O-O	7	0	7
10	O-O	5	0	3
11	d3	3	0	1
12	h6	2	0	1
10	d6	1	0	3
8	Nxe4	11	0	11
9	Nxe4	6	0	8
10	d5	6	0	8
11	Bd3	1	0	5
12	dxe4	1	0	4
13	Bxe4	1	0	4
11	Bxd5	3	0	1
12	Qxd5	3	0	1
13	Nc3	3	0	1
14	Qd8	2	0	1
11	Bb5	2	0	1
12	dxe4	2	0	1
9	Bxf7+	4	0	1
10	Kxf7	4	0	1
11	Nxe4	4	0	1
12	d5	2	0	1
8	Bb4	3	2	3
9	d3	2	1	1
8	h6	3	1	3
9	d4	2	1	2
10	exd4	1	0	2
11	Nxd4	1	0	2
8	Be7	1	0	3
9	d3	0	0	3
8	d6	1	0	3
7	d4	38	5	22
8	exd4	23	2	8
9	O-O	7	1	3
10	Bc5	3	0	1
11	e5	3	0	0
10	Nxe4	2	0	2
11	Re1	2	0	1
12	d5	2	0	1
13	Bxd5	2	0	1
14	Qxd5	2	0	1
15	Nc3	2	0	1
10	d6	2	1	0
11	Nxd4	2	1	0
9	e5	9	1	1
10	Qe7	3	0	0
11	O-O	3	0	0
10	d5	2	0	1
11	exf6	2	0	1
12	dxc4	2	0	1
9	Nxd4	4	0	1
9	c3	2	0	3
8	d6	4	1	5
9	dxe5	2	1	2
8	Nxe4	3	2	3
9	dxe5	2	2	2
10	d6	1	1	1
8	d5	5	0	1
9	exd5	5	0	0
10	Nxd5	3	0	0
8	Bd6	0	0	3
8	Nxd4	1	0	2
7	O-O	31	1	27
8	Bc5	16	0	13
9	c3	5	0	3
10	d5	2	0	1
9	d4	3	0	3
10	Bxd4	2	0	1
9	Nc3	3	0	1
9	Re1	2	0	2
8	Nxe4	6	1	9
9	Re1	3	1	4
10	d5	3	1	3
11	Bb5	1	1	3
12	Bc5	1	1	1
9	d4	2	0	2
8	Be7	6	0	4
9	d4	3	0	1
9	Re1	2	0	1
7	c3	8	3	8
8	Bc5	5	2	5
9	d4	5	1	3
10	exd4	5	1	3
11	cxd4	3	0	1
12	Bb4+	3	0	1
13	Nc3	2	0	1
14	Nxe4	2	0	1
15	O-O	2	0	1
11	e5	2	1	0
8	h6	1	0	3
9	d4	1	0	2
6	h6	163	10	147
7	d4	48	2	34
8	exd4	38	2	23
9	Nxd4	30	1	19
10	Nxd4	14	1	9
11	Qxd4	14	1	9
12	d6	5	1	4
13	O-O	4	1	3
14	Nf6	3	0	2
12	Qe7	3	0	0
12	Qf6	1	0	2
12	b6	2	0	1
10	Bc5	7	0	2
11	Nxc6	2	0	2
11	Be3	3	0	0
10	Ne5	5	0	2
11	Bb3	4	0	2
12	Nf6	3	0	1
10	Nf6	1	0	2
9	O-O	4	0	3
10	Bc5	2	0	2
11	c3	2	0	1
12	dxc3	2	0	1
9	c3	3	0	1
10	dxc3	3	0	0
8	d6	4	0	8
9	dxe5	2	0	7
10	dxe5	1	0	6
11	Qxd8+	1	0	5
12	Kxd8	0	0	3
12	Nxd8	1	0	2
13	Nxe5	1	0	2
8	Bd6	3	0	1
7	O-O	34	1	30
8	Nf6	14	1	20
9	d3	6	1	6
10	Bc5	3	1	4
11	h3	2	0	1
9	Re1	2	0	8
10	Bc5	2	0	2
11	c3	2	0	1
10	d6	0	0	3
9	Nc3	4	0	4
9	d4	2	0	2
8	Bc5	13	0	5
9	c3	4	0	1
9	d3	4	0	1
10	d6	4	0	1
8	d6	3	0	3
9	h3	2	0	1
7	c3	34	1	25
8	Nf6	19	1	13
9	d3	12	1	6
10	Be7	3	0	2
10	Bc5	2	0	2
10	d5	3	1	0
11	exd5	3	1	0
12	Nxd5	3	1	0
13	O-O	2	1	0
9	d4	5	0	4
10	exd4	3	0	1
11	cxd4	3	0	0
9	O-O	1	0	2
8	Bc5	10	0	1
9	d4	7	0	1
10	exd4	6	0	1
11	cxd4	6	0	1
12	Bb4+	4	0	1
13	Nc3	3	0	1
8	d6	3	0	4
8	a6	1	0	4
7	Nc3	25	3	27
8	Nf6	10	1	18
9	d3	4	1	6
10	Bc5	3	0	3
10	Bb4	1	1	1
11	Bd2	1	1	1
9	d4	6	0	3
10	exd4	4	0	3
11	Nxd4	4	0	3
12	Bb4	1	0	2
12	Nxd4	2	0	1
13	Qxd4	2	0	1
9	O-O	0	0	3
9	a3	0	0	3
8	Bc5	6	1	3
9	d3	5	0	3
10	Nf6	4	0	2
8	d6	5	0	3
9	d3	1	0	3
8	a6	4	0	1
7	d3	17	3	24
8	Nf6	9	2	15
9	Nc3	3	1	4
10	Bb4	1	1	1
11	Bd2	1	1	1
10	Bc5	2	0	1
9	Be3	3	1	3
10	Be7	2	0	1
11	Nc3	2	0	1
9	O-O	1	0	3
8	Bc5	6	1	5
9	Nc3	3	0	1
9	c3	2	1	1
10	d6	1	1	1
7	h3	1	0	3
6	d6	64	3	59
7	O-O	17	1	7
8	Bg4	6	0	2
9	h3	4	0	0
10	Bh5	4	0	0
8	h6	5	1	2
9	c3	1	1	1
10	Nf6	1	1	1
8	Be7	2	0	3
9	d4	1	0	2
10	exd4	1	0	2
11	Nxd4	1	0	2
8	Be6	3	0	0
7	d4	13	0	12
8	exd4	5	0	5
9	Nxd4	5	0	4
10	Nxd4	4	0	3
11	Qxd4	4	0	3
12	Nf6	3	0	1
13	Nc3	3	0	0
14	Be7	3	0	0
8	Bg4	4	0	5
9	h3	2	0	1
8	h6	1	0	2
9	dxe5	1	0	2
7	c3	8	1	11
8	Be7	2	1	2
9	d4	2	1	2
10	exd4	2	0	1
11	cxd4	2	0	1
8	Bg4	3	0	2
9	O-O	2	0	2
8	Be6	2	0	2
9	Bxe6	1	0	2
10	fxe6	1	0	2
8	h6	1	0	2
7	h3	7	0	12
8	h6	3	0	3
9	Nc3	2	0	2
8	Nf6	2	0	3
9	d3	1	0	3
8	Be6	0	0	3
7	d3	8	1	8
8	Bg4	2	0	5
9	h3	1	0	2
8	Be7	2	0	2
8	Be6	1	1	1
7	Nc3	8	0	8
8	Bg4	2	0	4
9	h3	1	0	2
10	Bxf3	1	0	2
11	Qxf3	1	0	2
12	Nf6	1	0	2
8	Nf6	2	0	1
6	f5	38	4	44
7	d3	18	1	18
8	Nf6	11	1	7
9	Bg5	4	0	4
10	Be7	3	0	2
11	Nc3	1	0	2
9	Ng5	5	0	1
10	d5	4	0	0
11	exd5	4	0	0
8	Bc5	6	0	6
9	Nc3	2	0	1
9	Ng5	1	0	2
10	f4	1	0	2
8	h6	1	0	2
7	exf5	10	1	12
8	e4	7	1	10
9	Ng1	3	0	4
10	Nf6	1	0	4
11	d3	0	0	3
12	d5	0	0	3
9	Qe2	2	0	3
10	Qe7	2	0	3
11	Ng1	1	0	3
12	Nf6	1	0	3
9	Nd4	1	0	3
8	d5	2	0	2
9	Bb3	2	0	1
7	d4	7	0	9
8	exd4	2	0	5
9	Nxd4	2	0	2
8	fxe4	3	0	4
9	Nxe5	3	0	1
10	d5	2	0	1
11	Bb5	2	0	1
7	Nc3	3	0	3
8	Nf6	2	0	1
8	fxe4	1	0	2
9	Nxe4	1	0	2
10	d5	1	0	2
7	Bxg8	0	2	1
8	Rxg8	0	2	1
6	Nd4	34	7	40
7	Nxd4	11	3	16
8	exd4	11	3	16
9	d3	5	0	6
10	h6	3	0	1
10	d6	0	0	3
9	O-O	2	1	4
10	d6	1	0	4
11	d3	1	0	3
9	Qf3	0	1	4
10	Qf6	0	1	2
9	c3	2	0	2
10	dxc3	1	0	2
11	Nxc3	1	0	2
7	Nxe5	4	1	8
8	Qg5	4	1	8
9	Bxf7+	2	1	4
10	Ke7	1	0	4
7	O-O	5	1	6
8	Nxf3+	2	1	3
9	Qxf3	2	1	3
10	Nf6	2	1	1
11	d3	2	1	1
12	d6	2	0	1
13	Bg5	2	0	1
14	Be7	2	0	1
15	Nc3	2	0	1
7	c3	6	1	5
8	Nxf3+	4	1	3
9	Qxf3	4	1	3
10	Qf6	3	1	2
8	Nc6	2	0	2
9	d4	1	0	2
10	exd4	1	0	2
11	cxd4	1	0	2
7	d3	4	1	2
7	Bxf7+	4	0	1
8	Kxf7	4	0	1
9	Nxe5+	4	0	1
10	Ke8	4	0	0
11	Qh5+	3	0	0
6	Be7	37	2	37
7	O-O	13	1	10
8	Nf6	11	1	8
9	d3	7	0	4
10	O-O	5	0	1
10	d6	1	0	3
11	c3	1	0	2
9	Re1	2	1	1
10	O-O	2	1	1
11	c3	1	1	1
12	d6	1	1	1
7	d4	8	0	12
8	exd4	6	0	10
9	Nxd4	5	0	7
10	Ne5	3	0	1
11	Bb3	3	0	1
12	Nf6	2	0	1
10	Nf6	1	0	3
10	d6	1	0	2
9	c3	1	0	2
8	d6	2	0	2
7	c3	9	1	6
8	Nf6	8	1	5
9	d3	4	1	1
10	O-O	3	1	0
9	d4	2	0	3
7	d3	4	0	5
8	Nf6	3	0	4
7	Nc3	3	0	4
8	Nf6	2	0	3
9	d3	1	0	3
10	O-O	1	0	3
6	a6	4	0	10
7	d3	2	0	2
7	a3	0	0	3
7	d4	2	0	1
6	f6	8	0	5
7	d4	3	0	1
7	O-O	2	0	1
7	c3	2	0	1
6	Bd6	5	0	2
7	c3	2	0	1
6	d5	5	0	2
7	exd5	5	0	1
8	Na5	3	0	0
9	Bb5+	3	0	0
6	Qf6	2	1	3
6	g6	2	1	2
7	d4	1	1	1
6	Nh6	1	0	2
5	Bb5	537	74	467
6	a6	143	13	125
7	Ba4	95	6	79
8	Nf6	46	3	42
9	O-O	33	3	27
10	b5	16	2	8
11	Bb3	16	2	8
12	Be7	9	1	4
13	Re1	5	1	2
14	O-O	2	1	2
15	a4	1	1	1
14	d6	3	0	0
15	c3	3	0	0
12	Bc5	3	0	4
13	c3	2	0	2
14	d6	2	0	1
15	d4	2	0	1
13	Re1	1	0	2
10	Be7	10	1	9
11	Re1	7	0	8
12	b5	7	0	7
13	Bb3	7	0	7
14	O-O	2	0	5
15	c3	1	0	4
16	d6	0	0	3
14	d6	5	0	1
15	c3	4	0	1
10	Bc5	3	0	5
11	Re1	1	0	3
11	c3	2	0	2
12	d6	2	0	1
10	d6	3	0	2
10	Nxe4	1	0	2
9	d3	11	0	6
10	b5	8	0	3
11	Bb3	8	0	3
12	Be7	5	0	2
13	c3	2	0	1
14	O-O	2	0	1
12	Bc5	3	0	1
10	d6	1	0	2
9	Nc3	1	0	3
10	b5	1	0	2
11	Bb3	1	0	2
9	d4	1	0	3
10	exd4	1	0	2
8	b5	28	0	19
9	Bb3	28	0	19
10	Nf6	10	0	6
11	O-O	6	0	1
12	Bc5	4	0	0
11	d3	3	0	3
12	Bc5	1	0	3
10	Bc5	7	0	3
11	O-O	3	0	1
12	Nf6	2	0	1
11	c3	2	0	2
10	d6	3	0	4
10	Be7	3	0	1
10	Bb7	2	0	1
10	h6	2	0	1
8	d6	11	2	9
9	c3	3	0	4
10	f5	1	0	2
9	O-O	3	0	3
9	d4	3	0	2
10	b5	2	0	2
11	Bb3	2	0	2
9	h3	2	1	0
8	Bc5	7	1	6
9	O-O	4	1	4
10	Nf6	2	1	1
8	Be7	2	0	2
7	Bxc6	43	7	45
8	dxc6	36	6	38
9	O-O	9	4	13
10	Bd6	5	0	5
11	d4	2	0	3
12	exd4	1	0	2
10	Bg4	1	3	4
11	h3	0	3	3
12	Bxf3	0	2	1
13	Qxf3	0	2	1
10	Nf6	1	0	2
9	Nxe5	8	1	12
10	Qd4	5	1	11
11	Nf3	3	1	5
12	Qxe4+	3	1	5
13	Qe2	3	1	5
14	Qxe2+	3	1	5
15	Kxe2	3	1	5
16	Bg4	3	0	2
17	h3	3	0	0
11	Nd3	0	0	3
12	Qxe4+	0	0	3
13	Qe2	0	0	3
11	Qh5	2	0	1
9	d3	7	0	3
10	Bd6	3	0	1
9	Nc3	6	0	3
10	Bd6	3	0	1
10	f6	2	0	1
9	d4	3	0	3
10	exd4	3	0	2
11	Qxd4	3	0	1
12	Qxd4	2	0	1
13	Nxd4	2	0	1
9	h3	2	1	2
10	Bd6	1	1	1
11	O-O	1	1	1
8	bxc6	7	1	7
9	Nxe5	2	0	2
9	Nc3	2	0	1
9	O-O	1	0	2
10	d6	1	0	2
7	Bc4	5	0	0
6	d6	140	14	112
7	d4	32	4	30
8	exd4	16	2	16
9	Nxd4	16	2	15
10	Bd7	16	2	13
11	Nc3	6	0	3
12	Nxd4	2	0	2
13	Bxd7+	2	0	2
14	Qxd7	2	0	2
15	Qxd4	2	0	2
11	Nxc6	3	1	4
12	bxc6	2	1	3
13	Ba4	1	0	2
11	Bxc6	2	1	4
12	Bxc6	1	1	2
13	Nxc6	1	1	1
14	bxc6	1	1	1
12	bxc6	1	0	2
11	O-O	4	0	2
12	Nxd4	2	0	1
13	Bxd7+	2	0	1
14	Qxd7	2	0	1
15	Qxd4	2	0	1
8	Bd7	12	1	6
9	Nc3	3	0	2
9	dxe5	2	0	2
10	Nxe5	1	0	2
11	Bxd7+	1	0	2
9	Bxc6	2	0	1
10	Bxc6	2	0	1
9	O-O	2	1	0
8	a6	3	1	5
9	Bxc6+	2	1	2
10	bxc6	2	1	2
11	dxe5	2	1	2
9	Ba4	1	0	3
10	b5	1	0	2
7	O-O	27	3	26
8	Bd7	14	2	10
9	c3	6	0	5
10	a6	4	0	2
11	Ba4	4	0	2
12	b5	3	0	1
13	Bc2	3	0	0
10	Nf6	2	0	1
9	Re1	3	2	1
10	Nf6	2	1	1
11	c3	2	1	1
9	d4	2	0	1
8	Bg4	4	0	5
9	c3	2	0	3
9	h3	1	0	2
8	Nf6	4	1	4
9	Re1	1	0	4
10	Be7	1	0	3
11	c3	0	0	3
8	a6	1	0	2
8	h6	1	0	2
7	Bxc6+	34	3	17
8	bxc6	34	3	17
9	O-O	12	2	8
10	Nf6	5	1	3
11	Nc3	2	1	2
12	Be7	1	1	1
10	Ba6	3	0	2
11	Re1	2	0	2
12	Nf6	1	0	2
10	Be7	1	0	2
9	d4	8	1	3
10	exd4	6	1	2
11	Nxd4	3	0	2
11	Qxd4	2	1	0
9	h3	7	0	4
10	Nf6	5	0	2
11	Nc3	3	0	0
11	d3	1	0	2
9	Nc3	3	0	0
9	d3	2	0	1
7	c3	21	0	14
8	Bd7	6	0	4
9	d4	3	0	2
9	O-O	3	0	1
8	Nf6	8	0	2
9	d4	4	0	0
9	d3	2	0	1
8	a6	3	0	5
9	Ba4	3	0	3
10	b5	2	0	3
11	Bb3	2	0	1
8	Bg4	2	0	2
9	d4	1	0	2
7	h3	15	2	9
8	Bd7	6	1	5
9	O-O	2	0	4
10	Nf6	1	0	2
11	Re1	1	0	2
12	Be7	1	0	2
13	c3	1	0	2
9	c3	2	0	1
8	a6	4	1	1
9	Ba4	2	1	1
8	Nf6	2	0	2
7	Nc3	4	0	11
8	Nf6	2	0	5
9	d3	1	0	2
9	d4	1	0	2
8	Bd7	1	0	3
7	d3	4	1	3
8	Bd7	3	0	0
7	c4	2	0	1
6	Nf6	88	18	76
7	O-O	40	12	24
8	Nxe4	10	6	8
9	Re1	5	3	5
10	Nd6	2	3	5
11	Nxe5	1	3	3
12	Be7	0	2	2
13	Bf1	0	2	2
14	Nxe5	0	2	1
15	Rxe5	0	2	1
16	O-O	0	2	1
17	d4	0	2	1
12	Nxe5	1	1	1
11	Bxc6	1	0	2
12	dxc6	1	0	2
9	d4	4	3	2
10	exd4	3	1	1
11	Re1	3	1	1
12	d5	3	0	0
13	Nxd4	3	0	0
14	Bd7	3	0	0
10	Nd6	1	1	1
11	Bxc6	1	1	1
12	dxc6	1	1	1
13	dxe5	1	1	1
14	Nf5	1	1	1
15	Qxd8+	1	1	1
16	Kxd8	1	1	1
8	Bc5	11	3	7
9	c3	3	2	4
10	O-O	1	1	3
11	d4	1	0	3
9	Nxe5	2	1	1
10	Nxe5	2	0	1
11	d4	2	0	1
9	Re1	3	0	1
8	d6	6	1	4
9	d4	4	0	0
9	Re1	1	0	2
8	a6	8	0	0
9	Ba4	6	0	0
10	b5	4	0	0
11	Bb3	4	0	0
12	Bc5	3	0	0
8	Be7	1	2	0
7	d3	17	4	20
8	Bc5	7	4	6
9	O-O	4	0	2
10	d6	4	0	2
11	c3	3	0	1
9	Bxc6	1	2	2
10	dxc6	1	2	2
11	O-O	1	2	1
12	Nd7	1	2	0
13	Nbd2	1	2	0
9	c3	2	0	1
8	d6	5	0	7
9	c3	1	0	4
10	Bd7	0	0	3
9	Nc3	1	0	2
10	Bd7	1	0	2
8	a6	1	0	3
9	Ba4	1	0	2
7	Bxc6	21	1	15
8	dxc6	15	1	12
9	d3	6	0	4
10	Bd6	3	0	2
11	O-O	1	0	2
10	Bc5	2	0	2
9	Nxe5	5	1	3
10	Nxe4	3	0	1
11	Qe2	3	0	1
10	Qd4	1	1	1
9	Nc3	3	0	3
10	Bd6	2	0	2
9	O-O	1	0	2
8	bxc6	6	0	3
9	Nxe5	2	0	1
9	d3	2	0	1
7	Nc3	8	1	13
8	Bc5	1	0	6
8	Bb4	0	0	5
9	d3	0	0	3
8	a6	4	0	0
9	Bxc6	3	0	0
10	dxc6	3	0	0
8	Nd4	1	1	1
6	Bc5	56	13	50
7	O-O	14	4	21
8	d6	8	3	8
9	c3	5	2	5
10	Nf6	2	0	1
10	a6	0	1	2
9	h3	2	0	1
8	Nf6	3	1	4
8	Nge7	2	0	5
9	c3	1	0	3
10	a6	1	0	2
9	Re1	1	0	2
8	a6	1	0	2
7	Bxc6	21	5	11
8	dxc6	11	5	10
9	O-O	6	1	2
10	Bg4	2	0	2
11	d3	2	0	1
9	Nxe5	1	4	3
10	Qd4	1	2	3
11	Nd3	1	2	3
12	Qxe4+	0	1	3
13	Qe2	0	0	3
14	Qxe2+	0	0	3
15	Kxe2	0	0	3
9	Nc3	3	0	1
9	h3	1	0	2
10	Nf6	1	0	2
8	bxc6	10	0	1
9	Nxe5	7	0	0
9	O-O	2	0	1
7	c3	14	3	11
8	Nf6	6	1	5
9	d3	3	0	1
9	d4	1	0	3
10	exd4	0	0	3
11	cxd4	0	0	3
12	Bb4+	0	0	3
9	O-O	1	1	1
8	d6	4	1	3
9	d4	1	1	2
10	exd4	1	1	2
11	cxd4	1	1	2
12	Bb4+	1	1	2
8	a6	2	1	0
9	Ba4	2	1	0
10	b5	2	1	0
11	Bc2	2	1	0
7	d3	5	0	3
8	d6	3	0	1
7	Nc3	2	0	3
8	d6	0	0	3
6	Nge7	36	8	35
7	O-O	13	4	16
8	a6	5	2	6
9	Ba4	2	1	4
10	b5	1	0	2
11	Bb3	1	0	2
9	Bc4	2	0	1
8	d6	4	2	4
9	d4	3	1	1
10	exd4	2	1	0
11	Nxd4	2	1	0
12	Bd7	2	1	0
8	g6	3	0	4
7	c3	7	2	4
8	a6	3	0	3
9	Ba4	3	0	2
10	d6	2	0	1
8	d6	2	0	1
7	Nc3	6	0	5
8	a6	1	0	4
9	Bxc6	0	0	3
8	g6	2	0	1
7	d4	2	1	4
8	exd4	2	1	2
9	Nxd4	0	1	2
10	Nxd4	0	1	2
11	Qxd4	0	1	2
7	Bxc6	3	0	3
8	Nxc6	3	0	3
9	d4	2	0	1
10	exd4	2	0	1
11	Nxd4	2	0	1
7	d3	3	1	2
6	Nd4	30	4	31
7	Nxd4	27	4	28
8	exd4	27	4	28
9	O-O	11	1	12
10	Bc5	3	1	4
11	d3	2	1	1
12	h6	1	1	1
10	c6	3	0	4
11	Bc4	3	0	4
12	d5	3	0	1
13	exd5	3	0	1
14	cxd5	3	0	1
10	Qg5	1	0	2
9	c3	6	3	6
10	c6	3	1	1
11	Bc4	3	0	1
10	dxc3	1	2	2
11	Nxc3	1	1	1
9	d3	6	0	5
10	a6	1	0	2
10	c6	3	0	0
7	Bc4	2	0	2
6	Bd6	9	1	11
7	O-O	4	0	4
8	Nf6	3	0	3
9	Re1	1	0	2
7	Bxc6	3	1	2
8	bxc6	2	0	1
8	dxc6	1	1	1
7	c3	0	0	3
6	Qf6	9	2	7
7	O-O	3	1	3
8	Bc5	2	1	1
9	c3	1	1	1
7	c3	3	1	1
7	Nc3	2	0	1
6	f5	8	0	9
7	d3	4	0	4
8	fxe4	3	0	0
9	dxe4	3	0	0
7	Bxc6	3	0	1
8	dxc6	2	0	1
7	Nc3	1	0	2
6	f6	9	0	4
7	O-O	4	0	1
7	Bxc6	4	0	0
6	h6	2	0	3
6	Qe7	3	0	1
6	g6	1	1	2
7	O-O	1	1	2
8	Bg7	1	1	2
9	c3	1	1	1
5	d4	522	54	430
6	exd4	422	41	347
7	Nxd4	241	25	181
8	Nxd4	95	8	64
9	Qxd4	94	8	64
10	d6	39	3	32
11	Nc3	22	0	14
12	Nf6	8	0	6
13	Bg5	7	0	0
14	Be7	7	0	0
15	O-O-O	5	0	0
16	O-O	5	0	0
17	e5	4	0	0
12	Be6	8	0	0
13	Bc4	3	0	0
12	c5	4	0	3
11	Bc4	11	1	13
12	Nf6	3	0	11
13	O-O	1	0	4
14	Be7	1	0	4
15	Nc3	1	0	2
16	O-O	1	0	2
13	Bg5	2	0	1
14	Be7	2	0	1
13	Nc3	0	0	3
14	Be7	0	0	3
13	e5	0	0	3
12	Be6	3	1	1
12	Qf6	3	0	0
11	Bb5+	2	1	1
12	Bd7	1	1	1
11	Be3	1	0	2
10	Nf6	16	1	6
11	Nc3	6	1	3
11	e5	5	0	2
12	Qe7	1	0	2
11	Bg5	2	0	1
10	c5	7	3	10
11	Qe5+	2	1	3
12	Qe7	2	1	3
13	Qxe7+	0	0	3
11	Qd1	2	0	2
11	Qc3	0	0	3
11	Qd3	1	1	1
10	Qf6	8	1	10
11	e5	6	0	2
12	Qb6	6	0	0
13	Be3	3	0	0
13	Qxb6	3	0	0
14	axb6	3	0	0
11	Be3	0	1	4
12	Qxd4	0	0	3
13	Bxd4	0	0	3
10	b6	7	0	2
11	Nc3	4	0	0
10	Ne7	7	0	0
11	Nc3	4	0	0
12	Nc6	3	0	0
10	Qe7	4	0	1
11	Nc3	2	0	1
8	Bc5	60	4	44
9	Nxc6	28	1	21
10	bxc6	14	1	15
11	Nc3	3	1	7
12	Nf6	1	0	4
11	Bc4	6	0	3
12	d6	4	0	0
13	O-O	4	0	0
11	Bd3	3	0	2
10	Qf6	12	0	6
11	Be3	2	0	2
12	Bxe3	1	0	2
13	fxe3	1	0	2
11	Qe2	4	0	0
12	dxc6	3	0	0
11	Qf3	2	0	2
11	Qd2	2	0	1
9	Be3	21	2	17
10	Qf6	9	0	10
11	c3	7	0	8
12	d6	2	0	5
13	Bb5	1	0	2
14	Ne7	1	0	2
13	Bc4	1	0	2
12	Nge7	3	0	2
13	Be2	1	0	2
10	Bb6	3	0	2
11	Nxc6	1	0	2
12	bxc6	1	0	2
13	Bxb6	1	0	2
14	cxb6	1	0	2
10	Nxd4	3	0	2
11	Bxd4	3	0	2
12	Bxd4	3	0	2
13	Qxd4	3	0	2
14	Qf6	1	0	2
10	Nf6	2	1	0
10	Qe7	1	0	2
9	Nb3	8	1	4
10	Bb6	6	1	3
11	Nc3	5	0	2
12	Nf6	1	0	2
13	Bg5	1	0	2
9	c3	2	0	2
8	Nf6	34	6	33
9	Nxc6	22	4	20
10	bxc6	20	3	18
11	e5	7	2	5
12	Qe7	4	1	4
13	Qe2	4	1	4
14	Nd5	4	1	4
15	c4	3	1	3
16	Ba6	2	0	3
17	Qe4	1	0	2
12	Nd5	3	1	1
11	Nc3	4	0	7
12	Bb4	2	0	5
13	Bd3	1	0	4
11	Bd3	4	0	3
12	Bc5	3	0	1
13	O-O	2	0	1
11	Bg5	3	0	2
12	Be7	2	0	1
10	dxc6	2	1	2
11	Qxd8+	1	1	1
12	Kxd8	1	1	1
9	Nc3	12	2	9
10	Bb4	7	1	5
11	Nxc6	6	1	3
12	bxc6	4	1	2
13	Bd3	4	1	1
14	O-O	2	1	1
10	d6	1	1	3
8	d6	10	4	12
9	Nc3	5	3	1
10	Nf6	2	3	0
11	Bc4	1	2	0
9	Bb5	1	0	5
10	Bd7	1	0	5
9	Nxc6	3	1	2
10	bxc6	3	1	2
8	Ne5	8	0	8
9	Bf4	4	0	2
10	d6	2	0	1
9	f4	3	0	3
10	Ng6	2	0	3
8	Qf6	7	0	8
9	Be3	2	0	5
10	Bc5	2	0	4
11	c3	2	0	4
12	Nge7	1	0	2
9	Nxc6	4	0	2
10	Qxc6	3	0	1
8	Nge7	7	0	3
9	Nxc6	5	0	0
10	Nxc6	5	0	0
9	Bc4	1	0	2
8	Qh4	5	3	2
9	Nc3	2	1	1
10	Bb4	2	1	1
9	Nxc6	2	1	0
10	Qxe4+	2	1	0
11	Qe2	2	1	0
12	Qxe2+	2	1	0
13	Bxe2	2	1	0
14	dxc6	2	1	0
8	Be7	5	0	2
9	Nxc6	3	0	1
10	dxc6	3	0	1
8	Bb4+	3	0	3
9	c3	2	0	3
10	Bc5	2	0	2
11	Be3	1	0	2
8	d5	5	0	1
9	Nxc6	4	0	0
10	bxc6	4	0	0
7	Bc4	118	14	109
8	Nf6	25	2	29
9	e5	18	1	21
10	d5	10	1	15
11	Bb5	8	1	10
12	Ne4	5	1	8
13	Nxd4	3	1	4
14	Bc5	2	1	1
14	Bd7	1	0	2
15	Bxc6	1	0	2
16	bxc6	1	0	2
13	O-O	2	0	2
12	Nd7	1	0	2
11	exd6	2	0	1
11	exf6	0	0	3
12	dxc4	0	0	3
10	Ng4	3	0	2
10	Ne4	1	0	3
9	O-O	6	1	6
10	Nxe4	3	0	2
11	Re1	2	0	2
12	d5	2	0	2
13	Bxd5	2	0	2
14	Qxd5	2	0	2
15	Nc3	2	0	2
10	Bc5	1	0	2
8	h6	24	5	23
9	O-O	10	4	13
10	Bc5	7	3	3
11	c3	7	3	3
12	dxc3	4	1	3
13	Bxf7+	4	1	3
14	Kf8	2	0	2
14	Kxf7	2	1	1
15	Qd5+	2	1	1
16	Ke8	1	1	1
17	Qh5+	1	1	1
18	Kf8	1	1	1
19	Qxc5+	1	1	1
12	d3	1	2	0
10	Nf6	0	0	6
11	e5	0	0	5
10	d6	2	0	3
11	Nxd4	1	0	3
9	c3	4	0	8
10	dxc3	1	0	5
11	O-O	1	0	4
9	Nxd4	9	1	1
10	Nxd4	6	0	0
11	Qxd4	6	0	0
12	d6	4	0	0
8	Bc5	19	2	14
9	c3	17	1	11
10	dxc3	6	0	2
11	Bxf7+	5	0	2
12	Kxf7	2	0	2
13	Qd5+	2	0	2
14	Ke8	2	0	1
12	Kf8	3	0	0
10	Nf6	1	1	5
11	e5	1	1	2
10	d6	4	0	3
11	cxd4	2	0	3
12	Bb4+	1	0	2
13	Nc3	1	0	2
14	Bg4	1	0	2
10	Qe7	3	0	0
11	O-O	3	0	0
12	dxc3	3	0	0
13	Nxc3	3	0	0
9	Ng5	2	1	2
8	Bb4+	17	0	13
9	c3	16	0	13
10	dxc3	16	0	13
11	bxc3	8	0	8
12	Ba5	5	0	7
13	O-O	3	0	6
14	Bb6	0	0	3
14	Nge7	2	0	1
12	Bc5	2	0	1
11	O-O	6	0	1
12	cxb2	2	0	1
13	Bxb2	2	0	1
11	Nxc3	2	0	3
12	Bxc3+	2	0	1
13	bxc3	2	0	1
8	d6	10	2	13
9	Nxd4	5	2	5
10	Nxd4	3	2	3
11	Qxd4	3	2	3
12	Nf6	1	2	1
13	O-O	1	1	1
9	O-O	2	0	4
9	c3	2	0	3
8	Be7	11	1	6
9	O-O	5	0	2
10	d6	4	0	2
11	Nxd4	3	0	1
9	c3	3	0	3
9	Nxd4	3	1	1
8	Qe7	7	0	2
9	O-O	7	0	2
10	Nf6	3	0	0
10	d6	2	0	1
8	Qf6	1	1	4
9	O-O	1	1	2
8	Na5	0	1	3
9	Qxd4	0	1	3
10	Nxc4	0	1	3
11	Qxc4	0	1	3
7	Ng5	40	1	35
8	h6	16	0	7
9	Nxf7	16	0	7
10	Kxf7	16	0	7
11	Bc4+	15	0	7
12	d5	5	0	6
13	Bxd5+	4	0	3
14	Be6	3	0	2
15	Qh5+	2	0	1
16	g6	2	0	1
17	Bxe6+	2	0	1
18	Kxe6	2	0	1
19	Qxg6+	2	0	1
13	exd5	1	0	3
12	Ke8	10	0	0
13	Qh5+	10	0	0
14	Ke7	9	0	0
15	Qf7+	9	0	0
16	Kd6	9	0	0
17	Bf4+	8	0	0
18	Kc5	4	0	0
19	Qd5+	4	0	0
20	Kb6	3	0	0
21	Qb5#	3	0	0
18	Ne5	4	0	0
19	Qd5+	3	0	0
20	Ke7	3	0	0
21	Qxe5#	3	0	0
8	Qf6	3	0	9
9	Bc4	3	0	9
10	Nh6	2	0	4
11	O-O	2	0	2
10	Ne5	0	0	4
11	Qxd4	0	0	3
8	Be7	3	0	7
9	Nxf7	2	0	5
10	Kxf7	2	0	5
11	Bc4+	2	0	4
12	Kf8	0	0	3
8	Nf6	5	1	3
9	Bc4	4	1	1
10	Ne5	2	1	0
11	Qxd4	2	1	0
12	Nxc4	2	1	0
13	Qxc4	2	1	0
10	d5	2	0	1
11	exd5	2	0	1
8	Bb4+	0	0	4
9	c3	0	0	4
10	dxc3	0	0	4
8	Nh6	4	0	0
9	Bc4	4	0	0
8	Qe7	2	0	1
9	Bc4	2	0	1
8	d6	2	0	1
7	c3	23	1	20
8	dxc3	20	1	10
9	Nxc3	12	0	9
10	Bb4	7	0	2
11	Bc4	6	0	2
10	d6	4	0	3
11	Bc4	3	0	3
9	Bc4	8	1	1
10	cxb2	3	0	0
11	Bxb2	3	0	0
8	Bc5	0	0	3
8	Nf6	1	0	2
6	d6	35	7	27
7	d5	13	1	11
8	Nce7	10	1	7
9	Nc3	5	0	3
10	Nf6	2	0	1
9	c4	4	0	1
9	Bb5+	1	1	1
8	Nb8	1	0	3
7	dxe5	14	3	5
8	dxe5	5	2	4
9	Qxd8+	5	2	4
10	Kxd8	3	2	4
11	Bb5	1	0	2
8	Bg4	4	0	1
9	exd6	4	0	1
10	Bxd6	3	0	0
8	Nxe5	4	1	0
9	Nxe5	4	1	0
10	dxe5	4	1	0
11	Qxd8+	4	1	0
12	Kxd8	4	1	0
7	Bc4	3	1	9
8	Bg4	1	0	3
8	Nf6	1	1	1
7	Bb5	2	1	2
8	Bd7	1	0	2
6	Bd6	17	1	14
7	d5	10	0	8
8	Nce7	9	0	7
9	Bg5	3	0	2
10	h6	3	0	1
11	Bh4	3	0	1
9	Nc3	1	0	2
7	dxe5	4	0	2
8	Nxe5	4	0	1
9	Nxe5	3	0	1
10	Bxe5	3	0	1
7	Bc4	1	1	3
8	h6	0	1	3
6	d5	8	1	15
7	exd5	5	0	5
8	Qxd5	4	0	3
9	Nc3	3	0	3
10	Bb4	1	0	2
11	Bd2	1	0	2
12	Bxc3	1	0	2
13	Bxc3	1	0	2
7	Nxe5	3	0	4
8	dxe4	2	0	2
9	Nxc6	1	0	2
10	bxc6	1	0	2
8	Nxe5	1	0	2
9	dxe5	1	0	2
7	dxe5	0	1	4
6	Nxd4	14	0	4
7	Nxd4	11	0	4
8	exd4	11	0	4
9	Qxd4	11	0	4
10	d6	6	0	2
11	Nc3	3	0	1
11	Bc4	3	0	0
12	Nf6	3	0	0
10	c5	2	0	1
6	Nf6	8	1	8
7	dxe5	4	0	2
8	Nxe4	4	0	1
7	d5	2	1	2
8	Nd4	1	0	2
6	f6	7	2	4
7	dxe5	3	2	1
8	fxe5	1	2	1
7	Bc4	4	0	0
8	Nge7	3	0	0
7	d5	0	0	3
6	Bb4+	4	0	3
7	c3	4	0	3
8	Ba5	1	0	2
8	Bd6	2	0	1
6	Qf6	2	1	2
6	h6	2	0	2
6	f5	2	0	1
5	Nc3	196	23	176
6	Nf6	86	15	87
7	Bc4	32	4	22
8	Bc5	19	2	5
9	O-O	6	0	2
10	d6	3	0	1
10	O-O	2	0	1
9	d3	6	1	1
10	d6	3	0	1
10	O-O	3	0	0
9	h3	4	0	0
8	h6	2	2	5
9	d3	1	1	4
8	Be7	4	0	4
9	d3	3	0	1
10	O-O	3	0	0
8	Bb4	4	0	3
9	d3	2	0	1
8	Nxe4	1	0	4
9	Bxf7+	1	0	3
10	Kxf7	1	0	3
11	Nxe4	1	0	3
12	d5	1	0	3
7	d4	25	5	24
8	exd4	20	4	20
9	Nxd4	19	4	19
10	Nxd4	7	3	6
11	Qxd4	7	3	6
12	d6	2	1	4
12	c5	2	0	1
13	Qe5+	2	0	1
10	Bb4	5	0	5
11	Nxc6	4	0	5
12	bxc6	4	0	5
13	Bd3	4	0	3
14	O-O	3	0	1
15	O-O	2	0	1
10	Bc5	2	1	4
11	Be3	1	0	3
11	Nxc6	1	1	1
10	Ne5	3	0	1
10	d6	1	0	2
8	Bb4	2	0	2
8	d6	2	0	2
7	Bb5	15	3	19
8	d6	5	1	7
9	d4	3	0	3
10	exd4	0	0	3
11	Nxd4	0	0	3
12	Bd7	0	0	3
8	Bb4	2	0	3
9	d3	2	0	1
10	d6	2	0	1
8	Bc5	1	1	3
9	O-O	1	0	2
10	d6	1	0	2
8	a6	2	0	3
9	Bxc6	2	0	2
10	dxc6	1	0	2
8	Bd6	3	0	0
8	Nd4	1	0	2
7	a3	3	1	9
8	Bc5	2	1	4
9	h3	2	0	1
10	d6	2	0	1
8	d5	0	0	3
7	d3	4	2	6
8	Bb4	1	0	2
9	Bd2	1	0	2
8	Be7	0	0	3
7	Nxe5	4	0	2
8	Nxe5	4	0	1
9	d4	4	0	1
10	Ng6	4	0	1
11	e5	4	0	1
12	Ng8	3	0	1
13	Bc4	3	0	0
7	Be2	0	0	3
6	Bc5	52	7	44
7	Nxe5	17	6	10
8	Bxf2+	6	1	9
9	Kxf2	6	1	9
10	Nxe5	6	1	9
11	d4	5	1	6
12	Ng6	4	1	3
13	Be2	1	1	1
11	Be2	1	0	2
8	Nxe5	9	5	1
9	d4	9	5	1
10	Bxd4	3	3	1
11	Qxd4	3	3	1
12	d6	1	3	0
10	Bb4	3	1	0
11	dxe5	3	1	0
12	Bxc3+	3	0	0
13	bxc3	3	0	0
14	Qe7	3	0	0
7	Bc4	14	0	18
8	Nf6	6	0	6
9	d3	2	0	5
10	O-O	2	0	2
8	d6	3	0	7
9	d3	1	0	5
10	Bg4	0	0	3
11	h3	0	0	3
12	Bh5	0	0	3
13	g4	0	0	3
14	Bg6	0	0	3
8	h6	3	0	5
9	d3	3	0	2
10	Nf6	1	0	2
7	Bb5	8	0	6
8	d6	1	0	4
9	Bxc6+	1	0	2
10	bxc6	1	0	2
8	Nge7	3	0	1
7	Be2	5	0	3
8	Nf6	4	0	2
9	O-O	4	0	1
10	d6	2	0	1
7	a3	3	0	1
7	d3	2	0	2
8	d6	1	0	2
7	Na4	1	0	2
6	d6	21	0	16
7	d4	9	0	6
8	exd4	5	0	6
9	Nxd4	5	0	6
10	Nxd4	2	0	3
11	Qxd4	2	0	3
12	Nf6	2	0	1
10	Bd7	2	0	2
7	Bb5	4	0	3
8	Bd7	3	0	1
7	Bc4	1	0	4
7	d3	3	0	1
7	h3	2	0	2
6	Bb4	20	0	13
7	Bb5	5	0	2
7	Bc4	2	0	5
8	Nf6	0	0	3
9	d3	0	0	3
7	Nd5	5	0	2
8	Bc5	2	0	1
7	a3	4	0	1
8	Bxc3	3	0	1
9	dxc3	2	0	1
10	Nf6	2	0	1
7	d3	0	0	3
7	d4	3	0	0
6	f5	3	0	7
7	exf5	1	0	3
6	a6	4	0	5
7	Bc4	3	0	1
6	h6	3	1	3
6	Be7	3	0	1
7	d4	3	0	1
5	c3	100	15	117
6	Nf6	37	8	61
7	d4	21	6	27
8	exd4	14	4	15
9	e5	10	3	11
10	Nd5	3	1	2
11	cxd4	2	1	2
12	Bb4+	1	1	1
13	Bd2	1	1	1
10	Ng4	1	1	4
11	cxd4	1	1	4
12	Bb4+	1	0	3
13	Nc3	1	0	3
10	Ng8	3	1	1
11	cxd4	3	1	1
12	Bb4+	2	0	1
13	Nc3	2	0	1
10	Ne4	1	0	3
11	cxd4	1	0	2
10	Qe7	2	0	1
9	cxd4	4	1	4
10	Nxe4	1	0	3
11	d5	1	0	2
10	d6	2	1	0
8	Nxe4	3	2	7
9	d5	2	1	6
10	Bc5	1	0	3
11	Be3	1	0	2
10	Ne7	1	1	1
8	d6	4	0	4
9	d5	2	0	2
10	Ne7	2	0	1
7	d3	12	1	17
8	Bc5	7	0	4
9	Be2	2	0	1
8	d5	5	0	5
9	exd5	3	0	2
10	Nxd5	3	0	1
11	Be2	2	0	1
8	Be7	0	1	4
9	Be2	0	1	2
7	Bd3	1	1	3
8	d5	1	1	1
7	Qc2	1	0	4
8	d6	0	0	3
7	Bb5	0	0	4
7	Bc4	2	0	1
6	Bc5	25	5	23
7	d4	17	2	16
8	exd4	14	2	16
9	cxd4	14	2	16
10	Bb4+	6	0	11
11	Nc3	6	0	7
12	Nf6	4	0	0
13	Bd3	3	0	0
12	d6	0	0	4
12	Bxc3+	1	0	2
13	bxc3	1	0	2
11	Bd2	0	0	4
10	Bb6	8	2	5
11	Nc3	5	0	0
12	d6	4	0	0
11	d5	0	2	3
12	Nce7	0	2	3
13	Be2	0	1	2
7	Bc4	4	0	1
8	h6	2	0	1
7	Be2	0	2	3
8	Nf6	0	2	2
6	d6	16	0	15
7	d4	13	0	9
8	Bg4	6	0	2
8	exd4	4	0	4
9	cxd4	3	0	4
10	Bg4	3	0	1
10	Nf6	0	0	3
7	Bc4	1	0	3
6	d5	8	1	7
7	exd5	4	0	5
8	Qxd5	4	0	5
9	d4	2	0	1
6	f5	7	0	1
7	d4	5	0	1
8	fxe4	5	0	1
9	Nxe5	5	0	1
10	Nxe5	2	0	1
11	dxe5	2	0	1
6	h6	3	0	4
7	d4	2	0	2
6	a6	1	1	3
5	d3	17	0	20
6	Bc5	6	0	6
7	Be3	1	0	2
7	Nc3	1	0	2
6	Nf6	7	0	3
7	Nc3	3	0	1
8	Bb4	2	0	1
9	Bd2	2	0	1
6	h6	1	0	5
6	d5	2	0	1
5	Be2	17	3	13
6	Nf6	5	1	9
7	d3	4	0	5
8	Bc5	2	0	2
9	O-O	2	0	2
10	O-O	2	0	1
7	Nc3	1	1	4
8	Bb4	0	0	3
9	d3	0	0	3
6	Bc5	9	2	3
7	O-O	6	2	2
8	d6	5	2	1
9	c3	1	2	1
5	a3	12	1	8
6	Bc5	6	0	2
6	Nf6	4	0	3
7	Nc3	3	0	1
6	a6	1	1	1
5	b3	7	1	5
6	Nf6	3	0	2
7	d3	1	0	2
6	d6	2	1	0
7	Bb2	2	1	0
5	g3	6	0	7
6	Nf6	3	0	4
7	d3	2	0	2
6	Bc5	1	0	2
7	Bg2	1	0	2
5	h3	5	0	6
6	Nf6	3	0	3
6	Bc5	1	0	2
5	c4	3	1	2
5	Bd3	1	1	1
4	d6	551	54	508
5	Bc4	212	27	223
6	h6	69	9	72
7	O-O	16	2	21
8	Nf6	6	2	10
9	d3	2	1	2
10	Bg4	1	0	2
11	h3	1	0	2
12	Bh5	1	0	2
9	Re1	2	1	1
10	Be7	1	1	1
9	c3	2	0	2
10	Be7	1	0	2
9	Nc3	0	0	3
8	Bg4	2	0	3
9	h3	1	0	2
10	Bh5	1	0	2
8	a6	0	0	4
7	d4	16	1	16
8	exd4	11	0	13
9	Nxd4	7	0	4
10	Nf6	5	0	2
11	Nc3	3	0	2
9	Qxd4	4	0	5
10	Nc6	4	0	4
11	Qc3	2	0	1
7	c3	12	2	13
8	Nf6	1	1	6
9	d3	1	1	1
9	d4	0	0	3
8	c6	4	1	0
8	Qf6	2	0	1
7	Nc3	11	2	9
8	Nf6	4	1	3
9	d3	3	1	2
10	Be7	2	0	1
8	c6	2	0	4
8	a6	3	1	0
7	d3	7	1	8
8	Nf6	5	1	6
9	Nc3	1	0	3
10	c6	1	0	2
9	O-O	1	1	1
7	h3	6	1	4
8	Nf6	5	0	2
9	Nc3	4	0	0
9	d3	1	0	2
10	Be7	1	0	2
6	Be7	42	5	54
7	c3	9	1	15
8	Nf6	8	0	11
9	d3	5	0	5
10	O-O	2	0	2
11	O-O	2	0	1
9	d4	2	0	1
7	O-O	10	0	9
8	Nf6	8	0	8
9	d3	4	0	2
10	O-O	2	0	1
9	Nc3	2	0	1
10	O-O	2	0	1
9	Re1	1	0	2
7	Nc3	5	0	11
8	c6	4	0	5
9	d3	1	0	3
9	d4	2	0	1
8	Nf6	1	0	5
7	d3	7	1	8
8	Nf6	4	0	6
9	O-O	2	0	3
7	d4	5	2	8
8	exd4	4	2	7
9	Qxd4	2	1	5
10	Nf6	2	1	4
11	e5	2	1	0
9	Nxd4	0	1	2
7	h3	5	1	3
8	Nf6	4	0	1
9	d3	3	0	1
6	Bg4	34	6	35
7	h3	11	5	11
8	Bxf3	7	5	4
9	Qxf3	7	5	4
10	Nf6	3	2	3
11	d3	2	0	2
10	Qf6	2	2	1
8	Bh5	4	0	6
9	Nc3	1	0	2
9	g4	1	0	2
10	Bg6	1	0	2
7	d3	8	1	4
7	Nc3	6	0	6
8	Bxf3	2	0	1
9	Qxf3	2	0	1
8	Nc6	1	0	2
9	h3	1	0	2
7	O-O	4	0	8
8	Nf6	1	0	3
7	d4	1	0	4
8	exd4	0	0	3
9	Qxd4	0	0	3
7	c3	3	0	1
6	Nf6	17	2	14
7	d3	9	1	2
8	Be7	4	0	0
8	h6	3	0	1
7	Nc3	3	0	6
8	Be7	1	0	3
7	d4	2	0	5
8	Nxe4	0	0	3
9	dxe5	0	0	3
7	Ng5	2	1	1
6	Be6	12	1	10
7	Bxe6	9	0	3
8	fxe6	9	0	3
9	d4	3	0	3
10	exd4	2	0	2
11	Nxd4	2	0	1
9	Nc3	3	0	0
7	Bb3	1	1	5
6	Nc6	13	0	9
7	c3	5	0	1
7	d4	2	0	3
8	exd4	2	0	1
9	Nxd4	2	0	1
7	d3	3	0	1
7	Nc3	1	0	2
7	O-O	1	0	2
6	c6	11	1	8
7	d4	2	1	2
7	O-O	3	0	1
7	c3	3	0	1
7	Nc3	2	0	1
7	d3	1	0	2
6	Qf6	2	0	8
7	Nc3	1	0	2
8	c6	1	0	2
7	O-O	1	0	2
8	Be7	1	0	2
6	c5	5	1	1
7	O-O	2	1	0
6	f5	1	2	4
7	exf5	0	1	2
8	Bxf5	0	1	2
6	Qe7	3	0	3
7	d3	1	0	2
6	g6	1	0	2
5	d4	177	9	156
6	exd4	96	3	79
7	Nxd4	61	2	56
8	Nf6	15	0	16
9	Nc3	14	0	12
10	Be7	11	0	4
11	Bc4	6	0	1
12	O-O	4	0	1
13	O-O	3	0	0
10	c6	2	0	2
10	a6	1	0	2
9	Bd3	0	0	3
10	Be7	0	0	3
8	Be7	12	0	11
9	Nc3	6	0	3
10	Nf6	3	0	3
9	Bc4	2	0	4
10	Nf6	2	0	3
11	Nc3	2	0	2
8	c5	7	0	13
9	Nf3	2	0	10
10	Bg4	1	0	4
10	Be7	1	0	3
9	Nf5	2	0	1
8	Bd7	7	1	4
9	Bc4	2	1	2
9	Nc3	4	0	1
8	Nc6	4	0	4
9	Nxc6	3	0	1
10	bxc6	3	0	1
8	a6	3	0	1
8	c6	3	1	0
8	g6	2	0	2
9	Nc3	2	0	2
10	Bg7	2	0	2
8	h6	3	0	1
8	Nd7	2	0	1
7	Qxd4	18	0	9
8	Nc6	10	0	7
9	Bb5	7	0	3
10	Bd7	7	0	3
11	Bxc6	6	0	3
12	Bxc6	6	0	2
13	O-O	2	0	2
13	Nc3	3	0	0
9	Qd1	1	0	2
8	h6	2	0	1
7	Bc4	10	0	9
8	Be7	4	0	2
9	c3	1	0	2
8	h6	2	0	3
9	c3	2	0	1
8	c5	2	0	1
7	c3	4	1	4
8	dxc3	4	1	2
9	Nxc3	3	1	2
7	Ng5	3	0	1
8	Be7	2	0	1
6	Bg4	35	2	31
7	dxe5	19	2	14
8	Bxf3	14	2	12
9	Qxf3	11	2	10
10	dxe5	10	2	10
11	Bc4	7	2	8
12	Nf6	4	1	6
13	Bg5	2	1	5
14	Be7	1	0	5
15	Nc3	1	0	3
16	c6	1	0	2
12	Qf6	1	1	1
13	Qb3	1	1	1
11	Nc3	2	0	2
9	gxf3	3	0	2
8	Nd7	2	0	2
9	exd6	2	0	2
10	Bxd6	2	0	2
7	Be2	6	0	7
8	Bxf3	2	0	3
9	Bxf3	2	0	3
10	Nd7	2	0	1
7	d5	4	0	3
8	Bxf3	1	0	2
8	Nf6	3	0	0
9	Nc3	3	0	0
7	Bc4	3	0	3
8	Bxf3	2	0	1
9	Qxf3	2	0	1
7	h3	1	0	3
8	Bxf3	1	0	3
9	Qxf3	1	0	3
6	Nd7	13	2	10
7	dxe5	6	2	0
8	dxe5	6	2	0
9	Bc4	4	0	0
7	Bc4	5	0	2
8	h6	3	0	1
9	dxe5	3	0	0
10	dxe5	3	0	0
7	Nc3	2	0	3
6	Nc6	12	0	6
7	dxe5	4	0	5
8	dxe5	2	0	3
9	Qxd8+	2	0	1
8	Nxe5	1	0	2
9	Nxe5	1	0	2
10	dxe5	1	0	2
11	Qxd8+	1	0	2
12	Kxd8	1	0	2
13	Bc4	1	0	2
7	d5	6	0	0
8	Nce7	4	0	0
7	Bb5	2	0	1
6	f6	6	0	12
7	dxe5	2	0	10
8	fxe5	1	0	6
9	Nc3	0	0	3
8	dxe5	1	0	4
9	Qxd8+	1	0	3
10	Kxd8	1	0	3
11	Bc4	0	0	3
6	Qe7	7	1	9
7	dxe5	4	0	6
8	dxe5	4	0	6
9	Nc3	1	0	4
10	c6	1	0	4
9	Bc4	2	0	1
7	d5	2	1	2
6	Nf6	2	0	5
7	dxe5	1	0	4
8	Nxe4	1	0	3
6	Be6	3	1	0
7	dxe5	2	1	0
6	c6	1	0	2
5	Nc3	61	9	39
6	Bg4	13	3	12
7	h3	6	2	3
8	Bxf3	2	2	2
9	Qxf3	2	2	2
10	Nf6	1	1	2
11	Bc4	1	1	2
12	Be7	1	1	1
8	Bh5	3	0	1
9	g4	2	0	1
10	Bg6	2	0	1
7	Be2	3	0	6
8	Be7	1	0	3
9	h3	1	0	2
7	Bc4	2	1	3
6	c6	15	1	7
7	d4	8	1	2
8	exd4	4	1	1
9	Nxd4	3	1	0
10	Be7	3	0	0
8	Nd7	4	0	0
7	Bc4	5	0	3
6	Nf6	9	2	5
7	Bc4	4	1	1
8	Be7	3	0	1
7	d3	3	0	2
8	Be7	2	0	2
9	Be2	2	0	2
7	d4	2	1	2
8	exd4	1	1	2
9	Nxd4	1	1	2
6	Nc6	8	1	3
7	Bb5	3	0	1
8	Bd7	3	0	1
9	Bxc6	2	0	1
10	Bxc6	2	0	1
7	Bc4	1	1	2
7	d4	3	0	0
8	exd4	3	0	0
9	Nxd4	3	0	0
10	Nxd4	3	0	0
11	Qxd4	3	0	0
6	Be7	8	1	1
7	d4	3	1	1
8	exd4	2	1	1
9	Qxd4	1	1	1
7	Bc4	3	0	0
8	Nf6	3	0	0
6	h6	4	0	3
7	d3	2	0	1
6	g6	0	0	4
6	Be6	0	1	2
5	h3	36	4	41
6	Nf6	13	0	12
7	Nc3	3	0	8
8	Be7	2	0	3
9	Bc4	1	0	2
8	Nc6	0	0	3
7	d3	4	0	2
8	Be7	2	0	1
7	c3	3	0	0
6	Be7	4	2	9
7	Bc4	2	2	3
7	d4	1	0	3
6	h6	7	0	7
7	Bc4	2	0	3
7	Nc3	2	0	2
6	Nc6	3	0	4
7	Bc4	2	0	3
6	Be6	2	0	2
6	a6	2	0	1
7	Nc3	2	0	1
6	c5	1	0	2
6	g6	0	1	2
5	c3	27	0	26
6	Bg4	6	0	9
7	Be2	3	0	6
8	Bxf3	1	0	4
9	Bxf3	1	0	3
7	d4	2	0	2
8	Bxf3	1	0	2
9	Qxf3	1	0	2
6	Nf6	5	0	6
7	Qc2	3	0	1
7	Bd3	2	0	1
7	d4	0	0	3
6	h6	3	0	3
7	d4	2	0	1
6	c6	4	0	1
7	d4	4	0	1
6	Be7	2	0	2
6	Nc6	3	0	1
6	a6	2	0	1
5	Bb5+	8	1	11
6	c6	6	1	8
7	Ba4	5	0	6
8	b5	3	0	2
9	Bb3	3	0	2
7	Bc4	1	1	1
6	Bd7	1	0	2
5	Be2	12	2	4
6	Bg4	5	0	0
7	O-O	3	0	0
6	Be7	4	0	0
7	O-O	3	0	0
5	d3	9	1	4
6	Bg4	4	0	2
7	Be2	4	0	1
6	Be7	2	0	1
5	a3	3	0	1
6	Be7	2	0	1
5	c4	3	1	0
5	g3	2	0	2
4	Nf6	362	31	301
5	Nc3	123	11	117
6	Nc6	49	4	51
7	Bc4	17	2	27
8	Bc5	6	2	9
9	d3	4	1	4
10	O-O	3	0	0
11	Bg5	3	0	0
10	d6	1	1	1
9	O-O	1	1	5
10	O-O	0	1	3
11	d3	0	1	2
12	d6	0	1	2
10	d6	1	0	2
8	Nxe4	5	0	9
9	Bxf7+	1	0	7
10	Kxf7	1	0	7
11	Nxe4	1	0	7
12	d5	1	0	6
13	Neg5+	0	0	3
14	Kg8	0	0	3
13	Ng3	1	0	2
9	Nxe4	3	0	2
10	d5	3	0	2
8	Bb4	1	0	4
8	d6	2	0	2
8	h6	2	0	2
9	d4	2	0	1
10	exd4	2	0	1
11	Nxd4	2	0	1
7	Bb5	9	1	12
8	d6	2	0	7
9	d4	0	0	3
8	Bc5	2	0	2
8	Bb4	2	0	1
8	Nd4	2	0	1
8	a6	1	1	1
7	d4	13	1	6
8	exd4	11	1	3
9	Nxd4	11	1	3
10	Nxd4	7	0	1
11	Qxd4	7	0	1
12	d6	3	0	1
13	Bg5	2	0	1
14	Be7	2	0	1
12	c5	3	0	0
10	Bc5	1	1	1
7	d3	4	0	2
7	Be2	2	0	1
7	Nxe5	1	0	2
7	a3	2	0	1
6	Bc5	45	3	33
7	Bc4	24	1	13
8	d6	7	0	3
9	h3	3	0	1
9	O-O	3	0	0
8	O-O	5	0	4
8	Ng4	5	0	0
9	O-O	4	0	0
8	Nc6	2	1	1
8	c6	0	0	4
7	d4	8	0	9
8	exd4	7	0	9
9	Nxd4	7	0	8
10	d6	3	0	1
10	O-O	1	0	2
10	d5	1	0	2
7	Nxe5	7	1	6
8	Nc6	4	1	4
9	Nxc6	4	0	3
10	dxc6	4	0	3
11	d3	0	0	3
12	Ng4	0	0	3
13	Be3	0	0	3
7	h3	4	1	3
8	d5	2	0	1
6	Bb4	15	4	15
7	d3	6	3	4
8	d6	2	2	0
8	Nc6	1	1	1
9	Bd2	1	1	1
8	O-O	1	0	2
7	Bc4	3	1	5
8	O-O	1	0	4
8	Bxc3	2	1	1
9	dxc3	2	1	0
7	Bd3	0	0	4
8	Bxc3	0	0	4
9	bxc3	0	0	3
7	Nxe5	3	0	0
6	d6	7	0	10
7	Bc4	4	0	5
8	h6	2	0	3
7	d4	2	0	2
7	h3	1	0	2
6	d5	2	0	1
5	Nxe5	108	8	87
6	Nc6	37	1	40
7	Nxc6	30	1	36
8	dxc6	29	1	36
9	d3	10	1	13
10	Bc5	9	1	12
11	Be2	4	1	9
12	h5	0	0	5
11	h3	3	0	0
9	Nc3	8	0	9
10	Bc5	8	0	9
11	Bc4	0	0	5
12	Ng4	0	0	4
11	h3	3	0	1
11	d3	2	0	1
12	Ng4	2	0	1
11	d4	1	0	2
12	Bxd4	1	0	2
9	e5	7	0	6
10	Ng4	5	0	3
11	d4	5	0	1
10	Ne4	2	0	2
9	Bc4	0	0	4
10	Bc5	0	0	4
7	Nf3	3	0	2
8	Nxe4	2	0	1
7	Nxf7	2	0	1
8	Kxf7	2	0	1
9	Bc4+	2	0	1
10	Ke8	2	0	1
11	O-O	2	0	1
7	d4	2	0	1
6	d6	30	5	24
7	Nf3	25	5	22
8	Nxe4	23	5	22
9	Qe2	5	1	10
10	Qe7	5	1	10
11	d3	2	1	7
12	Nf6	2	1	7
13	Bg5	1	1	3
14	Qxe2+	1	1	1
15	Bxe2	1	1	1
16	Be7	1	1	1
13	Qxe7+	0	0	4
14	Bxe7	0	0	4
11	Nc3	2	0	2
12	Nxc3	1	0	2
9	d4	5	2	5
10	d5	5	1	4
11	Bd3	5	1	3
9	Nc3	5	0	2
10	Nxc3	5	0	2
11	dxc3	5	0	2
12	Be7	4	0	2
13	Be3	2	0	1
9	d3	5	1	0
10	Nf6	5	1	0
11	Bg5	3	0	0
9	Bc4	1	1	3
10	d5	1	1	2
11	Bb3	1	1	1
7	Nc4	2	0	1
7	Nd3	3	0	0
6	Qe7	21	0	9
7	d4	10	0	4
8	d6	7	0	3
9	Nf3	6	0	3
10	Nxe4	3	0	3
11	Be2	2	0	1
11	Be3	1	0	2
10	Qxe4+	3	0	0
8	Nxe4	2	0	1
7	Nf3	10	0	3
8	Nxe4	4	0	3
9	Be2	4	0	1
8	Qxe4+	6	0	0
9	Be2	3	0	0
9	Qe2	3	0	0
6	Nxe4	12	2	11
7	Qe2	7	1	7
8	Qe7	5	0	3
9	Qxe4	5	0	3
10	d6	5	0	3
11	d4	4	0	2
12	dxe5	2	0	2
13	dxe5	2	0	2
8	d5	1	1	3
9	d3	1	1	3
10	Qe7	0	1	2
7	Bc4	2	1	0
6	Bc5	3	0	0
6	d5	2	0	1
5	Bc4	59	9	40
6	Bc5	19	0	15
7	d3	5	0	7
8	Nc6	1	0	2
7	O-O	3	0	4
8	d6	2	0	2
8	Nc6	1	0	2
7	Nxe5	3	0	2
8	O-O	2	0	1
7	Nc3	3	0	0
7	c3	1	0	2
6	Nc6	14	3	10
7	Ng5	6	0	3
8	d5	5	0	1
9	exd5	5	0	1
10	Na5	2	0	1
10	Nxd5	3	0	0
7	O-O	2	1	3
8	Bc5	2	0	2
7	d3	2	2	2
8	Bc5	0	2	1
7	Nc3	1	0	2
7	d4	3	0	0
8	exd4	3	0	0
6	Nxe4	15	3	8
7	Nxe5	4	1	6
8	d5	3	1	2
9	Qf3	1	0	2
8	Nd6	1	0	3
7	d3	4	1	0
8	Nd6	4	0	0
9	Bb3	4	0	0
7	O-O	3	1	0
8	d5	2	1	0
9	Bb3	2	1	0
7	Qe2	2	0	1
6	d5	4	1	2
7	exd5	4	0	2
8	e4	2	0	1
6	d6	3	1	2
6	c6	2	1	0
5	d3	41	1	31
6	Nc6	19	1	17
7	Be2	4	1	4
8	Bc5	1	1	2
9	O-O	1	0	2
8	d5	3	0	1
7	Bg5	4	0	5
8	Be7	2	0	3
7	Nc3	4	0	2
8	Bc5	3	0	0
7	c3	2	0	2
8	d5	1	0	2
7	Be3	1	0	2
7	a3	2	0	1
7	h3	2	0	1
6	Bc5	9	0	8
7	h3	3	0	1
8	Nc6	2	0	1
7	Be2	1	0	2
7	Bg5	0	0	3
7	Nxe5	3	0	0
7	g3	1	0	2
8	d6	1	0	2
6	d6	3	0	2
7	Be2	3	0	1
6	d5	3	0	1
6	h6	4	0	0
7	Nxe5	4	0	0
5	d4	25	2	19
6	Nxe4	11	1	10
7	dxe5	6	1	4
8	d5	4	1	3
9	Bd3	3	1	1
7	Bd3	2	0	1
7	Nxe5	1	0	2
7	Qe2	1	0	2
6	exd4	11	0	8
7	e5	6	0	5
8	Qe7	2	0	3
8	Ng4	2	0	1
7	Nxd4	1	0	2
5	c3	2	0	4
6	Nc6	1	0	2
7	d4	1	0	2
5	Bd3	2	0	1
4	d5	67	7	76
5	exd5	41	4	42
6	e4	30	4	28
7	Qe2	9	2	10
8	Nf6	5	1	7
9	Nc3	4	1	3
10	Be7	3	1	3
11	Nxe4	3	1	3
12	O-O	2	1	2
13	Nxf6+	1	1	2
14	Bxf6	1	1	2
9	d3	1	0	2
8	Qe7	3	1	0
9	Nd4	3	1	0
10	Nf6	2	1	0
7	Nd4	13	1	6
8	Qxd5	10	1	5
9	c3	5	0	3
9	Nb3	3	1	2
10	Nf6	2	0	2
11	Nc3	2	0	2
12	Qe5	1	0	2
7	Ng1	5	0	8
8	Qxd5	4	0	4
9	Nc3	2	0	2
10	Qe5	2	0	2
11	Qe2	1	0	2
8	Nf6	1	0	3
7	Ne5	2	0	2
7	Bb5+	0	1	2
8	c6	0	1	2
9	dxc6	0	1	2
6	Qxd5	6	0	4
7	Nc3	5	0	3
8	Qe6	4	0	1
8	Qd6	1	0	2
6	Nf6	1	0	6
7	Nxe5	0	0	3
7	c4	1	0	2
6	Bd6	1	0	3
5	Nxe5	16	2	20
6	Bd6	6	1	9
7	d4	4	1	5
8	dxe4	4	1	5
9	Nc4	2	0	2
10	Nf6	2	0	1
7	Nxf7	1	0	4
8	Kxf7	1	0	4
9	Qh5+	1	0	3
10	g6	0	0	3
11	Qxd5+	0	0	3
6	dxe4	4	1	7
7	Bc4	2	0	3
8	Nh6	1	0	2
7	Qe2	1	0	3
8	Nf6	0	0	3
6	Nf6	5	0	1
7	exd5	4	0	0
8	Qxd5	4	0	0
6	Qe7	1	0	3
5	d4	4	0	3
6	dxe4	1	0	3
7	Nxe5	1	0	3
8	Nf6	1	0	2
9	Bc4	1	0	2
5	Nc3	3	0	3
6	d4	2	0	3
7	Ne2	2	0	1
8	Nc6	2	0	1
5	d3	1	0	4
6	dxe4	0	0	3
7	dxe4	0	0	3
8	Qxd1+	0	0	3
9	Kxd1	0	0	3
5	Bb5+	0	0	3
4	Bc5	65	6	54
5	Bc4	30	3	22
6	d6	10	2	10
7	O-O	3	2	2
8	Be6	1	1	1
7	c3	2	0	3
7	h3	2	0	3
8	h6	0	0	3
7	d3	3	0	0
6	Nf6	9	1	3
7	d3	3	1	1
6	Nc6	3	0	5
7	c3	1	0	2
6	Bxf2+	3	0	1
7	Kxf2	3	0	1
6	h6	2	0	2
5	d4	9	0	11
6	exd4	9	0	11
7	Nxd4	6	0	11
8	Nf6	2	0	3
9	Nc3	1	0	2
8	Qf6	3	0	2
9	Be3	2	0	2
8	Bxd4	0	0	4
9	Qxd4	0	0	4
10	Nf6	0	0	3
5	Nxe5	6	2	10
6	Qh4	1	2	2
7	Qf3	1	1	1
6	Bxf2+	2	0	1
7	Kxf2	2	0	1
6	Nc6	2	0	1
5	c3	9	0	2
6	Nc6	2	0	1
6	d6	3	0	0
5	Nc3	4	1	3
6	Nf6	1	0	2
5	Be2	3	0	1
5	h3	1	0	2
6	d6	1	0	2
4	Qf6	57	7	49
5	Nc3	19	2	21
6	c6	15	2	15
7	d4	7	1	8
8	exd4	7	0	4
9	Nxd4	4	0	4
10	Bc5	3	0	4
11	Be3	2	0	4
8	d6	0	1	3
9	dxe5	0	1	3
10	dxe5	0	1	3
11	Bg5	0	0	3
12	Qd6	0	0	3
7	Bc4	7	1	4
8	Bc5	5	0	1
9	d3	3	0	1
10	h6	3	0	1
8	h6	1	1	1
6	Bc5	3	0	5
7	Nd5	1	0	3
8	Qd6	1	0	2
7	Bc4	2	0	1
5	Bc4	23	4	14
6	Bc5	15	3	6
7	Nc3	2	1	4
8	c6	1	1	2
7	O-O	5	1	1
8	d6	2	0	1
9	d3	2	0	1
8	h6	3	0	0
9	c3	3	0	0
10	d6	3	0	0
7	d3	3	1	1
7	c3	4	0	0
6	h6	3	0	4
7	Nc3	2	0	1
8	c6	2	0	1
9	d4	2	0	1
6	d6	4	0	2
5	d4	5	0	8
6	exd4	3	0	4
7	Nxd4	0	0	3
6	d6	2	0	1
5	c3	7	0	3
6	Bc5	3	0	2
7	d4	3	0	1
8	exd4	3	0	1
9	cxd4	3	0	0
6	Nc6	2	0	1
5	Be2	2	1	1
6	Bc5	2	0	1
7	O-O	2	0	1
8	d6	2	0	1
4	f5	26	1	31
5	exf5	8	0	11
6	e4	4	0	8
7	Nd4	1	0	4
8	Nf6	1	0	2
7	Ne5	1	0	2
8	Nf6	1	0	2
7	Qe2	2	0	1
6	Nf6	2	0	3
7	Nxe5	0	0	3
5	Nxe5	7	1	6
6	Nf6	4	0	2
7	exf5	3	0	1
6	Qf6	3	0	3
7	d4	2	0	3
8	d6	2	0	3
9	Nc4	2	0	2
5	Nc3	5	0	5
6	Nf6	3	0	1
7	d3	3	0	0
6	d6	2	0	1
5	d3	2	0	5
5	d4	3	0	4
6	fxe4	2	0	3
7	Nxe5	2	0	3
8	Nf6	2	0	2
4	f6	18	2	13
5	d4	5	1	5
6	Nc6	2	0	1
6	d6	0	0	3
5	Bc4	6	1	3
6	Nc6	3	1	1
5	Nc3	4	0	2
5	Nxe5	1	0	2
4	c6	7	0	7
5	Nc3	2	0	2
5	Nxe5	2	0	2
5	Bc4	1	0	2
4	Qe7	6	3	4
5	Bc4	3	1	1
6	d6	2	1	1
7	h3	2	1	0
5	Nc3	0	1	3
6	c6	0	1	2
4	Bd6	3	2	7
5	Bc4	1	0	4
6	h6	0	0	3
5	d4	2	1	1
6	exd4	1	1	1
4	a6	2	0	1
4	c5	1	0	2
4	g6	1	0	2
3	Bc4	606	46	587
4	Nf6	237	18	212
5	d3	117	5	97
6	Bc5	33	1	31
7	Nf3	9	0	11
8	d6	4	0	4
9	h3	3	0	1
8	Nc6	2	0	3
9	O-O	1	0	2
10	O-O	1	0	2
8	O-O	2	0	2
7	h3	10	0	4
8	O-O	4	0	2
8	h6	4	0	0
7	Bg5	6	0	5
8	O-O	4	0	1
7	Nc3	4	1	3
8	O-O	2	0	1
7	Be3	1	0	2
6	Nc6	21	0	19
7	c3	3	0	6
8	d5	1	0	3
9	exd5	1	0	3
10	Nxd5	1	0	3
7	Bg5	6	0	2
8	Be7	4	0	0
7	a3	4	0	4
7	Nf3	3	0	2
7	Nc3	2	0	2
8	Bb4	2	0	1
9	Bd2	2	0	1
7	a4	1	0	2
6	h6	20	0	17
7	Nf3	7	0	7
8	Nc6	5	0	4
8	Bc5	2	0	1
7	Nc3	2	0	6
8	Bc5	0	0	3
7	a3	3	0	2
7	f4	3	0	1
7	h3	4	0	0
6	d5	18	1	9
7	exd5	17	1	8
8	Nxd5	17	1	7
9	Qf3	7	1	3
10	Be6	5	1	3
11	Nc3	4	1	0
12	Nxc3	2	1	0
9	Nf3	5	0	1
10	Nc6	2	0	1
9	h3	2	0	2
6	c6	13	1	11
7	Nf3	6	0	2
8	d5	5	0	2
9	exd5	4	0	2
10	cxd5	4	0	2
11	Bb3	1	0	2
11	Bb5+	3	0	0
7	Bg5	3	0	3
7	Nc3	1	0	3
8	d5	1	0	2
9	exd5	1	0	2
10	cxd5	1	0	2
6	d6	4	0	4
6	Be7	1	2	3
7	h3	1	1	1
8	O-O	1	1	1
6	Bb4+	3	0	0
5	Nc3	44	4	43
6	Bc5	19	1	16
7	Nf3	7	0	10
8	d6	3	0	7
9	d3	0	0	4
9	O-O	2	0	1
8	Nc6	3	0	2
7	d3	6	1	3
8	O-O	3	0	2
9	Nf3	2	0	1
7	h3	5	0	1
6	c6	9	0	8
7	d3	4	0	2
7	Nf3	2	0	3
7	a3	1	0	2
6	Nc6	6	0	8
7	Nf3	2	0	2
7	a3	2	0	2
7	d3	2	0	2
6	Bb4	4	2	3
7	d3	2	0	2
6	Nxe4	2	1	4
7	Bxf7+	2	1	1
8	Kxf7	2	1	1
9	Nxe4	2	1	1
7	Nxe4	0	0	3
8	d5	0	0	3
6	d6	2	0	1
5	Nf3	39	7	37
6	Nc6	13	5	12
7	Ng5	7	3	2
8	d5	6	3	2
9	exd5	6	3	2
10	Na5	2	2	1
11	Bb5+	2	0	1
10	Nxd5	3	0	1
11	Qf3	3	0	1
12	Qxg5	3	0	0
7	d4	2	2	3
8	exd4	2	0	3
9	e5	2	0	1
7	d3	1	0	4
8	Bc5	1	0	3
7	O-O	2	0	1
7	c3	1	0	2
6	Nxe4	10	1	11
7	Nxe5	5	1	5
8	d5	3	1	3
9	Bb3	2	0	1
7	d3	2	0	2
6	d6	4	1	4
7	Ng5	2	1	0
8	d5	2	1	0
9	exd5	2	1	0
7	d3	2	0	1
6	Bc5	1	0	4
6	c6	4	0	0
6	d5	3	0	1
7	exd5	3	0	1
6	h6	3	0	1
6	Bd6	1	0	2
5	d4	29	2	18
6	exd4	11	2	11
7	Nf3	5	2	5
8	Nxe4	1	0	3
9	Qxd4	1	0	2
8	Bb4+	2	0	1
9	c3	2	0	1
10	dxc3	2	0	1
11	bxc3	2	0	1
8	Nc6	2	1	0
9	e5	2	1	0
7	e5	3	0	6
8	Ng8	0	0	4
6	Nxe4	11	0	4
7	dxe5	10	0	4
8	Bc5	3	0	0
8	d5	2	0	1
6	Nc6	4	0	2
7	d5	2	0	1
5	Qf3	8	0	13
6	Nc6	6	0	5
7	Ne2	4	0	1
8	Bc5	3	0	0
7	c3	2	0	3
8	Bc5	1	0	3
6	Bc5	1	0	4
4	Nc6	196	14	184
5	Nf3	68	8	68
6	Bc5	23	4	21
7	O-O	7	0	6
8	Nf6	4	0	3
8	d6	2	0	3
7	c3	9	0	4
8	Nf6	6	0	0
8	d6	1	0	4
9	d4	1	0	3
10	exd4	1	0	3
11	cxd4	1	0	3
7	d3	4	2	2
8	Nf6	3	1	0
7	Nc3	2	1	2
8	Nf6	1	1	2
7	b4	0	0	3
8	Bxb4	0	0	3
9	c3	0	0	3
7	h3	1	1	1
6	Nf6	21	2	22
7	d3	8	0	10
8	Bc5	6	0	2
8	d5	0	0	4
9	exd5	0	0	4
10	Nxd5	0	0	4
8	h6	1	0	3
7	Ng5	3	2	3
8	d5	2	2	2
9	exd5	2	2	2
10	Nxd5	2	1	1
11	Nxf7	2	1	0
12	Kxf7	2	1	0
13	Qf3+	2	1	0
7	Nc3	2	0	3
8	h6	2	0	1
7	O-O	2	0	3
8	Bc5	1	0	2
7	d4	3	0	2
8	exd4	3	0	2
9	e5	2	0	2
10	Ng4	2	0	2
7	Bxf7+	3	0	0
8	Kxf7	3	0	0
6	f5	6	1	7
7	exf5	4	1	4
8	e4	3	1	3
9	Ng1	3	1	2
10	Nf6	2	1	2
11	d3	1	1	1
12	d5	1	1	1
7	O-O	0	0	3
8	fxe4	0	0	3
6	h6	8	1	4
7	d4	4	0	2
8	exd4	4	0	1
9	Nxd4	4	0	1
6	Nd4	6	0	4
7	Nxd4	2	0	2
8	exd4	2	0	2
7	Nxe5	2	0	2
8	Qg5	1	0	2
6	d6	1	0	8
7	d4	0	0	3
5	d3	40	1	29
6	Nf6	21	1	12
7	Bg5	9	0	2
8	Be7	4	0	1
9	Nf3	3	0	0
8	Bc5	3	0	0
7	Nf3	5	0	3
8	Bc5	2	0	2
7	Nc3	0	1	4
7	h3	4	0	0
6	h6	8	0	5
7	Nf3	4	0	2
8	Nf6	3	0	2
6	Bc5	7	0	4
7	Nf3	4	0	3
8	d6	3	0	2
6	Nd4	2	0	1
5	Nc3	29	0	24
6	Nf6	14	0	10
7	d3	8	0	6
8	Bc5	3	0	2
7	Nf3	4	0	3
6	Bc5	7	0	9
7	Nf3	1	0	7
8	h6	0	0	4
9	d3	0	0	3
8	d6	1	0	2
7	d3	4	0	2
8	h6	2	0	1
6	a6	3	0	2
7	Nf3	3	0	0
6	d6	3	0	1
5	c3	18	1	20
6	Bc5	8	0	4
7	d3	3	0	1
7	Nf3	2	0	1
8	Nf6	2	0	1
9	d3	2	0	1
6	Nf6	6	1	5
7	d3	6	0	4
8	Bc5	5	0	3
9	Nf3	1	0	2
6	Qf6	1	0	2
7	Nf3	1	0	2
5	a3	15	0	13
6	Nf6	7	0	7
7	d3	6	0	5
8	Bc5	1	0	2
8	d5	2	0	1
9	exd5	2	0	1
10	Nxd5	2	0	1
7	Nc3	1	0	2
6	Bc5	4	0	2
6	a6	2	0	1
5	Qf3	9	1	13
6	Nf6	6	1	6
7	c3	3	1	2
7	d3	2	0	1
6	Qf6	1	0	5
5	Qh5	8	2	5
6	g6	4	1	4
7	Qf3	3	1	3
8	Nf6	3	1	1
6	Qf6	2	1	1
7	Nf3	1	1	1
5	d4	3	0	3
5	a4	1	0	3
5	f4	1	1	2
4	Bc5	69	5	75
5	Nf3	32	1	33
6	d6	8	0	16
7	d4	0	0	8
8	exd4	0	0	8
9	Nxd4	0	0	4
10	Nf6	0	0	3
7	d3	1	0	4
7	h3	4	0	1
8	Nf6	2	0	1
7	c3	2	0	1
6	Nc6	8	1	12
7	Nc3	1	0	6
8	d6	1	0	5
7	c3	2	1	1
7	d3	1	0	3
6	Nf6	10	0	3
7	O-O	4	0	0
7	Nxe5	2	0	1
7	d4	3	0	0
8	exd4	3	0	0
6	Qf6	3	0	1
5	d3	7	1	15
6	d6	5	0	6
7	Nc3	3	0	1
8	Nc6	2	0	1
7	Nf3	1	0	2
6	Nf6	0	0	5
7	Nf3	0	0	3
5	Nc3	6	1	7
6	Nf6	2	0	2
6	d6	2	0	2
5	Bxf7+	7	0	6
6	Kxf7	7	0	6
7	Qh5+	6	0	5
8	Kf8	3	0	3
9	Qxe5	3	0	3
10	d6	2	0	1
8	g6	2	0	2
9	Qxe5	2	0	2
10	Nf6	2	0	1
11	Qxc5	2	0	1
5	Qh5	8	0	3
6	Qf6	6	0	2
7	Nf3	4	0	0
6	Qe7	2	0	1
5	Qf3	3	0	4
6	Nf6	1	0	3
6	Qf6	2	0	1
5	c3	1	1	4
6	d6	1	0	2
5	d4	4	1	0
6	Bxd4	2	1	0
4	d6	46	5	53
5	Nf3	14	1	15
6	h6	5	0	5
7	d4	2	0	1
8	exd4	2	0	1
6	Be7	2	1	5
7	d3	1	1	1
6	Bg4	4	0	2
7	h3	3	0	0
5	d3	7	1	10
6	Nf6	0	1	4
7	Bg5	0	0	3
6	h6	4	0	1
6	Be7	2	0	1
5	Nc3	8	2	7
6	Nf6	3	0	3
7	Nf3	1	0	2
6	c6	3	1	2
7	a3	2	0	1
7	d3	1	1	1
6	h6	1	1	1
7	d3	1	1	1
5	Qf3	5	0	2
6	Nf6	3	0	2
7	d3	2	0	1
5	c3	2	0	5
6	Nf6	0	0	3
5	h3	5	0	2
5	Qh5	1	0	3
5	a3	1	0	3
5	d4	1	0	2
4	c6	13	0	20
5	Nc3	2	0	5
6	Nf6	1	0	2
7	d3	1	0	2
8	d5	1	0	2
9	exd5	1	0	2
10	cxd5	1	0	2
5	Nf3	4	0	3
6	d5	2	0	1
7	exd5	2	0	1
5	d3	1	0	4
6	d5	0	0	3
7	exd5	0	0	3
8	cxd5	0	0	3
9	Bb3	0	0	3
5	Qf3	3	0	0
5	a3	0	0	3
6	d5	0	0	3
7	exd5	0	0	3
8	cxd5	0	0	3
4	Qf6	14	2	9
5	Nf3	7	1	6
6	Bc5	3	1	2
7	d3	2	1	0
6	h6	3	0	1
5	d3	5	1	1
6	Bc5	2	0	1
6	c5	2	1	0
7	f4	2	1	0
5	Nc3	1	0	2
6	c6	1	0	2
4	h6	7	0	7
5	Nf3	3	0	3
6	d6	2	0	3
5	d3	1	0	2
4	f5	5	1	6
5	Bxg8	1	0	2
6	Rxg8	1	0	2
5	exf5	1	1	1
4	Be7	3	1	6
5	Nf3	1	1	2
6	d6	1	1	2
5	d3	1	0	3
6	Nf6	1	0	2
4	a6	2	0	4
5	Qf3	1	0	2
4	f6	4	0	2
4	Qh4	2	0	2
4	c5	3	0	0
3	f4	319	34	316
4	exf4	147	16	153
5	Nf3	135	15	135
6	d6	33	2	20
7	d4	18	1	10
8	Bg4	5	1	7
9	Bxf4	5	1	5
10	Nf6	0	0	4
8	Nf6	5	0	2
9	Nc3	4	0	0
8	g5	4	0	1
8	Be7	3	0	0
9	Bxf4	3	0	0
7	Bc4	12	1	10
8	Be6	3	0	2
9	Bxe6	2	0	1
10	fxe6	2	0	1
11	d4	2	0	1
8	Be7	2	1	2
9	O-O	1	1	1
8	Bg4	3	0	2
9	O-O	2	0	2
10	Nc6	1	0	2
8	h6	2	0	2
8	Nf6	1	0	2
6	Nc6	22	2	27
7	d4	13	1	16
8	d5	5	1	5
9	e5	3	1	3
10	Bg4	2	1	2
11	Bxf4	1	1	2
8	d6	5	0	1
9	Bxf4	4	0	0
10	Bg4	3	0	0
8	Bb4+	2	0	2
9	c3	2	0	2
10	Ba5	1	0	2
11	Bxf4	1	0	2
7	Bc4	9	1	9
8	h6	3	0	4
9	O-O	0	0	4
8	Bc5	2	1	2
9	d4	1	1	2
8	d6	1	0	2
6	g5	20	3	27
7	Bc4	8	2	13
8	d6	4	1	3
9	O-O	2	1	3
10	Bg7	0	1	2
11	d4	0	1	2
8	g4	2	0	6
9	Ne5	1	0	4
10	Qh4+	1	0	3
11	Kf1	1	0	3
9	O-O	1	0	2
10	gxf3	1	0	2
8	Nc6	1	0	2
7	d4	5	1	4
8	g4	2	0	2
7	h4	1	0	8
8	g4	1	0	6
9	Ne5	1	0	5
7	h3	4	0	1
6	Be7	11	2	15
7	Bc4	6	1	4
8	Bh4+	5	1	4
9	Kf1	4	1	3
7	d4	3	1	6
8	Bh4+	3	1	5
9	Ke2	3	1	1
7	h4	2	0	3
6	d5	13	1	11
7	exd5	8	0	6
8	Qxd5	6	0	1
9	Nc3	6	0	1
8	Bg4	2	0	1
8	Nf6	0	0	3
7	e5	4	0	5
8	Bg4	3	0	2
9	d4	3	0	2
6	Nf6	11	1	8
7	e5	4	0	6
8	Nd5	3	0	5
9	d4	3	0	5
10	d6	1	0	2
11	Bc4	1	0	2
7	Nc3	4	0	1
7	Bc4	3	0	1
8	Nxe4	2	0	1
6	Bc5	11	0	6
7	d4	7	0	5
8	Bb6	6	0	4
9	Bxf4	2	0	4
10	Nf6	1	0	3
9	Bc4	3	0	0
10	d6	3	0	0
11	Bxf4	3	0	0
7	Bc4	4	0	1
6	Ne7	3	0	9
7	d4	3	0	5
8	Ng6	3	0	1
8	d5	0	0	4
7	Bc4	0	0	3
6	h6	4	2	6
7	d4	3	1	2
8	g5	2	1	2
7	Bc4	1	1	3
8	d6	0	1	2
6	Bd6	2	1	0
7	d4	2	1	0
6	Qf6	2	0	1
5	Bc4	10	0	10
6	Qh4+	4	0	0
7	Kf1	4	0	0
6	Nf6	2	0	1
6	d6	0	0	3
6	h6	2	0	1
5	Qe2	2	0	2
5	d4	0	0	4
4	Nc6	62	13	62
5	Nf3	53	11	55
6	d6	24	4	25
7	Bc4	13	3	15
8	Bg4	5	0	8
9	O-O	2	0	4
9	c3	2	0	1
8	h6	3	1	1
9	O-O	2	1	0
8	Be6	1	0	2
8	Be7	1	0	2
8	exf4	3	0	0
7	Bb5	2	1	5
8	Bd7	0	1	3
9	Nc3	0	1	2
7	Nc3	3	0	2
8	Bg4	1	0	2
7	d4	3	0	1
8	Bg4	3	0	1
6	exf4	17	3	9
7	d4	8	3	5
8	d5	3	1	2
9	e5	3	1	2
10	Bg4	1	1	1
8	d6	0	1	2
8	g5	2	0	1
7	Bc4	9	0	4
8	Bc5	3	0	0
8	h6	1	0	2
6	Bc5	6	1	7
7	Bc4	3	0	3
7	c3	0	1	3
6	d5	3	0	5
7	exd5	1	0	4
8	Qxd5	1	0	3
9	Nc3	1	0	2
10	Qe6	1	0	2
6	Nf6	0	1	3
6	f6	2	1	0
5	Bc4	4	2	6
6	exf4	1	0	3
7	Nf3	1	0	3
6	d6	1	2	0
7	Nf3	1	2	0
5	fxe5	2	0	1
6	Nxe5	2	0	1
4	d6	46	0	35
5	Nf3	36	0	32
6	Nc6	17	0	16
7	Bc4	9	0	6
8	Be7	5	0	1
9	O-O	4	0	1
10	Nf6	4	0	1
8	Bg4	0	0	3
9	O-O	0	0	3
10	Nf6	0	0	3
8	h6	3	0	0
9	O-O	3	0	0
10	Nf6	3	0	0
7	Bb5	4	0	5
8	Bg4	2	0	3
9	O-O	1	0	2
7	d4	1	0	3
6	Bg4	13	0	9
7	Bc4	11	0	2
8	Nf6	3	0	2
9	d3	3	0	1
7	Be2	2	0	2
7	fxe5	0	0	3
8	dxe5	0	0	3
6	exf4	3	0	2
7	d4	2	0	1
6	Nd7	2	0	2
5	fxe5	5	0	2
6	dxe5	5	0	2
7	Nf3	5	0	1
8	Nc6	3	0	0
4	d5	29	2	39
5	exd5	22	2	25
6	e4	7	2	10
7	Nc3	2	0	4
8	Nf6	2	0	3
7	d3	2	1	3
8	Qxd5	1	1	2
9	Nc3	1	1	2
10	Bb4	1	1	1
6	exf4	8	0	10
7	Nf3	4	0	6
8	Nf6	2	0	3
9	c4	2	0	1
7	Nc3	2	0	2
6	Qxd5	4	0	2
7	Nc3	3	0	2
6	c6	1	0	2
7	dxc6	1	0	2
5	Nf3	2	0	6
6	dxe4	2	0	4
7	Nxe5	2	0	3
5	fxe5	1	0	3
6	dxe4	1	0	2
5	d4	2	0	1
4	Bc5	10	2	9
5	Nf3	8	2	8
6	d6	3	1	5
7	c3	2	0	2
6	Nc6	1	1	2
7	fxe5	1	1	1
6	exf4	3	0	1
7	d4	3	0	0
8	Bb6	3	0	0
9	Bxf4	3	0	0
4	Qh4+	8	0	4
5	g3	8	0	4
6	Qf6	6	0	2
7	f5	3	0	1
8	Bc5	2	0	1
6	Qe7	2	0	2
4	f6	8	0	4
5	fxe5	4	0	2
6	fxe5	3	0	2
7	Qh5+	3	0	1
8	g6	3	0	1
9	Qxe5+	3	0	1
10	Qe7	3	0	1
11	Qxh8	3	0	1
12	Nf6	2	0	1
13	d3	2	0	1
5	Nf3	3	0	2
6	Nc6	2	0	1
4	Nf6	2	1	6
5	Nc3	2	0	5
6	Bb4	2	0	3
4	Qf6	3	0	2
5	Nf3	3	0	2
3	Nc3	324	27	279
4	Nf6	126	6	90
5	f4	61	2	41
6	d6	16	2	16
7	Nf3	8	0	6
8	Bg4	4	0	2
9	h3	2	0	1
10	Bxf3	2	0	1
11	Qxf3	2	0	1
8	Nc6	2	0	1
8	exf4	1	0	2
7	fxe5	5	1	3
8	dxe5	5	1	2
9	Nf3	5	1	0
10	Nc6	2	1	0
7	Bc4	2	0	5
6	exf4	20	0	10
7	e5	18	0	8
8	Ng8	12	0	6
9	Nf3	11	0	6
10	Nc6	6	0	1
11	d4	6	0	1
12	d6	2	0	1
13	Bxf4	2	0	1
10	Be7	1	0	2
10	d6	2	0	1
11	d4	2	0	1
8	Qe7	5	0	0
9	Qe2	4	0	0
10	Ng8	4	0	0
11	Nf3	3	0	0
7	Nf3	2	0	1
6	d5	14	0	7
7	fxe5	11	0	6
8	Nxe4	10	0	6
9	Qf3	6	0	2
10	Nxc3	5	0	0
11	bxc3	4	0	0
9	Nf3	2	0	1
9	Nxe4	2	0	1
10	dxe4	2	0	1
6	Nc6	5	0	5
7	fxe5	3	0	3
8	Nxe5	3	0	3
9	d4	3	0	3
10	Ng6	3	0	2
11	e5	3	0	2
12	Ng8	3	0	2
13	Nf3	3	0	2
14	Bb4	2	0	1
15	Bc4	2	0	1
6	Bb4	2	0	2
7	fxe5	1	0	2
8	Bxc3	1	0	2
6	Bc5	3	0	0
7	fxe5	3	0	0
5	Nf3	28	2	24
6	Nc6	14	2	17
7	Bb5	7	1	5
8	d6	1	1	2
8	Bc5	1	0	2
8	a6	3	0	0
7	Bc4	3	0	4
8	Bb4	2	0	2
7	d4	3	1	2
8	exd4	1	1	2
9	Nxd4	1	1	2
6	Bb4	5	0	3
7	Bc4	2	0	1
7	d3	2	0	1
6	d6	5	0	0
6	Bc5	1	0	3
6	d5	2	0	1
5	Bc4	18	1	11
6	Bc5	8	0	6
7	Nf3	3	0	3
8	d6	2	0	1
7	d3	4	0	2
6	Bb4	5	0	1
7	d3	2	0	1
6	Nc6	3	0	3
5	d3	7	0	4
6	Nc6	2	0	1
5	g3	4	0	7
6	Nc6	2	0	1
7	Bg2	2	0	1
6	d5	1	0	2
5	d4	2	1	2
6	exd4	2	1	1
7	Qxd4	2	1	1
5	a3	2	0	1
5	h3	3	0	0
4	Nc6	104	11	103
5	Bc4	47	6	40
6	Nf6	22	3	23
7	d3	14	2	16
8	Bc5	5	1	6
9	h3	3	0	1
9	Bg5	0	0	3
10	d6	0	0	3
9	f4	2	0	1
8	Bb4	4	1	2
9	f4	4	1	0
10	Bxc3+	3	0	0
11	bxc3	3	0	0
12	exf4	3	0	0
13	Bxf4	3	0	0
8	h6	3	0	4
9	f4	2	0	1
8	Na5	0	0	3
9	Bb3	0	0	3
10	Nxb3	0	0	3
11	axb3	0	0	3
7	f4	2	1	4
7	a3	3	0	1
8	Bc5	3	0	0
7	Nf3	1	0	2
6	Bc5	17	1	10
7	Qg4	9	1	5
8	Qf6	5	0	3
9	Nd5	5	0	3
10	Qxf2+	4	0	3
11	Kd1	4	0	3
8	g6	2	1	2
9	Qf3	2	1	2
10	Nf6	1	1	1
7	d3	6	0	3
8	d6	4	0	1
6	d6	3	1	3
7	d3	2	0	1
6	h6	1	1	2
7	d3	1	1	1
6	a6	2	0	1
7	d3	2	0	1
5	Nf3	22	4	31
6	Nf6	10	3	18
7	Bc4	7	0	7
8	Bc5	3	0	2
7	d4	1	0	6
8	exd4	1	0	3
9	Nxd4	1	0	3
10	Nxd4	0	0	3
11	Qxd4	0	0	3
8	d6	0	0	3
7	Bb5	0	1	2
6	Bc5	7	0	8
7	Bc4	5	0	3
8	Nf6	3	0	1
9	d3	2	0	1
7	d3	1	0	3
6	d6	4	0	2
6	Bb4	0	1	2
5	f4	13	0	12
6	exf4	8	0	5
7	Nf3	6	0	4
8	Bc5	2	0	1
6	d6	2	0	2
7	Nf3	1	0	2
6	Nf6	2	0	1
5	Bb5	7	1	3
6	Nf6	2	0	1
6	d6	2	1	0
7	d3	2	1	0
5	d3	3	0	6
6	Nf6	1	0	3
6	Bc5	1	0	2
5	a3	4	0	4
6	Nf6	2	0	2
6	Bc5	1	0	2
5	Nge2	3	0	2
6	Nf6	3	0	2
7	d4	2	0	1
5	g3	3	0	2
4	Bc5	29	3	30
5	Bc4	15	2	7
6	Nf6	5	1	3
7	f4	1	0	2
6	d6	3	1	1
6	Nc6	2	0	1
5	Nf3	6	1	13
6	d6	3	1	6
7	Bc4	1	1	1
6	Nc6	3	0	5
7	Bc4	2	0	1
5	f4	3	0	3
5	a3	3	0	0
5	d3	0	0	3
4	d6	25	3	20
5	Bc4	9	2	11
6	Nf6	4	1	2
7	d3	2	1	2
8	Be7	2	1	1
9	f4	2	1	1
6	Be6	0	0	3
6	Be7	0	1	2
5	Nf3	8	0	5
6	Nf6	3	0	0
5	f4	4	0	4
6	exf4	2	0	3
7	Nf3	2	0	1
4	Bb4	12	2	13
5	Nf3	2	1	4
6	Bxc3	1	0	3
7	dxc3	1	0	3
8	d6	1	0	2
6	Nc6	1	1	1
5	Nd5	3	0	3
6	Bc5	3	0	0
5	a3	2	0	2
5	d3	2	0	1
5	f4	1	1	1
4	c6	15	1	5
5	Nf3	5	0	1
6	d6	3	0	1
5	Bc4	3	0	1
5	d4	2	1	1
6	exd4	1	1	1
7	Qxd4	1	1	1
5	f4	3	0	1
4	a6	3	0	3
5	Bc4	1	0	2
5	f4	2	0	1
4	f5	2	0	4
5	exf5	1	0	2
6	Nf6	1	0	2
4	d5	2	1	2
5	exd5	1	0	2
4	c5	2	0	2
4	Be7	1	0	2
4	Qf6	1	0	2
4	h6	2	0	1
3	d4	290	16	254
4	exd4	214	14	202
5	c3	93	5	72
6	dxc3	71	3	44
7	Bc4	58	2	33
8	cxb2	25	1	12
9	Bxb2	25	1	11
10	Bb4+	8	0	2
11	Nc3	4	0	1
11	Nd2	4	0	1
10	Nf6	7	0	1
11	e5	5	0	1
12	Qe7	3	0	1
13	Nf3	3	0	0
10	Nc6	4	0	1
11	Nf3	3	0	0
10	d6	2	0	3
10	Qe7	2	0	1
8	Nc6	8	0	4
9	Nf3	5	0	2
9	Nxc3	2	0	1
8	d6	7	1	4
9	Nf3	2	1	2
9	Nxc3	2	0	1
9	Qb3	2	0	1
8	Nf6	5	0	3
9	e5	3	0	1
8	Bc5	2	0	4
8	Bb4	2	0	3
8	Qe7	3	0	1
9	Nxc3	3	0	1
8	Qf6	3	0	0
7	Nxc3	12	1	10
8	Nc6	7	1	2
9	Nf3	5	1	1
8	Bb4	1	0	3
8	d6	1	0	3
9	Bc4	1	0	2
6	Nc6	8	1	5
7	Bc4	5	1	2
8	dxc3	3	1	0
7	cxd4	2	0	3
8	d6	1	0	2
6	d6	3	0	6
7	Bc4	1	0	3
7	cxd4	1	0	2
6	Nf6	2	1	5
7	e5	2	1	3
8	Qe7	1	1	1
6	d5	3	0	5
7	e5	1	0	2
7	exd5	1	0	2
6	c5	2	0	2
6	Qe7	1	0	2
5	Qxd4	58	6	76
6	Nc6	48	2	67
7	Qd1	20	1	22
8	Nf6	7	1	11
9	Nc3	4	1	7
10	Bb4	2	0	6
11	Bg5	2	0	2
9	Bd3	1	0	3
8	Bc5	4	0	7
9	Nc3	1	0	3
10	d6	1	0	2
9	Nf3	2	0	2
10	d6	1	0	2
8	d6	6	0	3
9	Nc3	5	0	1
10	Nf6	3	0	0
7	Qe3	15	0	19
8	Nf6	4	0	6
9	Nc3	1	0	2
8	b6	1	0	5
8	d6	3	0	2
9	Nc3	2	0	1
8	Bb4+	1	0	3
7	Qa4	6	1	9
8	d6	2	0	4
8	Nf6	1	0	3
7	Qc4	4	0	9
8	Nf6	3	0	3
9	Nc3	1	0	2
10	d6	1	0	2
8	d6	0	0	3
7	Qd3	3	0	1
7	Qd5	0	0	3
6	d6	2	0	4
6	Nf6	2	2	1
6	Qf6	2	2	0
6	c5	1	0	3
5	Nf3	40	2	33
6	Nc6	21	2	14
7	Bc4	8	1	8
8	Bb4+	2	0	3
9	c3	1	0	3
10	dxc3	1	0	3
8	d6	2	0	3
8	Bc5	1	1	1
8	Nf6	2	0	1
7	Ng5	5	0	2
8	h6	3	0	1
9	Nxf7	3	0	1
10	Kxf7	3	0	1
11	Bc4+	3	0	1
12	Ke8	2	0	1
13	Qh5+	2	0	1
14	Ke7	2	0	1
15	Qf7+	2	0	1
16	Kd6	2	0	1
17	Bf4+	2	0	1
7	Nxd4	3	1	2
7	Bb5	3	0	0
7	c3	2	0	1
6	c5	7	0	8
7	Ng5	3	0	2
8	Be7	2	0	1
7	Bc4	2	0	2
7	c3	2	0	1
6	Bc5	2	0	4
6	Nf6	2	0	3
6	d5	2	0	2
7	e5	2	0	1
5	Bc4	11	0	7
6	Nc6	6	0	4
7	Nf3	3	0	3
8	Bc5	3	0	1
7	c3	3	0	1
8	dxc3	2	0	1
6	Nf6	2	0	1
7	e5	2	0	1
5	f4	7	1	10
6	Nc6	1	0	3
7	Nf3	1	0	2
6	c5	2	0	1
7	Nf3	2	0	1
8	d6	2	0	1
5	Bd3	4	0	1
4	Nc6	34	1	19
5	d5	22	0	10
6	Nce7	10	0	3
7	Nf3	4	0	2
8	Ng6	2	0	1
8	d6	2	0	1
7	c4	2	0	1
6	Nb8	5	0	4
7	Nf3	2	0	1
6	Nd4	6	0	1
7	c3	3	0	1
6	Nb4	1	0	2
5	Nf3	7	0	4
6	d6	4	0	3
7	Bc4	1	0	2
5	c3	4	0	2
6	exd4	2	0	1
5	dxe5	1	1	2
6	Nxe5	1	1	2
7	Nf3	0	1	2
4	d6	11	1	17
5	dxe5	5	1	9
6	dxe5	2	1	4
7	Qxd8+	2	1	4
8	Kxd8	2	1	4
9	Nf3	1	1	2
6	Nc6	2	0	3
7	exd6	1	0	3
8	Bxd6	1	0	2
5	Nf3	2	0	4
6	exd4	2	0	1
5	Bc4	2	0	1
5	d5	1	0	2
4	d5	9	0	4
5	dxe5	6	0	3
6	d4	2	0	2
4	Qf6	5	0	3
5	Nf3	3	0	1
5	d5	1	0	2
4	f6	4	0	2
5	d5	2	0	1
5	dxe5	2	0	1
6	fxe5	2	0	1
4	Nf6	4	0	1
4	Bd6	1	0	3
5	Nf3	1	0	2
4	Qe7	3	0	1
5	d5	2	0	1
4	Qh4	2	0	1
3	d3	86	10	69
4	Nc6	35	3	21
5	Nf3	12	1	5
6	Bc5	4	0	0
6	Nf6	3	0	1
6	d6	3	0	1
6	h6	2	1	0
5	c3	10	2	4
6	Bc5	3	1	1
7	Nf3	2	1	0
6	Nf6	4	0	1
6	d5	1	1	1
6	d6	2	0	1
5	f4	4	0	4
5	Be3	2	0	3
5	Nc3	2	0	2
4	Bc5	19	0	14
5	Nf3	5	0	5
6	d6	2	0	4
7	Be2	0	0	3
6	Nc6	2	0	1
5	Nc3	2	0	3
5	Be3	3	0	1
5	Qf3	2	0	1
5	h3	3	0	0
6	h6	3	0	0
4	Nf6	16	5	11
5	h3	5	2	1
6	d5	3	1	0
7	exd5	2	1	0
6	Bc5	1	1	1
5	Nc3	1	0	4
5	Be2	2	0	2
5	Nf3	1	2	1
5	Bg5	2	0	1
4	d6	4	1	10
5	Nf3	2	0	3
5	h3	1	1	1
4	d5	4	0	4
5	exd5	4	0	1
6	Qxd5	4	0	1
4	Qf6	2	0	4
5	Nf3	1	0	4
4	h6	2	0	2
4	f5	1	0	2
3	Qh5	40	2	39
4	Nc6	23	1	26
5	Bc4	19	1	21
6	g6	14	1	14
7	Qf3	14	0	13
8	Nf6	14	0	10
9	c3	10	0	4
10	Bg7	3	0	3
11	d3	2	0	2
10	Be7	3	0	0
9	Ne2	1	0	4
10	Bg7	1	0	3
11	d3	1	0	3
8	Qf6	0	0	3
6	Qe7	2	0	4
6	Qf6	3	0	1
5	Bb5	2	0	4
4	Nf6	7	0	5
5	Qxe5+	7	0	5
6	Be7	7	0	2
7	d3	3	0	0
6	Qe7	0	0	3
4	d6	5	0	4
5	Bc4	5	0	3
6	g6	5	0	1
7	Qf3	5	0	1
4	Qf6	3	1	4
5	Bc4	2	1	1
5	Nf3	1	0	3
3	c3	30	2	36
4	Nc6	10	1	9
5	d4	7	1	1
6	exd4	5	1	1
7	cxd4	5	1	1
8	d5	3	0	0
5	Nf3	2	0	3
4	Nf6	7	0	12
5	d3	0	0	7
5	d4	3	0	1
5	f3	3	0	0
4	Bc5	7	0	7
5	d4	3	0	5
6	exd4	3	0	5
7	cxd4	3	0	5
8	Bb4+	2	0	2
9	Nc3	1	0	2
8	Bb6	1	0	3
9	Nf3	1	0	2
4	d6	4	0	3
5	d4	4	0	1
6	exd4	2	0	1
7	cxd4	2	0	1
4	d5	1	0	4
3	Qf3	31	5	29
4	Nc6	13	2	12
5	c3	5	2	8
6	Nf6	2	1	6
7	d3	0	1	3
5	Bc4	6	0	4
6	Nf6	3	0	4
4	Nf6	9	0	8
5	Bc4	4	0	3
6	Nc6	3	0	3
5	d3	3	0	0
4	d6	3	0	3
5	Bc4	3	0	3
4	Bc5	2	0	2
5	Bc4	2	0	1
6	Nf6	2	0	1
4	Qf6	1	0	3
5	Bc4	1	0	2
6	Qxf3	1	0	2
7	Nxf3	1	0	2
3	a3	12	0	16
4	Nf6	3	0	6
5	Nc3	3	0	3
6	Bc5	1	0	2
7	h3	1	0	2
5	d3	0	0	3
6	Bc5	0	0	3
7	h3	0	0	3
4	Nc6	4	0	4
5	Nc3	1	0	2
4	Bc5	2	0	3
5	Nc3	1	0	2
3	c4	12	0	12
4	Nf6	3	0	5
5	d3	2	0	3
6	Bb4+	2	0	1
5	Nc3	1	0	2
4	Bc5	4	0	2
5	d3	3	0	1
4	Nc6	2	0	4
5	d3	1	0	2
3	h3	10	1	12
4	Nc6	7	1	4
5	a3	2	1	2
6	Nf6	1	0	2
7	Nc3	1	0	2
8	d5	1	0	2
5	c3	3	0	0
4	Nf6	2	0	4
4	Bc5	1	0	2
5	Nf3	1	0	2
3	g3	14	0	7
4	Nc6	4	0	4
5	Bg2	4	0	3
6	Nf6	2	0	3
4	Nf6	5	0	0
5	Bg2	5	0	0
6	Nc6	3	0	0
4	d6	4	0	0
4	Bc5	1	0	2
5	Bg2	1	0	2
3	Ne2	7	0	11
4	Nc6	1	0	6
4	Nf6	1	0	4
5	f4	1	0	2
3	f3	8	0	9
4	Nc6	2	0	4
4	Bc5	5	0	0
4	Nf6	1	0	2
3	Bb5	11	1	3
4	Nf6	6	0	0
5	d3	3	0	0
4	a6	1	1	2
5	Ba4	1	1	1
4	Nc6	3	0	0
3	b3	5	1	5
4	Nc6	1	1	3
5	Bb2	1	1	3
3	Be2	3	2	4
4	Nc6	2	0	1
3	g4	5	0	3
4	d5	2	0	2
3	Bd3	3	0	2
3	h4	2	2	0
3	Nh3	0	0	3
2	c5	2204	235	2209
3	Nf3	1203	126	1159
4	Nc6	550	49	493
5	d4	220	24	215
6	cxd4	207	24	203
7	Nxd4	197	23	189
8	g6	54	4	48
9	Nc3	25	2	14
10	Bg7	23	2	14
11	Be3	22	2	12
12	Nf6	15	1	6
13	Bc4	6	0	1
14	O-O	5	0	0
15	Qd2	3	0	0
13	f3	5	0	2
14	O-O	2	0	2
15	Bc4	2	0	1
13	Be2	3	0	2
14	O-O	2	0	2
15	O-O	1	0	2
12	e6	4	0	2
12	a6	1	1	2
12	d6	2	0	1
9	Nxc6	9	1	12
10	bxc6	9	1	12
11	Nc3	3	1	4
12	Bg7	2	1	4
11	Qd4	3	0	4
12	Nf6	1	0	4
13	e5	1	0	3
11	Bd3	1	0	2
12	Bg7	1	0	2
9	Be3	10	1	6
10	Bg7	10	1	6
11	Nc3	8	0	5
12	Nf6	4	0	4
9	c4	5	0	6
10	Bg7	5	0	4
11	Be3	5	0	3
12	Nf6	2	0	1
13	Nc3	2	0	1
9	Bc4	3	0	7
10	Bg7	3	0	6
11	Be3	1	0	2
11	c3	1	0	2
9	c3	2	0	2
10	Bg7	1	0	2
8	e5	46	7	49
9	Nb5	25	2	12
10	d6	19	1	8
11	N1c3	14	1	3
12	a6	13	1	3
13	Na3	13	1	3
14	b5	6	0	3
15	Nd5	5	0	3
16	Nf6	4	0	0
17	Bg5	4	0	0
18	Be7	3	0	0
19	Bxf6	3	0	0
20	Bxf6	3	0	0
14	Nf6	2	1	0
14	h6	3	0	0
11	c4	2	0	1
10	a6	3	1	3
11	Nd6+	3	0	2
12	Bxd6	3	0	2
13	Qxd6	3	0	2
14	Qe7	1	0	2
9	Nxc6	10	4	20
10	bxc6	10	4	20
11	Bc4	2	1	10
12	Nf6	1	1	9
13	Nc3	1	0	4
13	Bg5	0	0	3
11	Nc3	6	3	4
12	Nf6	4	2	2
13	Bc4	2	1	1
13	Bg5	1	1	1
11	Bd3	1	0	2
9	Nf3	2	0	12
10	Nf6	2	0	7
11	Nc3	2	0	5
12	Bb4	0	0	4
13	Bd3	0	0	3
10	Bc5	0	0	4
11	Bc4	0	0	3
12	Nf6	0	0	3
9	Nf5	5	1	4
10	d6	3	0	3
9	Nb3	3	0	1
8	Nf6	26	2	36
9	Nc3	23	2	28
10	e5	14	1	12
11	Ndb5	8	1	4
12	d6	5	1	3
13	Bg5	4	0	1
14	a6	4	0	0
15	Na3	3	0	0
12	Bb4	2	0	1
11	Nxc6	4	0	3
12	bxc6	4	0	3
13	Bc4	4	0	2
14	Bb4	2	0	2
15	O-O	2	0	1
16	Bxc3	2	0	1
17	bxc3	2	0	1
11	Nf3	0	0	4
10	d6	2	0	8
10	g6	3	1	3
11	Be3	1	1	1
12	Bg7	1	1	1
10	a6	2	0	3
10	e6	2	0	1
9	Nxc6	2	0	7
10	bxc6	2	0	7
11	Bd3	1	0	2
8	e6	22	4	19
9	Nc3	15	2	9
10	Nf6	3	0	4
10	a6	3	0	3
11	Be3	2	0	1
10	Bb4	2	1	2
10	Bc5	3	1	0
11	Be3	2	1	0
9	Nxc6	4	0	3
10	bxc6	4	0	3
11	Bd3	2	0	1
9	Be3	0	1	3
9	Bb5	2	1	0
9	c4	0	0	3
8	d6	19	2	12
9	Nc3	13	1	4
10	g6	5	1	2
10	Nf6	4	0	0
11	Bc4	3	0	0
10	a6	3	0	1
9	Bb5	1	0	5
10	Bd7	1	0	5
9	Nxc6	1	1	1
10	bxc6	1	1	1
9	c4	3	0	0
8	Nxd4	18	1	13
9	Qxd4	18	1	13
10	e6	9	0	3
11	Nc3	5	0	3
12	a6	3	0	0
10	d6	6	0	4
11	Bb5+	2	0	3
12	Bd7	2	0	3
13	Bxd7+	1	0	2
14	Qxd7	1	0	2
15	Nc3	1	0	2
11	Nc3	2	0	1
10	Nf6	0	1	5
8	Qb6	2	2	6
9	Nxc6	1	0	5
10	Qxc6	1	0	2
11	Nc3	1	0	2
8	a6	7	1	2
9	Nc3	3	0	1
10	e6	3	0	0
11	Be3	3	0	0
9	Nxc6	3	0	1
10	bxc6	3	0	1
11	Nc3	3	0	0
8	Qc7	3	0	1
7	c3	6	0	8
8	dxc3	1	0	7
9	Nxc3	1	0	4
10	g6	1	0	2
11	Bc4	1	0	2
9	Bc4	0	0	3
7	Bc4	4	1	3
8	e5	0	1	3
8	e6	3	0	0
7	Ng5	0	0	3
6	e6	6	0	3
7	d5	3	0	1
8	exd5	3	0	1
9	exd5	3	0	1
7	Bc4	3	0	0
6	d6	2	0	3
6	Nxd4	2	0	2
7	Nxd4	2	0	2
8	cxd4	2	0	2
9	Qxd4	2	0	2
6	d5	1	0	2
5	Bc4	110	5	94
6	e6	57	5	53
7	c3	15	1	14
8	d5	6	1	10
9	exd5	5	1	9
10	exd5	5	1	9
11	Bb5	4	1	3
11	Bb3	1	0	3
8	a6	3	0	3
9	d4	2	0	1
8	Nf6	4	0	1
9	e5	2	0	1
7	O-O	13	0	12
8	a6	4	0	2
8	d5	2	0	4
9	exd5	2	0	3
10	exd5	2	0	3
11	Bb5	2	0	1
8	Nf6	3	0	2
9	Re1	3	0	1
10	Be7	2	0	1
8	g6	1	0	2
7	d4	12	0	8
8	cxd4	8	0	6
9	Nxd4	8	0	5
10	Bc5	2	0	3
10	g6	2	0	1
8	d5	2	0	1
9	exd5	2	0	1
10	exd5	2	0	1
11	Bb5	2	0	1
7	d3	8	2	6
8	a6	2	1	3
8	d5	3	0	0
9	exd5	3	0	0
10	exd5	3	0	0
7	Nc3	7	1	5
8	Nge7	3	0	2
9	d3	2	0	1
8	a6	2	0	2
8	Nf6	2	0	1
7	a3	2	0	3
8	d5	2	0	1
9	exd5	2	0	1
10	exd5	2	0	1
7	e5	0	0	4
6	d6	17	0	16
7	c3	4	0	4
8	Nf6	1	0	3
9	d3	0	0	3
7	d4	3	0	5
8	cxd4	3	0	5
9	Nxd4	3	0	4
10	Nf6	1	0	2
7	O-O	5	0	2
8	Nf6	2	0	1
7	d3	2	0	3
7	Nc3	2	0	1
6	g6	20	0	12
7	Nc3	3	0	3
8	Bg7	3	0	3
9	d3	3	0	2
10	e6	2	0	2
11	Bg5	1	0	2
12	Nge7	1	0	2
7	c3	3	0	3
8	Bg7	3	0	3
9	O-O	1	0	2
9	d4	2	0	1
10	cxd4	2	0	1
11	cxd4	2	0	1
7	Ng5	4	0	1
8	e6	4	0	0
9	d3	3	0	0
10	Bg7	3	0	0
11	Qf3	3	0	0
7	O-O	3	0	1
8	Bg7	3	0	0
7	d4	4	0	0
8	cxd4	4	0	0
9	Nxd4	4	0	0
10	Bg7	3	0	0
7	d3	1	0	2
8	Bg7	1	0	2
6	e5	7	0	5
7	O-O	2	0	2
7	d3	3	0	1
6	Nf6	5	0	3
7	d3	2	0	1
7	e5	2	0	1
6	a6	3	0	1
6	h6	1	0	2
5	Bb5	74	9	56
6	d6	17	0	13
7	Bxc6+	4	0	6
8	bxc6	4	0	6
9	O-O	1	0	3
7	O-O	7	0	3
8	Bd7	3	0	2
9	c3	1	0	2
7	d4	4	0	2
8	cxd4	4	0	2
9	Nxd4	3	0	2
10	Bd7	2	0	2
6	g6	14	2	9
7	Bxc6	2	2	7
8	bxc6	2	2	4
9	O-O	1	1	1
10	Bg7	1	1	1
8	dxc6	0	0	3
7	O-O	7	0	1
8	Bg7	7	0	1
6	e6	12	3	8
7	O-O	5	1	3
8	Nge7	2	0	2
9	c3	1	0	2
7	Bxc6	3	1	3
8	bxc6	1	1	3
7	c3	1	1	2
6	a6	9	1	8
7	Bxc6	8	1	6
8	bxc6	5	1	5
9	O-O	4	1	1
9	d4	0	0	3
10	cxd4	0	0	3
8	dxc6	3	0	1
9	O-O	2	0	1
6	Nd4	5	2	5
7	Nxd4	5	1	5
8	cxd4	5	1	5
9	O-O	1	0	4
6	Nf6	5	1	3
7	Bxc6	3	0	0
7	Nc3	1	0	2
6	e5	4	0	5
7	Bxc6	1	0	3
8	dxc6	1	0	2
7	O-O	2	0	1
6	Qc7	5	0	2
7	Nc3	3	0	1
6	Qb6	2	0	1
5	c3	64	4	52
6	e6	18	0	12
7	d4	11	0	7
8	cxd4	7	0	5
9	cxd4	7	0	5
10	Bb4+	3	0	1
11	Bd2	3	0	0
10	d5	2	0	2
8	d5	4	0	2
7	e5	4	0	0
7	Bb5	1	0	2
6	d6	7	0	11
7	d4	7	0	8
8	cxd4	6	0	8
9	cxd4	6	0	8
10	g6	0	0	4
10	e6	2	0	1
6	g6	8	1	9
7	d4	6	1	6
8	cxd4	6	1	5
9	cxd4	6	1	5
10	Bg7	5	1	4
11	Nc3	1	0	3
12	d6	1	0	2
13	Bb5	1	0	2
11	d5	2	0	1
12	Ne5	2	0	1
6	d5	10	2	4
7	exd5	6	2	3
8	Qxd5	6	2	3
9	d4	4	0	1
10	cxd4	3	0	1
9	Be2	1	2	0
7	e5	2	0	1
6	Nf6	8	1	6
7	e5	6	1	3
8	Nd5	3	1	2
9	d4	3	1	2
10	cxd4	3	0	1
11	cxd4	2	0	1
8	Ng4	3	0	1
9	d4	3	0	1
10	cxd4	3	0	0
11	cxd4	3	0	0
7	d3	1	0	2
6	e5	9	0	6
7	d4	5	0	4
8	cxd4	4	0	4
9	cxd4	4	0	4
10	exd4	4	0	4
11	Nxd4	4	0	4
12	Nf6	1	0	2
12	Nxd4	2	0	1
13	Qxd4	2	0	1
7	Bc4	1	0	2
6	a6	4	0	3
7	d4	1	0	3
8	cxd4	0	0	3
9	cxd4	0	0	3
5	Nc3	49	2	51
6	e6	14	1	11
7	d4	9	0	3
8	cxd4	8	0	3
9	Nxd4	8	0	3
7	Bb5	0	0	5
8	Nge7	0	0	3
7	Bc4	1	0	2
6	g6	12	0	14
7	d4	7	0	7
8	cxd4	7	0	7
9	Nxd4	7	0	7
10	Bg7	6	0	6
11	Nxc6	4	0	2
12	bxc6	4	0	2
13	Bd2	3	0	0
11	Be3	1	0	4
12	Nf6	1	0	2
6	d6	11	0	11
7	d4	5	0	7
8	cxd4	4	0	5
9	Nxd4	4	0	5
10	Nf6	1	0	3
7	Bb5	3	0	1
7	Bc4	2	0	2
6	e5	6	0	7
7	Bc4	3	0	2
7	Bb5	2	0	2
8	d6	2	0	1
6	a6	4	0	7
7	Bc4	0	0	3
7	a3	1	0	2
7	d4	2	0	1
8	cxd4	2	0	1
9	Nxd4	2	0	1
6	Nf6	2	1	1
7	Bb5	1	1	1
5	d3	6	0	7
6	e5	3	0	3
6	g6	1	0	3
5	Be2	7	2	1
6	g6	3	1	1
6	e6	3	1	0
5	g3	2	2	5
6	d6	2	1	2
7	Bg2	2	1	2
5	a3	5	0	2
6	e6	2	0	1
5	b4	4	0	3
5	Bd3	1	0	2
5	b3	1	1	1
5	c4	1	0	2
4	d6	360	38	343
5	d4	186	17	163
6	cxd4	179	17	157
7	Nxd4	158	14	141
8	Nf6	115	11	106
9	Nc3	104	10	97
10	a6	68	7	62
11	Bg5	17	0	15
12	e6	10	0	9
13	f4	7	0	5
14	Be7	6	0	5
15	Qf3	6	0	4
16	Qc7	3	0	3
17	O-O-O	3	0	3
16	h6	2	0	1
17	Bh4	2	0	1
12	e5	3	0	4
13	Nf3	1	0	2
12	Nbd7	3	0	2
11	Be3	11	3	10
12	e5	6	3	9
13	Nb3	4	3	5
14	Be6	2	2	4
15	Qd2	1	1	3
16	Nbd7	1	1	2
15	f3	1	1	1
14	Be7	1	1	1
13	Nf3	2	0	2
14	Be7	2	0	1
11	Be2	8	1	12
12	e5	5	0	5
13	Nb3	4	0	3
14	Be7	2	0	1
15	Be3	2	0	1
13	Nf3	1	0	2
12	e6	1	1	3
13	Be3	1	1	2
14	Be7	1	1	1
12	g6	2	0	1
11	Bd3	8	0	8
12	e5	3	0	4
12	e6	1	0	2
12	g6	1	0	2
11	Bc4	8	1	6
12	e6	5	0	4
13	Bb3	1	0	2
13	O-O	3	0	0
14	Be7	3	0	0
11	f3	8	0	3
12	e5	3	0	1
13	Nb3	3	0	1
14	Be6	3	0	1
15	Be3	3	0	1
11	h3	3	2	2
11	a4	2	0	2
11	f4	2	0	1
10	g6	24	0	27
11	Be3	11	0	7
12	Bg7	10	0	7
13	f3	7	0	4
14	O-O	5	0	4
15	Qd2	5	0	2
16	Nc6	5	0	2
17	O-O-O	5	0	0
18	d5	3	0	0
13	Qd2	3	0	0
11	Bc4	2	0	8
12	Bg7	1	0	8
13	Be3	0	0	3
11	Be2	5	0	4
12	Bg7	5	0	4
13	Be3	2	0	3
14	O-O	2	0	3
15	O-O	1	0	2
16	Nc6	1	0	2
11	Bg5	3	0	2
12	Bg7	3	0	2
11	f3	1	0	2
12	Bg7	1	0	2
10	Nc6	6	2	2
11	Bc4	2	0	1
10	e6	4	1	3
10	e5	1	0	2
9	Bd3	7	0	6
10	a6	4	0	2
11	O-O	3	0	2
9	f3	2	0	2
8	Nc6	15	0	6
9	Nc3	10	0	4
10	Nf6	7	0	1
9	Bb5	2	0	2
10	Bd7	2	0	1
8	a6	13	0	7
9	Nc3	5	0	6
10	Nf6	0	0	3
9	c4	4	0	1
10	Nf6	3	0	0
11	Nc3	3	0	0
8	g6	5	2	8
9	Nc3	4	0	3
10	Bg7	4	0	3
11	Be3	4	0	3
12	Nf6	3	0	2
9	Bc4	1	1	2
10	Bg7	1	1	2
8	e5	5	0	6
9	Nf3	3	0	3
10	Nf6	2	0	3
11	Nc3	2	0	3
12	Be7	1	0	3
8	e6	4	1	4
9	Nc3	2	0	4
10	a6	1	0	2
8	Bd7	1	0	4
7	Qxd4	18	3	12
8	Nc6	9	1	9
9	Bb5	6	1	6
10	Bd7	5	1	6
11	Bxc6	5	1	4
12	Bxc6	5	1	3
13	Nc3	3	1	3
14	Nf6	2	0	1
9	Qd1	2	0	1
8	Nf6	6	1	1
9	Nc3	4	1	0
10	Nc6	3	1	0
11	Bb5	3	0	0
12	Bd7	3	0	0
13	Bxc6	3	0	0
14	Bxc6	3	0	0
8	e5	2	0	1
7	c3	2	0	3
8	dxc3	1	0	2
9	Nxc3	1	0	2
6	b6	2	0	3
7	d5	1	0	2
6	Nf6	2	0	1
5	Bc4	59	3	70
6	e6	15	2	31
7	O-O	2	0	8
8	a6	1	0	3
8	Nc6	1	0	2
9	d4	1	0	2
7	d3	4	1	5
8	Nc6	2	0	1
8	Nf6	1	1	1
8	a6	0	0	3
7	d4	3	1	6
8	cxd4	3	0	5
9	Nxd4	3	0	3
10	Be7	2	0	1
7	c3	2	0	6
8	Nf6	1	0	3
9	d3	1	0	3
7	Nc3	0	0	4
8	a6	0	0	3
6	Nf6	17	0	27
7	d3	8	0	12
8	Nc6	2	0	3
8	e6	4	0	1
8	g6	0	0	5
8	a6	2	0	2
7	Nc3	3	0	8
8	a6	0	0	4
8	e6	2	0	2
7	e5	1	0	4
8	dxe5	1	0	4
9	Nxe5	1	0	4
10	e6	1	0	4
11	O-O	1	0	2
7	Ng5	2	0	2
8	e6	2	0	2
7	O-O	2	0	1
8	g6	2	0	1
6	Nc6	11	0	8
7	Nc3	2	0	2
7	O-O	3	0	1
8	Nf6	2	0	1
7	Ng5	3	0	0
8	Ne5	3	0	0
7	c3	2	0	1
8	Nf6	2	0	1
9	d3	2	0	1
6	a6	7	0	2
7	d4	2	0	1
8	cxd4	2	0	1
6	g6	4	1	0
6	e5	2	0	1
6	h6	3	0	0
5	c3	35	3	28
6	Nf6	18	2	16
7	d3	4	0	5
8	Nc6	3	0	2
7	Be2	2	1	3
8	Nc6	1	1	1
7	e5	3	0	2
8	dxe5	3	0	2
9	Nxe5	3	0	2
10	Nbd7	2	0	1
7	Bb5+	3	1	0
8	Bd7	2	1	0
9	Bxd7+	2	1	0
7	d4	2	0	2
8	cxd4	2	0	2
9	cxd4	2	0	2
7	Bc4	2	0	1
7	Bd3	0	0	3
6	Nc6	4	0	4
7	d4	3	0	3
8	cxd4	3	0	2
9	cxd4	3	0	2
6	a6	5	0	2
7	d4	4	0	2
8	cxd4	4	0	2
9	cxd4	4	0	2
6	g6	4	0	1
7	d4	2	0	1
8	cxd4	2	0	1
9	cxd4	2	0	1
10	Bg7	2	0	1
6	e5	0	1	2
6	e6	2	0	1
7	d4	2	0	1
8	cxd4	2	0	1
9	cxd4	2	0	1
10	a6	2	0	1
11	Nc3	2	0	1
5	Bb5+	29	8	25
6	Bd7	15	4	15
7	Bxd7+	13	3	9
8	Nxd7	8	2	6
9	O-O	5	1	3
10	e6	1	1	1
9	d4	1	0	2
8	Qxd7	5	1	3
9	O-O	1	1	1
6	Nc6	10	3	5
7	O-O	2	2	3
8	a6	1	1	2
9	Bxc6+	0	1	2
10	bxc6	0	1	2
7	Bxc6+	1	0	2
8	bxc6	1	0	2
7	d4	2	1	0
6	Nd7	4	1	5
7	O-O	4	1	1
8	a6	4	1	1
9	Bxd7+	2	0	1
10	Bxd7	2	0	1
5	Nc3	26	3	26
6	Nf6	7	1	11
7	Bc4	1	1	5
8	e6	1	0	3
7	d4	4	0	2
8	cxd4	4	0	2
9	Nxd4	4	0	1
7	Bb5+	1	0	4
8	Bd7	1	0	3
9	Bxd7+	1	0	2
10	Nbxd7	1	0	2
6	Nc6	6	1	11
7	d4	4	0	5
8	cxd4	3	0	5
9	Nxd4	3	0	5
10	e5	3	0	0
7	Bb5	2	1	3
8	Bd7	1	1	2
6	a6	7	0	2
6	g6	3	1	2
7	d4	3	0	0
8	cxd4	3	0	0
9	Nxd4	3	0	0
6	e6	3	0	0
5	h3	10	2	7
6	Nf6	5	1	4
7	d3	4	0	1
7	Nc3	0	0	3
6	Nc6	3	0	1
5	Be2	4	0	6
6	Nc6	3	0	3
7	O-O	2	0	3
5	d3	3	0	5
6	Nc6	0	0	4
5	g3	2	0	4
6	Nf6	0	0	3
7	d3	0	0	3
5	a3	0	1	4
5	c4	1	1	3
6	Nf6	1	1	2
7	Nc3	1	1	2
4	e6	158	22	214
5	d4	79	10	110
6	cxd4	67	7	91
7	Nxd4	62	6	81
8	a6	31	1	33
9	Nc3	20	1	18
10	Qc7	7	0	8
11	Bd3	3	0	2
11	Be3	0	0	4
10	b5	7	1	5
11	Bd3	3	1	1
12	Bb7	2	1	1
13	O-O	1	1	1
11	a3	3	0	2
12	Bb7	3	0	2
10	Nc6	3	0	0
9	c4	6	0	2
10	Nf6	3	0	1
11	Nc3	3	0	1
12	Qc7	2	0	1
10	Qc7	2	0	1
11	Nc3	2	0	1
9	Bd3	2	0	4
9	Bc4	2	0	2
9	Be2	0	0	3
8	Nc6	11	3	23
9	Nc3	5	2	11
10	a6	1	0	4
11	Be3	0	0	3
10	Bb4	0	1	3
11	Be3	0	1	2
10	Nf6	2	1	1
10	Qc7	1	0	2
9	Nxc6	4	0	5
10	bxc6	4	0	4
11	Nc3	3	0	2
12	d5	2	0	1
13	exd5	2	0	1
14	cxd5	2	0	1
15	Bb5+	2	0	1
16	Bd7	2	0	1
17	Bxd7+	2	0	1
18	Qxd7	2	0	1
8	Nf6	12	1	16
9	Nc3	7	1	10
10	Nc6	4	1	6
11	Ndb5	0	1	3
11	Nxc6	1	0	2
12	bxc6	1	0	2
10	Bb4	2	0	2
9	Bd3	2	0	2
10	Nc6	1	0	2
9	Bg5	0	0	3
9	e5	2	0	1
8	Bc5	1	0	3
8	Qc7	3	0	0
9	Nc3	3	0	0
8	d5	0	1	2
9	exd5	0	1	2
7	Qxd4	3	0	5
8	Nc6	0	0	4
9	Qd1	0	0	3
10	a6	0	0	3
7	c3	2	0	3
8	dxc3	2	0	2
9	Nxc3	1	0	2
6	d5	6	2	11
7	exd5	5	0	6
8	exd5	4	0	6
9	Bb5+	1	0	3
10	Bd7	1	0	2
9	dxc5	2	0	2
10	Bxc5	2	0	2
7	e5	0	1	3
6	a6	2	0	5
6	Nc6	1	0	2
5	c3	29	4	24
6	d5	10	1	8
7	exd5	5	1	7
8	exd5	5	1	4
9	d4	4	1	3
7	e5	3	0	0
6	Nc6	4	0	7
7	d4	2	0	4
8	cxd4	2	0	4
9	cxd4	2	0	4
10	Nf6	0	0	3
7	Bb5	1	0	2
6	Nf6	6	3	1
7	e5	4	2	1
8	Nd5	4	2	1
9	d4	4	0	1
10	cxd4	4	0	0
11	cxd4	4	0	0
6	a6	6	0	4
7	d4	5	0	4
8	cxd4	5	0	2
9	cxd4	5	0	2
10	b5	3	0	0
5	Bc4	20	2	25
6	a6	12	0	8
7	O-O	1	0	4
8	b5	1	0	3
9	Be2	1	0	3
7	a4	4	0	1
7	a3	3	0	0
7	d3	2	0	1
6	d5	3	1	7
7	exd5	3	1	7
8	exd5	3	1	7
9	Be2	2	0	4
10	Nf6	1	0	3
6	Nc6	2	1	7
7	O-O	1	0	2
5	Nc3	14	2	17
6	a6	8	2	7
7	d4	4	0	5
8	cxd4	4	0	4
9	Nxd4	4	0	4
10	Qc7	2	0	3
10	b5	2	0	1
7	a3	1	1	1
6	Nc6	4	0	8
7	d4	2	0	2
8	cxd4	1	0	2
9	Nxd4	1	0	2
7	Bb5	0	0	3
6	d5	2	0	1
5	c4	6	1	11
6	Nc6	2	1	4
7	Nc3	1	1	2
6	a6	2	0	2
5	Be2	2	0	5
5	e5	3	0	4
6	Nc6	2	0	3
5	g3	2	1	4
6	Nc6	1	1	1
5	d3	1	0	4
5	Bb5	1	2	1
6	a6	1	2	1
5	b3	0	0	4
5	a3	0	0	3
4	g6	71	7	57
5	d4	32	2	19
6	cxd4	24	2	19
7	Nxd4	19	2	17
8	Bg7	13	1	16
9	Nc3	7	0	6
10	Nc6	5	0	5
11	Be3	4	0	4
12	Nf6	2	0	4
9	Be3	4	1	7
10	Nc6	3	1	5
11	Nc3	2	0	3
9	c4	2	0	1
8	Nc6	6	1	1
9	Nc3	3	1	0
10	Bg7	3	1	0
11	Be3	2	1	0
7	Qxd4	5	0	1
8	Nf6	5	0	1
9	e5	3	0	1
10	Nc6	3	0	1
11	Qc3	2	0	1
6	Bg7	6	0	0
7	dxc5	4	0	0
8	Qa5+	4	0	0
5	Bc4	21	0	18
6	Bg7	13	0	13
7	c3	4	0	5
8	Nc6	2	0	2
8	e6	1	0	2
7	O-O	3	0	3
8	e6	1	0	3
7	Nc3	2	0	3
6	Nc6	6	0	1
7	c3	3	0	0
6	e6	2	0	1
5	c3	6	2	10
6	Bg7	3	1	7
7	d4	1	1	4
8	cxd4	1	1	4
9	cxd4	1	0	4
6	Nc6	2	1	0
6	Nf6	1	0	2
5	Nc3	3	2	4
6	Bg7	3	2	4
7	d4	2	1	3
8	cxd4	2	1	3
9	Nxd4	2	1	3
10	Nc6	2	1	2
11	Nxc6	1	0	2
12	bxc6	1	0	2
5	Be2	4	0	1
6	Bg7	4	0	1
7	c3	2	0	1
5	c4	3	1	0
4	a6	46	8	33
5	d4	18	2	16
6	cxd4	16	2	15
7	Nxd4	11	2	15
8	Nf6	4	2	6
9	Nc3	4	0	5
10	e5	4	0	4
11	Nb3	1	0	2
12	Bb4	1	0	2
11	Nf3	2	0	1
8	e5	4	0	3
9	Nf3	3	0	1
8	Nc6	2	0	1
8	d6	1	0	2
8	e6	0	0	3
5	Bc4	5	2	6
6	e6	4	0	4
7	O-O	2	0	1
5	Nc3	7	0	3
6	Nc6	6	0	1
7	Bc4	4	0	0
7	d4	2	0	1
8	cxd4	2	0	1
9	Nxd4	2	0	1
5	c3	3	3	4
6	Nc6	1	1	1
7	d4	1	1	1
5	a4	4	0	1
5	Be2	3	1	0
5	c4	2	0	1
4	Nf6	8	1	8
5	Nc3	3	0	4
6	e6	1	0	3
7	d4	1	0	3
8	cxd4	1	0	3
9	Nxd4	1	0	3
10	Nc6	1	0	2
5	e5	3	1	2
6	Nd5	3	1	1
5	d3	1	0	2
4	d5	3	0	5
5	exd5	1	0	3
5	e5	1	0	2
4	b6	2	1	2
4	h6	3	0	1
3	Bc4	231	31	282
4	e6	93	15	111
5	Nf3	28	6	31
6	Nc6	13	3	6
7	O-O	4	0	4
8	a6	2	0	1
7	c3	4	2	0
8	Nf6	2	1	0
9	d3	2	1	0
7	d3	2	1	1
6	d5	7	1	10
7	exd5	7	1	9
8	exd5	7	1	9
9	Bb5+	4	0	2
10	Bd7	3	0	1
9	Be2	1	1	4
10	Nf6	1	0	3
9	Qe2+	1	0	2
10	Be7	1	0	2
11	Bb5+	1	0	2
12	Nc6	1	0	2
6	a6	5	2	7
7	a4	2	0	2
7	Nc3	0	2	1
6	Nf6	1	0	4
7	d3	1	0	2
6	d6	0	0	3
5	Nc3	19	2	28
6	a6	8	0	10
7	a4	3	0	5
8	Nc6	3	0	3
9	Nf3	1	0	2
7	a3	3	0	4
8	Nc6	2	0	1
8	b5	1	0	2
7	d3	2	0	1
6	Nc6	4	1	11
7	Nf3	1	0	3
7	a3	1	1	2
7	d3	1	0	3
7	f4	1	0	2
6	Nf6	2	0	5
7	d3	2	0	3
8	d5	2	0	2
9	exd5	1	0	2
10	exd5	1	0	2
6	Ne7	3	0	0
5	d3	14	2	16
6	a6	4	0	6
7	Nf3	1	0	2
7	a3	2	0	1
7	a4	0	0	3
6	d5	2	1	5
7	exd5	2	1	5
8	exd5	2	1	5
9	Bb5+	1	0	3
10	Nc6	1	0	3
9	Bb3	1	1	1
6	Nc6	5	1	1
7	a3	2	0	1
6	d6	1	0	2
5	a3	9	2	7
6	a6	5	1	2
7	Nc3	2	0	1
7	Nf3	2	0	1
6	d5	1	1	5
7	exd5	1	1	5
8	exd5	1	1	5
9	Ba2	1	1	3
10	Nf6	1	1	2
5	e5	8	1	5
6	Nc6	4	0	1
7	Nf3	3	0	1
8	Nge7	3	0	0
6	a6	3	1	1
7	Nf3	2	0	1
6	d5	1	0	2
5	c3	4	2	7
6	d5	2	1	2
7	exd5	1	1	2
8	exd5	1	1	2
9	Bb3	1	1	1
6	a6	2	1	0
5	d4	4	0	8
6	cxd4	1	0	6
7	Qxd4	0	0	5
8	Nc6	0	0	5
9	Qd1	0	0	4
6	d5	2	0	2
7	exd5	2	0	2
8	exd5	2	0	2
5	Qf3	1	0	5
5	f4	2	0	2
6	d5	2	0	1
5	Qe2	2	0	1
4	Nc6	68	9	95
5	Nf3	24	1	33
6	e6	10	0	18
7	Nc3	0	0	6
7	d3	2	0	4
8	d5	1	0	2
7	O-O	3	0	2
8	d5	2	0	2
9	exd5	2	0	2
10	exd5	2	0	2
7	c3	1	0	3
8	d5	0	0	3
7	d4	2	0	2
8	cxd4	2	0	1
6	d6	7	0	3
6	g6	6	1	3
7	c3	3	1	0
8	Bg7	3	1	0
7	O-O	1	0	2
8	Bg7	1	0	2
6	e5	1	0	2
6	h6	0	0	3
5	Nc3	13	3	13
6	e6	7	1	6
7	Nf3	3	1	3
8	g6	1	1	1
7	d3	2	0	1
8	Nf6	2	0	1
6	g6	2	1	3
7	Nf3	2	1	2
8	Bg7	2	1	2
9	d3	1	1	1
10	e6	1	1	1
6	d6	2	0	2
7	Nf3	2	0	1
6	Nf6	1	1	1
5	c3	7	3	13
6	e6	6	0	4
7	Nf3	2	0	1
7	d3	2	0	1
6	d6	0	2	1
6	g6	0	0	3
5	d3	10	0	13
6	e6	4	0	8
7	Nc3	3	0	4
7	Nf3	1	0	2
6	g6	2	0	2
5	Qf3	2	1	8
6	e6	1	1	6
7	Ne2	1	0	3
7	c3	0	0	3
5	a3	4	1	6
6	Nf6	1	1	2
7	d3	1	1	1
6	g6	2	0	2
5	Bxf7+	3	0	3
6	Kxf7	3	0	3
7	Qh5+	2	0	3
8	g6	2	0	3
9	Qxc5	2	0	3
5	Qh5	1	0	4
6	e6	0	0	4
5	f4	1	0	2
4	d6	43	4	50
5	Nf3	16	2	15
6	Nf6	5	0	7
7	d3	2	0	3
7	Nc3	2	0	2
6	Nc6	5	1	4
7	Bxf7+	0	1	2
8	Kxf7	0	1	2
6	e6	4	0	2
5	c3	6	0	6
6	Nf6	3	0	5
7	d3	2	0	4
8	g6	1	0	2
6	Nc6	2	0	1
5	d3	3	0	8
6	Nf6	2	0	3
6	Nc6	1	0	3
5	Nc3	6	1	3
6	Nf6	6	1	3
7	d3	4	1	1
5	Qf3	4	0	6
6	Nf6	4	0	4
7	d3	2	0	3
8	Nc6	1	0	2
5	a3	3	0	5
6	Nf6	3	0	4
7	d3	3	0	4
8	Nc6	1	0	3
5	d4	2	1	2
6	cxd4	2	1	2
7	Qxd4	1	1	2
8	Nc6	1	0	2
4	g6	11	1	14
5	Nf3	3	0	3
6	Bg7	3	0	2
5	Qf3	1	0	4
6	e6	1	0	3
5	Nc3	1	1	2
6	Bg7	1	1	2
5	d4	3	0	0
6	cxd4	3	0	0
4	a6	10	0	5
5	a3	4	0	2
6	b5	3	0	0
5	Nf3	3	0	0
5	a4	2	0	1
4	Nf6	1	2	3
5	Nc3	0	2	2
6	e6	0	1	2
4	e5	3	0	2
5	Nf3	2	0	1
3	d4	200	19	171
4	cxd4	182	19	158
5	c3	95	10	76
6	dxc3	72	4	50
7	Nxc3	68	3	43
8	Nc6	28	2	18
9	Nf3	18	1	12
10	d6	5	0	5
11	Bc4	5	0	5
12	e6	3	0	2
13	O-O	3	0	2
14	Nf6	2	0	1
15	Qe2	2	0	1
16	Be7	2	0	1
17	Rd1	2	0	1
18	Qc7	2	0	1
10	e6	6	1	2
11	Bc4	5	1	2
10	g6	3	0	1
11	Bc4	2	0	1
10	e5	0	0	3
11	Bc4	0	0	3
9	Bc4	10	0	5
10	e6	4	0	2
11	Nf3	4	0	1
10	Nf6	3	0	0
11	Nf3	3	0	0
10	g6	1	0	2
8	e6	19	0	9
9	Nf3	11	0	8
10	Bb4	2	0	3
10	a6	3	0	2
11	Bc4	2	0	1
10	Nc6	3	0	1
11	Bc4	2	0	1
9	Bc4	6	0	1
10	Bb4	4	0	0
11	Nf3	4	0	0
8	e5	8	1	4
9	Nf3	4	1	2
10	Nc6	2	0	2
11	Bc4	2	0	1
9	Bc4	4	0	2
10	Nf6	3	0	1
8	g6	5	0	5
9	Nf3	4	0	3
10	Bg7	4	0	3
11	Bc4	4	0	1
9	Bc4	1	0	2
8	d6	6	0	3
9	Nf3	5	0	1
10	e6	3	0	0
11	Bc4	3	0	0
9	Bc4	1	0	2
8	a6	1	0	4
9	Bc4	1	0	2
7	Bc4	2	0	4
7	Nf3	2	1	3
8	cxb2	2	1	1
9	Bxb2	2	1	1
6	e5	7	1	3
7	Nf3	4	0	1
8	Nc6	2	0	1
7	cxd4	2	1	2
8	exd4	0	1	2
9	Qxd4	0	1	2
10	Nc6	0	1	2
6	Nf6	2	2	6
7	e5	2	1	5
8	Nd5	2	1	5
9	Bc4	1	0	3
10	Nb6	0	0	3
11	Bb3	0	0	3
9	cxd4	1	1	1
6	d3	3	1	6
7	Bxd3	2	1	4
8	Nc6	1	0	2
9	Nf3	1	0	2
6	Nc6	5	0	4
7	cxd4	2	0	3
8	d5	0	0	3
7	Nf3	3	0	1
6	d5	0	1	4
7	exd5	0	0	4
8	Qxd5	0	0	4
6	g6	3	1	1
7	Nf3	3	1	1
8	dxc3	2	0	1
9	Nxc3	2	0	1
10	Bg7	2	0	1
6	d6	2	0	2
7	cxd4	1	0	2
5	Qxd4	54	9	58
6	Nc6	48	9	51
7	Qd1	20	3	25
8	e5	10	0	7
9	Nf3	4	0	4
10	d6	3	0	1
10	Nf6	1	0	2
9	Nc3	2	0	2
8	Nf6	3	0	8
9	Nc3	3	0	6
10	e6	2	0	4
11	Bg5	1	0	2
8	g6	3	2	3
8	a6	1	0	4
8	d6	2	1	1
7	Qa4	10	2	10
8	Nf6	3	0	3
9	Nc3	2	0	2
10	g6	2	0	1
8	g6	4	0	2
9	Nc3	4	0	1
10	Bg7	4	0	1
11	Nf3	3	0	0
8	e6	2	1	1
8	d6	0	0	3
9	Nc3	0	0	3
10	Bd7	0	0	3
8	e5	1	1	1
9	Nf3	1	1	1
7	Qe3	11	3	8
8	d6	4	1	1
8	e5	2	2	1
8	e6	3	0	2
9	f4	2	0	1
8	g6	1	0	3
7	Qd3	5	1	3
8	Nf6	2	0	2
9	Nc3	2	0	2
7	Qc4	0	0	4
6	Nf6	3	0	1
7	e5	3	0	0
6	d6	1	0	3
6	e6	2	0	2
5	Nf3	24	0	18
6	Nc6	12	0	12
7	Nxd4	4	0	4
8	Nf6	1	0	2
9	Nc3	1	0	2
7	c3	4	0	4
8	dxc3	3	0	3
9	Nxc3	3	0	3
10	e6	3	0	2
11	Bc4	2	0	1
7	Bc4	3	0	3
8	e6	2	0	1
6	d6	6	0	2
7	Nxd4	3	0	1
8	Nf6	2	0	1
6	e6	1	0	2
6	g6	3	0	0
5	Bc4	5	0	4
6	Nc6	2	0	3
7	Nf3	2	0	2
6	e6	2	0	1
5	f4	3	0	1
6	Nc6	2	0	1
4	e6	12	0	4
5	Nf3	3	0	1
5	d5	3	0	1
5	dxc5	2	0	2
6	Bxc5	2	0	2
7	Nc3	2	0	1
5	c3	3	0	0
4	Nc6	2	0	4
5	dxc5	1	0	2
6	e5	1	0	2
4	d6	2	0	2
5	dxc5	2	0	1
3	c3	157	21	159
4	Nc6	57	4	41
5	d4	47	3	33
6	cxd4	38	3	27
7	cxd4	38	3	27
8	d5	16	2	9
9	e5	6	1	5
10	Bf5	5	1	2
11	Nf3	2	0	2
12	e6	2	0	2
10	e6	1	0	2
9	exd5	8	1	2
10	Qxd5	7	1	2
11	Nf3	7	0	2
12	Bg4	3	0	2
13	Be2	3	0	1
14	O-O-O	2	0	1
12	Nf6	3	0	0
13	Nc3	3	0	0
9	Nc3	2	0	2
10	dxe4	2	0	1
8	e6	13	1	9
9	Nf3	5	0	6
10	d5	2	0	3
11	e5	2	0	2
10	g6	1	0	2
9	Nc3	2	1	2
9	d5	4	0	1
8	d6	3	0	4
9	Bb5	2	0	1
10	Bd7	2	0	1
11	Nf3	2	0	1
8	g6	1	0	3
9	Nf3	1	0	2
8	Nf6	2	0	1
8	e5	3	0	0
6	e6	3	0	1
7	Nf3	2	0	1
6	d5	1	0	2
5	Nf3	7	1	6
6	e6	2	0	2
7	d4	1	0	2
6	d6	1	1	1
6	e5	1	0	2
6	g6	2	0	1
4	d5	21	7	27
5	exd5	18	6	18
6	Qxd5	14	6	16
7	d4	10	4	10
8	cxd4	4	2	6
9	cxd4	3	2	4
10	Nc6	3	2	2
11	Nf3	2	2	2
12	e5	0	2	1
13	Nc3	0	2	1
14	Bb4	0	2	1
9	Qxd4	1	0	2
8	Nf6	3	1	2
9	Nf3	3	1	1
8	Nc6	1	0	2
9	Nf3	1	0	2
10	Nf6	1	0	2
7	Nf3	3	2	3
8	e6	0	1	2
6	Nf6	4	0	2
7	d4	2	0	1
5	e5	2	1	5
6	Nc6	2	0	3
7	d4	2	0	2
8	cxd4	2	0	1
9	cxd4	2	0	1
4	d6	22	2	28
5	d4	18	2	21
6	cxd4	17	2	17
7	cxd4	17	2	17
8	Nf6	8	0	5
9	Nc3	8	0	5
10	e6	2	0	2
10	g6	4	0	0
8	e6	1	1	4
9	Nf3	1	0	3
8	g6	2	0	3
9	Nf3	1	0	2
8	Nc6	1	0	3
8	a6	2	1	1
5	Nf3	4	0	5
4	e6	20	2	23
5	d4	18	2	20
6	cxd4	12	1	9
7	cxd4	12	1	9
8	d5	4	1	6
9	e5	3	1	2
10	Nc6	3	1	1
11	Nf3	2	1	1
8	Nc6	5	0	0
6	d5	4	1	4
7	exd5	2	0	2
8	exd5	2	0	2
9	Nf3	1	0	2
10	Nf6	1	0	2
11	Bd3	1	0	2
7	e5	1	1	1
6	Nc6	1	0	2
6	a6	1	0	2
7	Nf3	1	0	2
8	b5	1	0	2
4	Nf6	21	3	20
5	e5	16	3	14
6	Nd5	16	3	14
7	d4	11	2	12
8	cxd4	7	1	9
9	cxd4	4	1	6
10	d6	4	1	5
11	Nf3	2	1	2
12	Nc6	1	0	2
9	Nf3	2	0	3
8	e6	1	0	3
9	Nf3	1	0	2
7	Bc4	1	1	1
5	d4	2	0	2
6	Nxe4	1	0	2
5	d3	2	0	1
4	e5	8	2	9
5	Nf3	3	1	5
6	Nc6	2	1	3
7	d4	1	1	1
5	d4	4	1	3
6	cxd4	4	1	3
7	cxd4	4	1	3
8	exd4	4	1	3
9	Qxd4	4	0	2
10	Nc6	3	0	2
11	Qd1	2	0	1
4	g6	6	1	6
5	d4	5	0	4
6	cxd4	4	0	3
7	cxd4	3	0	3
8	Bg7	3	0	3
9	Nf3	2	0	3
5	Nf3	0	1	2
6	Bg7	0	1	2
4	a6	2	0	3
5	d4	2	0	2
6	cxd4	1	0	2
7	cxd4	1	0	2
3	Nc3	142	13	156
4	Nc6	53	7	66
5	f4	22	1	24
6	d6	11	0	10
7	Nf3	7	0	5
8	Bg4	2	0	2
9	Bb5	1	0	2
10	a6	1	0	2
11	Bxc6+	1	0	2
12	bxc6	1	0	2
8	Nf6	2	0	1
7	Bb5	0	0	5
7	Bc4	4	0	0
6	g6	5	0	6
7	Nf3	2	0	6
8	Bg7	2	0	5
9	Bb5	1	0	2
9	Bc4	1	0	2
6	e6	4	1	4
7	Nf3	4	1	3
6	e5	1	0	2
5	Nf3	11	1	18
6	d6	4	0	5
7	Bc4	2	0	3
6	e6	3	1	4
7	Bc4	1	1	2
8	Nf6	1	1	1
6	g6	3	0	5
7	Bc4	1	0	3
8	Bg7	0	0	3
6	e5	0	0	3
5	g3	5	3	6
6	g6	2	1	2
7	Bg2	2	1	2
8	Bg7	2	1	2
9	Nge2	1	1	2
6	Nf6	1	1	2
7	Bg2	1	1	2
6	e6	2	0	1
5	Bc4	3	0	7
6	e6	1	0	4
5	d3	5	1	3
6	d6	1	1	1
5	Bb5	4	0	3
6	Nd4	1	0	2
5	a3	1	1	2
4	e6	32	1	37
5	f4	11	0	17
6	a6	4	0	8
7	Nf3	3	0	7
8	Nc6	1	0	3
6	Nc6	3	0	6
7	Nf3	3	0	5
8	a6	2	0	2
6	d5	3	0	2
5	Nf3	7	0	8
6	Nc6	5	0	5
7	d4	3	0	2
8	cxd4	1	0	2
9	Nxd4	1	0	2
6	a6	1	0	2
5	Bc4	7	1	3
6	a6	4	1	1
7	a4	4	1	1
8	Nc6	3	0	1
6	Nc6	2	0	2
5	g3	4	0	2
6	Nc6	2	0	1
7	Bg2	2	0	1
5	d3	1	0	3
6	d5	1	0	2
4	d6	27	3	30
5	f4	10	1	9
6	Nc6	4	0	4
7	Nf3	3	0	4
6	Nf6	3	0	2
7	Nf3	2	0	2
6	e6	2	1	0
7	Nf3	2	1	0
6	g6	1	0	2
7	Nf3	1	0	2
8	Bg7	1	0	2
5	Bc4	5	0	8
6	Nf6	3	0	3
7	d3	1	0	2
5	Nf3	8	0	5
6	Nf6	3	0	1
6	g6	1	0	3
7	d4	1	0	2
8	cxd4	1	0	2
6	Nc6	2	0	1
5	g3	3	1	2
5	Bb5+	0	0	3
4	g6	14	1	12
5	f4	4	1	2
6	Bg7	4	1	2
7	Nf3	4	1	2
8	Nc6	1	1	1
8	d6	2	0	1
5	Bc4	2	0	4
6	Bg7	2	0	3
5	Nf3	3	0	3
6	Bg7	2	0	3
5	g3	1	0	3
6	Bg7	1	0	3
7	Bg2	1	0	3
8	Nc6	1	0	2
9	d3	1	0	2
10	d6	1	0	2
4	a6	11	1	5
5	f4	1	0	4
5	Nf3	2	1	1
5	g3	4	0	0
4	e5	3	0	1
5	Bc4	2	0	1
4	Nf6	1	0	2
4	b6	1	0	2
3	f4	94	7	110
4	Nc6	36	6	45
5	Nf3	32	6	35
6	d6	13	1	14
7	Bc4	4	1	7
8	e6	0	0	3
7	c3	4	0	1
7	Bb5	2	0	2
6	e6	10	1	9
7	Nc3	3	0	2
8	d5	2	0	1
7	c3	3	1	1
8	d5	3	0	0
7	Bc4	2	0	1
7	Be2	0	0	3
6	g6	7	3	4
7	Bc4	4	2	1
8	Bg7	4	2	1
7	c3	2	0	1
6	d5	1	1	2
7	exd5	1	1	1
8	Qxd5	1	1	1
5	Bc4	3	0	4
6	e6	1	0	3
7	Nf3	1	0	3
5	c3	1	0	2
4	d5	15	0	20
5	e5	8	0	13
6	Nc6	4	0	5
7	Nf3	4	0	4
8	Bg4	3	0	2
9	Be2	1	0	2
10	e6	1	0	2
8	Bf5	1	0	2
6	Bf5	1	0	4
7	Nf3	1	0	3
5	exd5	5	0	5
6	Qxd5	4	0	4
7	Nf3	3	0	3
8	Bg4	1	0	2
4	d6	18	0	15
5	Nf3	16	0	14
6	Nc6	5	0	2
7	Bc4	1	0	2
6	Nf6	5	0	2
7	Nc3	3	0	1
6	g6	3	0	4
7	Bc4	1	0	3
8	Bg7	0	0	3
7	c3	2	0	1
6	Bg4	1	0	2
4	e6	14	0	18
5	Nf3	14	0	17
6	d5	5	0	6
7	e5	4	0	5
8	Nc6	2	0	4
9	Bb5	0	0	4
6	Nc6	2	0	4
6	a6	2	0	3
6	Nf6	0	0	3
6	d6	2	0	1
4	g6	3	0	7
5	Nf3	3	0	6
6	Bg7	3	0	5
7	Bc4	2	0	3
8	e6	1	0	2
7	c3	1	0	2
4	a6	3	1	1
5	Nf3	3	1	1
4	e5	3	0	1
5	d3	2	0	1
3	d3	45	3	34
4	Nc6	22	1	15
5	Nf3	4	0	7
6	g6	2	0	4
7	Nc3	1	0	3
8	Bg7	1	0	3
5	c3	6	0	1
5	Nc3	2	0	2
5	g3	3	0	1
4	d6	12	0	7
5	Nc3	3	0	1
6	Nc6	3	0	1
5	Nf3	2	0	1
5	f4	2	0	1
4	e6	4	1	10
5	Nf3	0	1	3
4	e5	1	1	1
4	g6	3	0	0
3	c4	27	2	25
4	Nc6	14	0	11
5	Nc3	7	0	7
6	g6	3	0	2
7	d3	3	0	1
8	Bg7	3	0	1
6	Nf6	1	0	2
5	Nf3	5	0	2
5	d3	2	0	1
4	d6	5	1	5
5	Nf3	2	0	1
5	d3	1	0	2
4	e6	5	0	4
5	Nc3	1	0	2
5	Nf3	1	0	2
4	g6	2	0	2
4	e5	1	0	2
3	a3	20	4	20
4	Nc6	12	0	8
5	b4	7	0	6
6	cxb4	3	0	4
7	axb4	3	0	4
8	Nxb4	1	0	3
9	c3	1	0	3
10	Nc6	1	0	3
11	d4	1	0	3
12	d5	1	0	2
13	exd5	1	0	2
14	Qxd5	1	0	2
15	Na3	1	0	2
4	d6	3	1	7
5	b4	2	0	3
4	e6	3	1	3
5	b4	2	1	3
6	cxb4	1	1	1
7	axb4	1	1	1
4	g6	1	2	1
3	b4	20	1	21
4	cxb4	13	0	13
5	a3	6	0	7
6	bxa3	4	0	5
7	d4	1	0	4
8	e6	1	0	2
7	Bxa3	2	0	1
5	d4	6	0	5
6	d5	1	0	3
7	e5	1	0	3
8	Bf5	0	0	3
6	e6	3	0	1
4	e6	2	0	4
5	bxc5	2	0	3
6	Bxc5	2	0	3
7	d4	1	0	3
4	b6	3	0	1
5	bxc5	3	0	0
6	bxc5	3	0	0
4	e5	1	1	1
3	e5	9	1	17
4	Nc6	6	1	6
5	Nf3	4	0	4
5	f4	2	1	1
4	e6	3	0	3
5	Nf3	2	0	2
4	d6	0	0	5
5	exd6	0	0	3
6	exd6	0	0	3
3	b3	8	1	10
4	Nc6	6	1	4
5	Bb2	5	0	4
6	d6	1	0	2
6	e5	3	0	0
4	e6	1	0	2
3	Ne2	4	2	12
4	Nc6	2	2	7
5	Ng3	0	1	2
4	d6	2	0	3
3	g3	8	0	10
4	Nc6	2	0	2
5	Bg2	2	0	2
4	e6	2	0	2
5	Bg2	2	0	2
4	d6	2	0	1
4	g6	2	0	1
3	Qf3	10	0	4
4	Nc6	6	0	2
5	c3	4	0	1
3	Be2	5	1	5
4	Nc6	3	1	4
5	d3	1	0	2
5	f4	0	1	2
3	Bb5	4	0	4
4	a6	4	0	4
5	Bc4	3	0	3
6	e6	1	0	2
3	h3	6	0	2
4	Nc6	5	0	0
3	Qh5	2	0	4
3	a4	2	2	0
4	Nc6	2	1	0
3	Bd3	2	0	1
3	f3	1	1	1
2	e6	1168	121	1172
3	d4	615	71	619
4	d5	455	51	475
5	e5	178	20	193
6	c5	150	16	180
7	c3	102	12	119
8	Nc6	65	9	80
9	Nf3	54	7	52
10	Qb6	26	5	25
11	Bd3	8	0	10
12	Bd7	1	0	8
13	O-O	0	0	5
14	cxd4	0	0	5
15	cxd4	0	0	4
16	Nxd4	0	0	3
12	cxd4	5	0	2
13	cxd4	5	0	2
14	Bd7	2	0	2
11	Be2	5	3	5
12	Nge7	1	2	2
12	Nh6	1	1	1
12	cxd4	3	0	0
13	cxd4	3	0	0
14	Nge7	3	0	0
11	a3	5	1	4
12	Nh6	1	1	1
11	Qb3	4	1	2
12	Qxb3	3	0	0
13	axb3	3	0	0
11	b3	4	0	1
12	cxd4	3	0	1
13	cxd4	3	0	1
10	Bd7	11	1	11
11	Bd3	4	0	5
12	cxd4	2	0	2
13	cxd4	2	0	2
11	Be2	2	1	2
12	Rc8	1	1	2
13	O-O	1	1	1
11	Be3	1	0	2
10	cxd4	6	0	4
11	cxd4	6	0	4
12	Bb4+	2	0	3
13	Nc3	2	0	3
12	Nge7	3	0	0
10	Nge7	4	0	5
11	Bb5	2	0	1
10	Qa5	2	0	2
11	Bd2	1	0	2
12	Qb6	1	0	2
13	b3	1	0	2
10	Qc7	2	1	0
10	a6	0	0	3
9	Bb5	6	1	13
10	Bd7	3	1	7
11	Bxc6	3	1	6
12	Bxc6	1	1	5
13	Nf3	0	0	5
14	Qb6	0	0	3
15	O-O	0	0	3
12	bxc6	2	0	1
10	Qb6	3	0	6
11	Bxc6+	2	0	4
12	bxc6	1	0	3
11	a4	1	0	2
12	a6	1	0	2
9	Be3	3	0	5
10	Qb6	2	0	1
9	a3	0	0	6
10	Qb6	0	0	3
8	Qb6	16	0	18
9	Nf3	11	0	14
10	Nc6	11	0	11
11	Bd3	4	0	3
12	Bd7	3	0	2
13	Bc2	2	0	1
11	Be2	4	0	0
11	Be3	1	0	2
9	Qb3	2	0	1
8	cxd4	4	1	8
9	cxd4	4	1	8
10	Nc6	2	1	8
11	Nf3	1	1	5
12	Bb4+	1	1	2
12	Nge7	0	0	3
8	c4	6	0	2
9	Nf3	3	0	2
8	Bd7	3	0	4
9	Nf3	3	0	4
10	Nc6	2	0	3
8	Ne7	1	2	2
9	Nf3	1	1	2
8	a6	4	0	1
9	Nf3	3	0	0
8	Qa5	2	0	1
7	Nf3	27	1	33
8	Nc6	13	1	22
9	Bb5	5	0	7
10	Bd7	2	0	4
11	Bxc6	2	0	2
12	Bxc6	1	0	2
10	Qb6	1	0	2
9	c3	4	0	5
10	Qb6	3	0	1
9	Bd3	1	1	2
9	Bf4	0	0	3
8	Qb6	5	0	6
9	Be3	1	0	3
10	Qxb2	1	0	3
11	Nbd2	1	0	3
9	c3	3	0	1
10	Nc6	3	0	1
8	cxd4	6	0	4
9	Nxd4	4	0	2
10	Nc6	4	0	1
9	Qxd4	2	0	1
10	Nc6	2	0	1
8	a6	2	0	1
7	Bb5+	9	1	13
8	Nc6	4	1	7
9	Bxc6+	1	1	3
10	bxc6	1	1	3
11	c3	0	0	3
9	c3	2	0	2
10	cxd4	1	0	2
11	cxd4	1	0	2
8	Bd7	5	0	6
9	Bxd7+	5	0	6
10	Nxd7	3	0	5
11	c3	2	0	2
10	Qxd7	2	0	1
7	Be3	6	1	3
8	cxd4	4	1	1
9	Bxd4	4	1	1
10	Nc6	4	1	1
11	Bb5	2	1	0
8	Nc6	2	0	1
7	c4	2	0	4
8	cxd4	2	0	3
9	Qxd4	2	0	2
10	Nc6	2	0	2
7	dxc5	2	0	4
8	Bxc5	2	0	4
9	Nf3	1	0	3
7	f4	1	1	2
6	Bd7	6	3	5
7	Nf3	3	3	2
8	a6	2	1	2
6	Nc6	7	0	0
7	Nf3	6	0	0
8	Bb4+	3	0	0
6	Ne7	4	0	3
7	Nf3	2	0	1
6	a6	3	0	3
7	Nf3	1	0	2
6	f6	3	0	0
5	exd5	139	14	139
6	exd5	131	14	131
7	Nf3	51	6	52
8	Nf6	27	1	23
9	Bd3	9	0	10
10	Bd6	5	0	6
11	O-O	4	0	4
12	O-O	4	0	4
13	Bg5	1	0	3
14	Bg4	1	0	2
13	h3	3	0	0
10	Be7	2	0	1
9	Be2	6	0	4
10	Bd6	3	0	1
11	O-O	2	0	1
12	O-O	2	0	1
9	Nc3	7	0	2
10	Bd6	4	0	0
9	Bg5	2	0	4
8	Bd6	10	3	8
9	Bd3	4	1	2
10	Nf6	3	0	0
9	Be2	2	2	3
10	Ne7	1	2	1
11	O-O	1	2	0
9	c4	1	0	2
8	Bg4	8	0	3
9	Be2	4	0	2
10	Bd6	2	0	1
8	Nc6	2	0	6
8	Bf5	2	0	3
8	h6	1	1	3
8	c6	0	1	3
8	c5	1	0	2
7	Nc3	27	1	24
8	Nf6	16	1	14
9	Nf3	9	1	7
10	Bb4	3	0	1
10	Bd6	2	0	1
9	Bg5	5	0	4
8	c6	7	0	4
9	Nf3	4	0	3
10	Bd6	1	0	2
8	Be6	1	0	2
8	Nc6	1	0	2
8	c5	1	0	2
7	Bd3	26	3	19
8	Nf6	13	2	10
9	Nf3	5	0	1
9	Bg5	2	0	2
10	Be7	2	0	2
11	Nf3	2	0	2
9	Ne2	0	1	3
9	h3	2	0	2
10	Bd6	2	0	1
11	Nf3	2	0	1
12	O-O	2	0	1
13	O-O	2	0	1
9	Bf4	3	0	0
9	c3	1	1	1
8	Bd6	5	0	5
9	h3	0	0	5
10	Ne7	0	0	4
11	Nf3	0	0	3
12	O-O	0	0	3
13	O-O	0	0	3
9	Nf3	3	0	0
8	Be6	2	0	2
9	Nf3	2	0	1
8	Nc6	4	0	0
8	c5	1	1	1
7	c4	12	1	16
8	Nf6	6	0	8
9	Nc3	4	0	4
10	Be7	0	0	3
8	dxc4	3	0	2
9	Bxc4	2	0	2
10	Nf6	2	0	2
8	Bb4+	0	0	3
9	Bd2	0	0	3
7	c3	0	1	7
8	Nf6	0	1	5
7	h3	5	1	2
8	Nf6	2	1	2
9	Nf3	1	1	1
7	Bf4	3	0	3
8	Nf6	1	0	3
7	Qe2+	2	1	1
8	Be6	1	1	1
7	Bb5+	0	0	3
7	Be3	1	0	2
8	Nf6	1	0	2
6	Qxd5	8	0	8
7	Nf3	4	0	4
8	Nc6	0	0	3
9	Nc3	0	0	3
10	Bb4	0	0	3
7	Nc3	2	0	3
8	Bb4	2	0	1
7	c4	2	0	1
5	Nc3	91	11	89
6	Nf6	30	4	31
7	e5	19	3	20
8	Nfd7	19	3	19
9	f4	10	3	7
10	c5	10	3	6
11	Nf3	7	3	5
12	Nc6	7	1	5
13	Be3	5	0	4
14	Qb6	2	0	2
15	Na4	1	0	2
11	Nce2	3	0	0
9	Nf3	7	0	9
10	c5	7	0	8
11	Bb5	3	0	2
12	Nc6	2	0	1
11	Be3	3	0	2
12	cxd4	3	0	0
13	Bxd4	3	0	0
14	Nc6	3	0	0
15	Bb5	3	0	0
7	Bg5	10	1	9
8	Be7	6	0	6
9	e5	4	0	4
10	Nfd7	4	0	4
11	Bxe7	3	0	3
12	Qxe7	3	0	3
9	Bxf6	2	0	2
10	Bxf6	2	0	2
11	e5	1	0	2
12	Be7	1	0	2
8	dxe4	2	0	1
9	Nxe4	2	0	1
6	Bb4	17	5	21
7	e5	10	2	8
8	c5	6	2	6
9	a3	4	2	4
10	Bxc3+	1	2	3
11	bxc3	1	2	3
7	exd5	4	1	9
8	exd5	3	0	8
9	Bd2	1	0	6
10	Nf6	1	0	4
7	Bd3	2	2	0
6	dxe4	21	1	20
7	Nxe4	19	1	19
8	Nf6	5	0	7
9	Bg5	2	0	4
10	Be7	2	0	4
9	Nxf6+	2	0	1
8	Bd7	5	1	5
9	Nf3	3	1	3
10	Bc6	2	1	3
11	Bd3	1	1	1
12	Nd7	1	1	1
8	Nd7	6	0	2
9	Nf3	4	0	2
10	Ngf6	4	0	2
7	f3	2	0	1
6	c5	12	1	12
7	Nf3	5	1	7
8	Nc6	3	0	4
8	cxd4	0	0	3
9	Nxd4	0	0	3
7	exd5	3	0	2
8	exd5	2	0	2
9	dxc5	1	0	2
7	dxc5	1	0	2
8	Bxc5	1	0	2
6	c6	5	0	2
6	a6	2	0	2
6	Nc6	3	0	0
5	Nd2	34	5	38
6	c5	13	1	9
7	Ngf3	7	0	3
8	cxd4	3	0	1
9	Nxd4	3	0	1
10	Nc6	3	0	1
11	Nxc6	2	0	1
12	bxc6	2	0	1
8	Nc6	2	0	1
7	c3	2	0	4
7	exd5	4	1	1
8	exd5	3	0	1
6	Nf6	9	2	11
7	e5	9	2	9
8	Nfd7	9	2	8
9	Bd3	4	1	0
10	c5	4	1	0
11	c3	4	1	0
12	Nc6	3	1	0
13	Ne2	2	1	0
9	f4	3	0	2
10	c5	3	0	1
11	c3	3	0	1
12	Nc6	3	0	0
9	Ngf3	0	0	3
10	c5	0	0	3
9	c4	1	1	1
6	dxe4	7	1	14
7	Nxe4	7	1	14
8	Nd7	3	1	4
9	Nf3	2	0	4
10	Ngf6	2	0	4
11	Bd3	0	0	3
12	Nxe4	0	0	3
13	Bxe4	0	0	3
14	Nf6	0	0	3
15	Bd3	0	0	3
8	Bd7	2	0	4
9	Nf3	1	0	2
10	Bc6	1	0	2
8	Nf6	1	0	5
6	a6	1	1	2
5	Bd3	7	0	9
6	c5	1	0	5
6	Nf6	3	0	2
7	e5	2	0	1
8	Nfd7	2	0	1
6	dxe4	3	0	2
7	Bxe4	3	0	2
8	Nf6	2	0	2
9	Bf3	1	0	2
5	Be3	3	0	1
5	Nf3	0	1	3
5	c4	2	0	1
6	dxe4	2	0	1
7	Nc3	2	0	1
4	c6	35	2	28
5	Nf3	10	1	13
6	d5	7	0	8
7	e5	7	0	5
8	c5	3	0	3
9	c3	3	0	3
10	Nc6	2	0	2
8	f5	2	0	1
6	Nf6	0	1	2
5	Nc3	10	0	2
6	d5	5	0	2
7	e5	3	0	2
8	c5	1	0	2
5	c4	6	0	6
6	d5	1	0	5
7	e5	0	0	4
5	e5	5	0	2
6	d5	3	0	1
5	Bd3	1	0	2
4	c5	22	5	27
5	Nf3	8	2	6
6	cxd4	4	1	4
7	Nxd4	4	1	1
8	Nc6	2	0	1
6	Nf6	3	1	0
5	d5	5	1	9
6	Nf6	1	0	3
6	d6	2	1	1
6	exd5	0	0	3
5	c3	7	2	5
6	cxd4	2	2	2
7	cxd4	2	2	2
5	dxc5	0	0	6
6	Bxc5	0	0	5
7	Nc3	0	0	3
4	b6	26	1	21
5	Nf3	9	1	8
6	Bb7	7	1	8
7	Nc3	4	1	5
8	Bb4	2	1	3
9	Bd2	1	1	1
10	Bxc3	1	1	1
11	Bxc3	1	1	1
12	Bxe4	1	1	1
8	g6	1	0	2
7	Bd3	2	0	3
5	Nc3	6	0	3
6	Bb7	5	0	3
7	Nf3	4	0	2
5	c4	3	0	4
6	Bb7	3	0	3
7	Nc3	3	0	2
8	Bb4	3	0	2
5	Bd3	2	0	1
6	Bb7	2	0	1
4	d6	24	3	13
5	Nf3	9	3	3
6	h6	2	1	0
5	c4	5	0	6
5	Nc3	3	0	1
6	c6	2	0	1
5	f4	2	0	2
5	c3	3	0	0
4	a6	9	0	12
5	Nf3	4	0	6
6	h6	2	0	2
6	b5	0	0	3
5	e5	1	0	2
4	Nf6	6	1	11
5	Nc3	4	1	4
6	Bb4	3	1	3
7	e5	1	1	1
5	e5	2	0	5
6	Nd5	1	0	3
4	Ne7	7	3	6
5	Nc3	3	0	2
6	Ng6	2	0	1
7	Nf3	2	0	1
5	Nf3	2	2	1
5	c4	0	1	2
4	g6	6	1	8
5	Nf3	3	0	3
6	Bg7	3	0	2
5	Nc3	2	0	2
6	Bg7	2	0	2
4	h6	5	0	6
5	f4	2	0	2
4	Be7	4	0	6
5	Nc3	3	0	3
4	Nc6	5	1	3
5	Nc3	1	0	2
5	d5	3	0	0
4	Qh4	5	0	2
5	Nc3	4	0	1
6	Bb4	4	0	1
4	Bb4+	2	2	0
3	Nf3	299	29	298
4	d5	191	16	200
5	exd5	128	11	125
6	exd5	120	11	117
7	d4	92	9	86
8	Nf6	40	6	49
9	Nc3	12	2	7
10	Bb4	3	1	2
10	Bd6	2	0	1
10	Nc6	2	0	1
10	c5	2	0	1
9	Bd3	8	2	9
10	Bd6	4	1	4
11	O-O	2	1	3
12	O-O	0	1	3
10	Be7	1	0	4
9	c4	7	0	6
10	c6	3	0	1
11	cxd5	3	0	0
10	Bd6	1	0	2
9	Bg5	2	1	9
10	Be7	1	0	5
9	Be2	4	0	7
10	Bd6	2	0	3
11	O-O	2	0	3
12	O-O	2	0	3
9	c3	3	0	3
10	Be7	2	0	2
9	h3	2	0	3
10	Bd6	2	0	1
9	Bb5+	0	1	3
10	c6	0	0	3
8	Bd6	18	1	11
9	Bd3	8	1	3
10	Ne7	6	0	1
11	O-O	5	0	0
10	Nf6	2	0	2
9	Nc3	3	0	3
10	c6	1	0	2
9	Bb5+	2	0	1
9	Be2	2	0	1
8	Nc6	9	0	6
9	Bb5	2	0	3
9	c3	4	0	0
8	Bg4	7	1	3
9	Be2	2	1	1
8	c5	7	0	4
9	dxc5	2	0	3
10	Bxc5	2	0	3
11	Bb5+	2	0	1
9	Bb5+	4	0	0
10	Nc6	3	0	0
8	Bf5	4	0	6
9	Nc3	2	0	3
10	Nf6	2	0	2
8	c6	3	0	2
9	Nc3	1	0	2
8	h6	3	0	1
9	Nc3	2	0	1
8	Be6	1	1	1
7	Nc3	4	0	6
8	Nf6	3	0	4
9	d4	2	0	2
8	d4	1	0	2
7	Qe2+	3	0	7
8	Be7	1	0	5
7	Bd3	4	0	3
8	Nf6	3	0	2
9	O-O	3	0	2
7	Be2	4	1	2
8	Nf6	3	1	1
9	O-O	1	1	1
7	Bb5+	0	1	5
8	c6	0	1	5
9	Ba4	0	0	3
7	c4	3	0	2
8	Nf6	2	0	1
9	cxd5	2	0	1
7	d3	4	0	1
8	Nf6	2	0	1
7	c3	3	0	1
8	Nf6	3	0	1
6	Qxd5	8	0	7
7	Nc3	5	0	5
8	Qd8	3	0	4
9	Bb5+	2	0	1
10	c6	2	0	1
9	d4	0	0	3
7	d4	3	0	2
5	e5	41	4	53
6	c5	26	3	44
7	c3	13	2	15
8	Nc6	7	2	10
9	Bb5	4	1	4
10	Bd7	3	0	2
9	d4	3	1	5
10	cxd4	2	1	1
11	cxd4	2	1	1
10	Qb6	1	0	2
8	Qb6	4	0	4
9	d4	1	0	3
8	Bd7	2	0	1
9	d4	2	0	1
7	d4	8	0	15
8	Nc6	5	0	9
9	c3	3	0	5
10	Bd7	1	0	2
8	cxd4	3	0	4
9	Nxd4	2	0	3
10	Nc6	2	0	2
11	Nxc6	2	0	1
12	bxc6	2	0	1
7	Bb5+	1	0	6
8	Bd7	1	0	5
9	Bxd7+	0	0	3
7	b4	2	0	3
8	cxb4	1	0	2
9	a3	1	0	2
7	d3	2	0	1
8	Nc6	2	0	1
6	Nc6	2	0	2
7	d4	2	0	2
6	Ne7	1	0	3
7	d4	1	0	3
6	d4	3	0	1
6	Bc5	3	0	0
6	Bd7	3	0	0
7	d4	3	0	0
6	f6	1	0	2
5	Nc3	13	1	10
6	dxe4	4	1	3
7	Nxe4	4	1	3
8	Nd7	1	1	1
8	Nf6	1	0	2
6	d4	3	0	3
7	Nb5	2	0	2
6	Bb4	1	0	2
6	Nf6	2	0	1
7	e5	2	0	1
8	Nfd7	2	0	1
9	d4	2	0	1
10	c5	2	0	1
6	c5	3	0	0
5	d4	2	0	5
6	dxe4	1	0	4
7	Ne5	0	0	3
5	Bd3	2	0	3
5	d3	4	0	1
6	dxe4	3	0	0
4	c5	21	2	18
5	d4	10	2	8
6	cxd4	7	2	5
7	Nxd4	5	0	4
8	Nc6	2	0	1
7	Qxd4	1	2	0
8	Nc6	1	2	0
5	Nc3	4	0	5
6	Nc6	2	0	2
5	c3	4	0	0
6	Nc6	3	0	0
5	Bb5	0	0	3
4	c6	12	1	24
5	d4	6	1	16
6	d5	3	1	9
7	e5	1	0	5
8	c5	1	0	2
7	exd5	1	1	2
8	cxd5	1	0	2
5	Nc3	2	0	4
6	d5	1	0	2
5	Bc4	2	0	2
4	b6	19	0	16
5	d4	9	0	9
6	Bb7	7	0	8
7	Bd3	3	0	3
8	Nf6	2	0	1
7	Nc3	3	0	3
8	Bb4	1	0	2
5	Nc3	2	0	4
6	Bb7	2	0	3
7	d4	1	0	2
5	Bc4	4	0	1
6	Bb7	4	0	0
5	d3	1	0	2
6	Bb7	1	0	2
4	d6	12	2	11
5	d4	8	2	7
6	h6	3	1	1
6	c6	2	0	1
5	Bc4	3	0	1
5	Nc3	1	0	2
4	Nc6	10	1	6
5	d4	2	1	3
6	d5	2	1	1
7	e5	2	1	1
5	Bc4	2	0	2
5	Nc3	4	0	0
4	Nf6	8	0	3
5	Nc3	3	0	3
4	h6	6	1	4
5	d4	2	1	4
5	Bc4	3	0	0
4	g6	6	1	3
5	d4	2	0	2
4	Bc5	3	2	4
5	d4	2	1	3
6	Bb6	2	0	3
4	Ne7	1	2	3
5	d4	0	1	2
4	a6	1	1	4
5	d4	1	0	2
4	Be7	4	0	0
3	Bc4	46	3	52
4	d5	28	2	24
5	exd5	28	2	23
6	exd5	28	2	23
7	Bb3	22	1	16
8	Nf6	14	0	8
9	Nf3	5	0	2
9	d3	4	0	2
9	d4	2	0	2
10	Bd6	1	0	2
8	c6	4	0	2
9	d3	1	0	2
9	d4	3	0	0
8	Be6	1	0	3
8	c5	2	0	2
7	Qe2+	3	0	3
7	Bb5+	2	0	3
8	c6	1	0	3
9	Ba4	1	0	2
7	Be2	1	1	1
4	c6	3	0	11
5	d3	1	0	5
6	d5	1	0	4
7	exd5	1	0	4
8	cxd5	1	0	3
9	Bb3	1	0	3
4	Nc6	2	0	5
4	a6	4	1	2
4	b6	4	0	2
4	c5	2	0	3
4	Nf6	1	0	3
3	Nc3	50	5	46
4	d5	32	4	21
5	exd5	17	3	14
6	exd5	17	3	14
7	d4	11	1	13
8	Nf6	7	0	7
9	Nf3	4	0	4
9	Bg5	2	0	2
10	Be7	2	0	1
8	c6	0	0	3
7	Nf3	3	0	0
5	d4	11	0	3
6	Nf6	5	0	1
7	e5	4	0	1
8	Nfd7	3	0	1
9	f4	2	0	1
6	Bb4	4	0	1
5	Nf3	3	1	0
4	b6	3	0	4
5	d4	2	0	1
6	Bb7	2	0	1
4	c5	3	0	3
4	c6	4	0	2
5	d4	3	0	1
4	Bb4	1	1	3
5	Nf3	1	1	1
4	d6	2	0	2
5	Nf3	1	0	2
4	Be7	1	0	2
4	Nc6	2	0	1
4	Nf6	1	0	2
3	f4	42	3	54
4	d5	31	3	38
5	e5	20	2	26
6	c5	14	2	18
7	Nf3	8	2	12
8	Nc6	7	2	7
9	c3	2	2	2
9	Bb5	2	0	3
10	Bd7	1	0	2
8	Qb6	0	0	3
7	d4	2	0	2
8	Nc6	1	0	2
7	Bb5+	1	0	2
7	c3	2	0	1
6	d4	1	0	2
5	exd5	7	1	8
6	exd5	7	1	8
7	Nf3	6	1	6
8	Nf6	4	0	2
9	Be2	2	0	1
10	Bd6	2	0	1
9	d4	2	0	1
10	Bd6	2	0	1
7	d4	1	0	2
4	c5	3	0	5
5	Nf3	3	0	3
6	Nc6	3	0	0
4	c6	1	0	5
5	Nf3	1	0	3
6	d5	1	0	2
3	e5	32	2	36
4	d5	23	2	23
5	d4	12	0	17
6	c5	10	0	17
7	c3	5	0	12
8	Nc6	3	0	6
9	Nf3	2	0	3
10	Qb6	1	0	3
11	Be2	1	0	2
8	Qb6	0	0	5
7	Bb5+	3	0	2
8	Nc6	1	0	2
7	Nf3	1	0	3
5	exd6	6	1	5
6	Bxd6	4	1	4
7	Nc3	3	0	0
7	Nf3	1	0	2
8	Nf6	1	0	2
6	cxd6	2	0	1
5	Nf3	3	1	0
6	c5	2	1	0
5	f4	2	0	1
4	Nc6	2	0	3
5	d4	1	0	2
4	c5	2	0	2
4	d6	2	0	2
4	a6	1	0	2
3	d3	23	5	18
4	d5	13	5	15
5	Nd2	8	0	7
6	Nf6	3	0	2
7	Ngf3	2	0	2
6	c5	1	0	2
6	d4	0	0	3
6	dxe4	3	0	0
7	dxe4	3	0	0
5	exd5	4	3	3
6	exd5	4	3	3
7	d4	3	0	1
4	c5	2	0	1
4	g6	2	0	1
3	c4	20	0	9
4	d5	6	0	6
5	cxd5	4	0	4
6	exd5	4	0	4
7	exd5	2	0	2
4	c6	5	0	1
5	d4	2	0	1
6	d5	2	0	1
7	cxd5	2	0	1
4	c5	4	0	0
4	d6	2	0	1
3	b3	11	1	14
4	d5	7	1	10
5	Bb2	5	0	9
6	dxe4	3	0	4
7	Nc3	3	0	4
8	Nf6	2	0	4
9	Qe2	1	0	4
6	Nf6	1	0	3
7	e5	1	0	3
8	Nfd7	1	0	3
9	Nf3	0	0	3
4	c5	1	0	3
5	Bb2	0	0	3
3	Bb5	4	0	3
4	c6	2	0	2
5	Ba4	2	0	1
3	Ne2	4	0	3
4	d5	2	0	2
3	Qf3	4	0	3
4	d5	3	0	2
5	exd5	3	0	2
6	exd5	2	0	2
3	c3	3	0	4
4	d5	3	0	4
5	e5	0	0	3
6	c5	0	0	3
5	exd5	2	0	1
6	exd5	2	0	1
7	d4	2	0	1
3	g3	2	1	4
4	d5	2	0	3
5	exd5	0	0	3
6	exd5	0	0	3
3	a3	4	0	2
4	d5	3	0	1
5	exd5	3	0	0
6	exd5	3	0	0
3	Qe2	2	0	3
4	b6	1	0	2
3	h3	4	0	0
4	d5	3	0	0
3	Be2	1	0	2
4	d5	1	0	2
2	c6	1163	122	1167
3	d4	567	65	535
4	d5	530	64	517
5	e5	251	19	227
6	Bf5	127	15	112
7	Nf3	36	8	40
8	e6	33	6	36
9	Bd3	13	2	13
10	Bxd3	9	2	7
11	Qxd3	9	2	7
12	Nd7	4	2	1
13	O-O	2	1	0
14	c5	2	1	0
12	c5	3	0	2
13	c3	1	0	2
12	a6	2	0	2
13	O-O	2	0	1
14	c5	2	0	1
15	c3	2	0	1
10	Bg6	2	0	1
10	Ne7	1	0	2
9	Be2	5	2	8
10	c5	3	1	7
11	c3	1	0	4
11	O-O	1	1	2
9	Nc3	4	0	7
10	c5	1	0	4
10	Bb4	1	0	2
11	Bd2	1	0	2
9	c3	4	0	3
9	a3	1	1	1
9	h3	1	0	2
8	Nd7	1	1	1
8	h6	2	1	0
7	Bd3	19	3	24
8	Bxd3	13	3	20
9	Qxd3	12	3	19
10	e6	11	3	19
11	Nf3	7	2	11
12	c5	2	0	5
13	c3	2	0	2
14	Nc6	2	0	2
12	Nd7	2	1	2
13	O-O	1	1	1
14	c5	1	1	1
12	Ne7	1	1	3
13	Bg5	1	0	2
11	Ne2	2	0	3
11	f4	1	1	2
12	c5	1	1	1
8	Bg6	2	0	2
8	Qd7	2	0	1
8	e6	2	0	1
7	h4	16	0	8
8	h6	8	0	4
9	g4	5	0	3
10	Bh7	2	0	1
8	h5	5	0	4
9	Bd3	5	0	2
10	Bxd3	4	0	2
11	Qxd3	4	0	2
12	e6	4	0	2
13	Nf3	3	0	1
8	e6	3	0	0
9	g4	3	0	0
7	Nc3	10	1	6
8	e6	10	1	6
9	Nf3	1	0	3
9	g4	2	1	1
10	Bg6	2	1	1
11	Nge2	2	1	0
9	Bd3	3	0	0
7	c3	9	0	7
8	e6	9	0	7
9	Nf3	2	0	2
9	Bd3	3	0	0
7	f4	9	0	7
8	e6	8	0	7
9	Nf3	4	0	7
10	h6	1	0	3
10	c5	1	0	2
7	g4	8	1	6
8	Bg6	6	1	6
9	h4	4	0	3
10	h6	2	0	2
11	h5	2	0	2
12	Bh7	2	0	2
13	e6	2	0	1
14	fxe6	2	0	1
15	Bd3	2	0	1
10	h5	2	0	1
7	c4	7	1	3
8	e6	6	1	3
9	Nc3	4	1	1
7	Ne2	3	0	3
8	e6	3	0	3
9	Ng3	3	0	2
10	Bg6	3	0	2
11	h4	3	0	0
7	h3	1	1	2
8	e6	1	0	2
7	Be2	2	0	1
7	Bf4	1	0	2
8	e6	1	0	2
7	a3	1	0	2
8	e6	1	0	2
6	c5	103	3	97
7	c3	57	2	59
8	Nc6	38	2	42
9	Nf3	20	2	26
10	Bg4	14	2	21
11	Be2	6	2	12
12	e6	4	2	10
13	O-O	3	0	5
14	Nge7	3	0	2
14	Bxf3	0	0	3
15	Bxf3	0	0	3
13	h3	1	1	4
14	Bxf3	1	1	3
15	Bxf3	1	1	3
16	cxd4	0	1	2
17	cxd4	0	1	2
11	Bb5	2	0	3
12	e6	1	0	3
11	Be3	3	0	2
11	h3	1	0	3
12	Bxf3	1	0	3
13	Qxf3	1	0	3
10	cxd4	3	0	3
11	cxd4	3	0	2
12	Bg4	3	0	2
13	Be2	1	0	2
10	e6	2	0	1
9	Bb5	10	0	8
10	Bf5	2	0	3
10	cxd4	2	0	3
11	cxd4	2	0	1
10	Qa5	3	0	0
10	a6	2	0	1
9	Be3	3	0	3
10	cxd4	1	0	2
11	cxd4	1	0	2
9	f4	1	0	2
10	Bf5	1	0	2
11	Nf3	1	0	2
8	cxd4	12	0	10
9	cxd4	12	0	10
10	Nc6	11	0	7
11	Nf3	8	0	3
12	Bg4	6	0	3
13	Be3	3	0	0
14	e6	3	0	0
11	Be3	2	0	1
8	Bf5	4	0	4
9	Bd3	2	0	1
8	e6	1	0	2
7	Nf3	16	0	17
8	Bg4	7	0	8
9	Be2	2	0	4
9	c3	3	0	1
8	Nc6	3	0	8
9	Bb5	3	0	4
10	Bg4	2	0	3
9	dxc5	0	0	3
10	Bg4	0	0	3
8	cxd4	5	0	0
9	Qxd4	3	0	0
7	dxc5	12	1	10
8	Nc6	9	1	6
9	Nf3	4	1	3
10	Bg4	3	1	2
11	Be2	2	0	1
12	e6	2	0	1
9	f4	2	0	1
8	e6	3	0	3
9	Be3	1	0	2
7	Be3	7	0	4
8	cxd4	3	0	3
9	Bxd4	3	0	3
10	Nc6	3	0	3
8	Nc6	4	0	1
9	dxc5	2	0	1
7	Bb5+	5	0	4
8	Nc6	2	0	4
8	Bd7	3	0	0
7	f4	2	0	2
6	e6	9	1	8
7	Nf3	5	1	5
8	c5	5	1	2
9	c3	4	0	2
10	cxd4	1	0	2
11	cxd4	1	0	2
6	a6	5	0	4
7	c3	2	0	1
7	f4	2	0	1
8	Bf5	2	0	1
6	g6	3	0	3
5	exd5	130	24	142
6	cxd5	129	24	140
7	Nf3	39	6	40
8	Nc6	10	2	15
9	Bb5	4	0	6
10	Bg4	0	0	3
11	O-O	0	0	3
10	Nf6	3	0	0
9	Bd3	1	0	5
10	Bg4	1	0	4
11	c3	1	0	4
12	e6	0	0	4
9	Be2	1	1	1
9	Nc3	2	1	0
10	Bg4	2	1	0
11	Be2	2	1	0
9	c3	1	0	2
8	Bg4	12	2	9
9	Be2	7	2	3
10	e6	5	0	0
10	Nc6	1	0	3
9	h3	1	0	2
8	Nf6	8	1	8
9	Bd3	5	0	2
10	Bg4	2	0	2
11	O-O	2	0	2
9	Nc3	2	0	1
8	Bf5	4	1	5
9	Bd3	0	0	3
10	Bxd3	0	0	3
11	Qxd3	0	0	3
9	Be2	2	1	0
8	e6	3	0	2
7	c4	32	4	27
8	Nf6	17	1	14
9	Nc3	10	1	12
10	e6	4	1	2
11	Nf3	3	1	1
10	Nc6	2	0	3
11	Nf3	2	0	2
12	Bg4	2	0	2
13	cxd5	1	0	2
14	Nxd5	1	0	2
10	g6	2	0	2
11	Nf3	2	0	1
12	Bg7	2	0	1
10	Bg4	0	0	3
9	Nf3	4	0	0
10	Nc6	3	0	0
11	Nc3	3	0	0
8	Nc6	4	1	4
9	Nf3	1	1	3
10	Bg4	1	0	2
8	e6	3	2	4
9	Nc3	2	2	0
10	Nf6	2	2	0
9	Nf3	1	0	2
8	dxc4	4	0	4
9	Bxc4	3	0	4
10	e6	1	0	3
8	Bf5	2	0	1
7	Bd3	23	8	27
8	Nc6	15	2	20
9	c3	12	2	14
10	Nf6	11	2	11
11	Bf4	6	0	2
12	Bg4	3	0	2
13	Nf3	1	0	2
14	e6	1	0	2
11	h3	3	1	4
12	e6	2	1	1
13	Nf3	2	1	1
14	Bd6	1	1	1
11	Nf3	2	1	2
12	Bg4	2	1	2
11	Ne2	0	0	3
12	Bg4	0	0	3
10	e6	1	0	2
9	Nf3	2	0	6
10	Bg4	1	0	5
11	c3	0	0	3
8	Nf6	6	6	7
9	c3	2	3	1
10	Bg4	2	2	0
11	Qb3	1	2	0
9	Bf4	1	1	2
9	h3	0	1	3
7	Nc3	20	5	33
8	Nc6	12	2	16
9	Nf3	4	1	9
10	Bg4	4	0	4
11	Be2	2	0	1
11	h3	1	0	2
10	Nf6	0	1	3
11	Bb5	0	1	2
9	Bb5	3	0	3
10	Bf5	1	0	2
9	Be3	2	1	3
10	Nf6	1	0	2
9	Bf4	3	0	0
8	Nf6	4	3	10
9	Nf3	1	1	2
9	Bb5+	0	0	3
10	Nc6	0	0	3
9	Bd3	1	1	1
10	Nc6	1	1	1
9	Bf4	0	1	2
9	Bg5	2	0	1
8	Bf5	1	0	5
9	Nf3	0	0	3
8	e6	3	0	1
9	Nf3	2	0	1
7	Bf4	3	1	4
8	Nc6	1	1	3
9	c3	1	0	2
7	Bb5+	4	0	3
8	Bd7	3	0	1
9	Bxd7+	2	0	1
8	Nc6	1	0	2
7	c3	4	0	3
8	Nc6	3	0	2
9	Bd3	2	0	1
10	Nf6	2	0	1
5	Nc3	95	16	105
6	dxe4	77	16	89
7	Nxe4	70	16	79
8	Nf6	36	10	34
9	Nxf6+	20	5	17
10	exf6	20	5	16
11	Nf3	8	2	11
12	Bd6	6	0	7
13	Bd3	2	0	4
14	O-O	2	0	3
15	O-O	1	0	2
12	Bg4	2	1	3
11	c3	4	1	1
12	Bd6	4	0	1
13	Bd3	4	0	1
14	O-O	3	0	0
11	Bc4	3	0	2
12	Bd6	3	0	1
11	Be3	2	1	0
9	Ng3	7	2	6
10	Bg4	2	1	4
11	Be2	1	1	2
12	Bxe2	1	1	2
13	N1xe2	1	1	2
14	e6	1	1	2
15	O-O	1	0	2
16	Bd6	1	0	2
10	h5	3	0	1
11	h4	2	0	1
9	Ng5	6	1	6
10	h6	2	0	3
11	Nxf7	1	0	2
12	Kxf7	1	0	2
10	Bf5	2	0	2
11	N1f3	2	0	1
10	c5	1	1	1
9	Bd3	1	0	3
10	Nxe4	1	0	2
11	Bxe4	1	0	2
8	Bf5	31	3	37
9	Ng3	17	3	18
10	Bg6	16	3	18
11	Nf3	6	0	12
12	Nd7	4	0	6
13	Bd3	3	0	1
13	h4	1	0	2
14	h6	1	0	2
12	Nf6	2	0	3
13	Ne5	1	0	2
11	h4	7	3	1
12	h6	7	3	1
13	Nf3	4	1	1
14	e6	3	0	0
13	h5	3	2	0
14	Bh7	3	2	0
15	Nf3	2	1	0
11	c3	2	0	3
12	Nf6	2	0	1
9	Ng5	3	0	8
10	Bg6	1	0	2
11	N1f3	1	0	2
12	h6	1	0	2
10	Nf6	0	0	3
11	N1f3	0	0	3
12	h6	0	0	3
13	Nxf7	0	0	3
14	Kxf7	0	0	3
15	Ne5+	0	0	3
10	e6	0	0	3
11	N1f3	0	0	3
12	h6	0	0	3
9	Bd3	3	0	4
10	e6	0	0	3
11	Nf3	0	0	3
12	Nf6	0	0	3
9	Nc3	4	0	1
10	Nf6	3	0	0
11	Nf3	3	0	0
12	e6	3	0	0
9	Nc5	2	0	2
9	Qf3	2	0	2
10	e6	2	0	1
8	Nd7	3	2	6
9	Nf3	3	2	2
10	Ngf6	3	2	2
11	Neg5	3	1	0
7	f3	4	0	8
8	exf3	3	0	3
9	Nxf3	3	0	3
10	Nf6	3	0	1
11	Bc4	2	0	1
8	e5	0	0	3
9	dxe5	0	0	3
10	Qxd1+	0	0	3
7	Bc4	3	0	2
8	Nf6	3	0	0
9	f3	3	0	0
6	Nf6	9	0	4
7	e5	8	0	3
8	Ne4	5	0	1
9	Nxe4	3	0	1
10	dxe4	3	0	1
8	Nfd7	2	0	2
6	e6	4	0	8
7	Nf3	2	0	5
6	g6	3	0	1
5	Nd2	26	2	15
6	dxe4	22	2	15
7	Nxe4	22	2	15
8	Bf5	12	1	6
9	Ng3	7	0	1
10	Bg6	7	0	1
11	Nf3	6	0	1
12	e6	3	0	0
9	Ng5	3	0	5
10	Nf6	2	0	1
8	Nf6	8	1	7
9	Nxf6+	6	1	2
10	exf6	6	1	2
11	c3	3	0	1
12	Bd6	2	0	1
13	Bd3	2	0	1
11	Bc4	2	1	0
9	Ng5	2	0	3
10	h6	2	0	2
11	Nxf7	2	0	2
12	Kxf7	2	0	2
13	Nf3	1	0	2
8	Nd7	1	0	2
9	Nf3	1	0	2
10	Ngf6	1	0	2
5	f3	12	1	17
6	dxe4	3	1	11
7	fxe4	3	1	10
8	Nf6	2	1	3
9	e5	2	0	1
8	e5	1	0	5
9	Nf3	0	0	5
6	Nf6	3	0	2
7	e5	3	0	1
6	e6	3	0	0
7	Nc3	3	0	0
5	Bd3	13	1	4
6	dxe4	10	1	2
7	Bxe4	10	1	2
8	Nf6	9	1	2
9	Bf3	5	0	1
10	Bf5	3	0	1
9	Nc3	3	1	0
6	Nf6	1	0	2
7	e5	1	0	2
4	d6	15	1	7
5	Nf3	2	1	3
6	Bg4	2	0	1
5	Nc3	3	0	2
5	c4	2	0	1
5	f4	3	0	0
4	e6	13	0	6
5	Nf3	5	0	1
5	Nc3	3	0	2
5	f4	3	0	0
4	g6	4	0	1
3	Nf3	324	26	327
4	d5	300	26	306
5	exd5	181	17	175
6	cxd5	177	17	172
7	d4	133	14	119
8	Nc6	46	7	46
9	Bb5	12	4	13
10	Bg4	5	2	4
11	Bxc6+	1	1	1
12	bxc6	1	1	1
11	O-O	2	1	0
10	Nf6	3	2	2
11	O-O	1	1	1
10	a6	3	0	4
11	Ba4	2	0	2
12	b5	1	0	2
13	Bb3	1	0	2
10	e6	1	0	2
9	Nc3	12	1	9
10	Bg4	7	0	5
11	Be2	2	0	2
11	h3	3	0	1
10	Nf6	4	1	2
11	Bb5	1	1	2
10	Bf5	1	0	2
9	Bd3	3	0	9
10	Bg4	2	0	7
11	c3	2	0	5
12	e6	1	0	4
9	c4	7	0	3
10	Bg4	2	0	2
10	Nf6	3	0	1
11	Nc3	2	0	1
9	Be2	5	0	3
10	Bg4	3	0	2
9	c3	2	2	4
10	Nf6	1	2	2
9	Be3	2	0	2
9	h3	1	0	2
8	Bg4	42	6	31
9	Be2	18	4	12
10	e6	10	2	3
11	O-O	3	1	1
12	Nc6	2	0	1
11	h3	4	0	1
10	Bxf3	3	1	3
11	Bxf3	3	1	3
12	e6	2	1	2
10	Nc6	2	1	3
11	O-O	1	1	1
10	Nf6	3	0	3
11	O-O	1	0	2
12	e6	1	0	2
9	Nc3	6	0	7
10	e6	4	0	5
10	Nc6	1	0	2
9	h3	5	1	3
10	Bh5	3	1	3
11	Be2	3	0	0
9	Bb5+	3	0	3
10	Nc6	2	0	2
9	c3	2	1	1
10	e6	1	1	1
9	Bd3	1	0	2
9	Qd3	3	0	0
10	e6	3	0	0
9	c4	1	0	2
8	Nf6	23	0	16
9	Nc3	6	0	6
10	Bg4	4	0	4
11	Be2	2	0	2
12	e6	1	0	2
11	h3	2	0	1
10	Nc6	2	0	1
9	c3	3	0	3
10	Bg4	1	0	2
9	Bb5+	3	0	2
10	Nc6	3	0	1
11	O-O	3	0	0
9	Bd3	4	0	1
9	c4	2	0	2
10	Bg4	2	0	1
9	h3	2	0	1
8	Bf5	13	1	17
9	Nc3	9	0	5
10	e6	6	0	4
11	Bb5+	4	0	0
12	Nc6	3	0	0
13	Ne5	3	0	0
11	Bf4	1	0	2
9	Bd3	3	1	1
10	Bxd3	3	0	1
11	Qxd3	3	0	1
9	Bb5+	0	0	4
10	Nc6	0	0	3
8	a6	8	0	3
9	Nc3	1	0	2
9	c4	2	0	1
8	e6	0	0	4
7	Bb5+	11	1	20
8	Nc6	6	1	16
9	O-O	0	1	4
9	Bxc6+	0	0	4
10	bxc6	0	0	4
9	Nc3	1	0	3
9	Ne5	2	0	2
9	d4	2	0	1
8	Bd7	5	0	4
9	Bxd7+	4	0	1
10	Nxd7	4	0	1
11	O-O	3	0	1
12	e6	3	0	0
7	Nc3	12	1	14
8	Bg4	4	1	3
9	Be2	1	0	2
9	d4	2	1	0
8	Nf6	4	0	3
9	d4	4	0	3
8	Nc6	1	0	4
9	d4	1	0	2
8	e6	2	0	1
7	c4	5	0	8
8	Nf6	3	0	2
9	cxd5	2	0	1
10	Nxd5	2	0	1
8	dxc4	1	0	4
9	Bxc4	1	0	3
7	Be2	4	0	2
7	Bd3	2	0	3
7	Ne5	2	1	2
8	Nc6	1	1	1
7	d3	3	0	1
7	c3	1	0	2
6	Qxd5	4	0	2
7	Nc3	1	0	2
7	d4	3	0	0
5	e5	64	5	73
6	Bg4	24	3	40
7	d4	18	3	24
8	e6	12	3	18
9	h3	3	1	9
10	Bh5	1	0	6
11	g4	0	0	3
12	Bg6	0	0	3
10	Bxf3	2	1	3
11	Qxf3	2	1	3
12	c5	2	1	3
13	c3	1	0	3
14	Nc6	1	0	3
15	Bb5	1	0	2
9	Be2	3	2	5
10	c5	0	0	3
9	Nbd2	1	0	2
10	c5	1	0	2
8	c5	4	0	6
9	c3	1	0	3
10	e6	1	0	2
7	Be2	2	0	11
8	e6	2	0	6
9	d4	2	0	5
10	c5	1	0	3
11	c3	1	0	2
12	Nc6	1	0	2
7	h3	1	0	4
8	Bxf3	1	0	4
9	Qxf3	1	0	4
10	e6	1	0	3
11	d4	0	0	3
6	Bf5	28	2	17
7	d4	24	2	12
8	e6	19	2	11
9	Bd3	9	0	5
10	Bxd3	5	0	2
11	Qxd3	5	0	2
12	Ne7	3	0	0
12	c5	1	0	2
10	Ne7	1	0	2
9	Nc3	2	0	3
10	c5	2	0	2
11	Be3	2	0	1
9	c3	2	1	1
9	Be2	1	1	1
9	c4	2	0	1
8	c5	3	0	0
7	Nd4	2	0	2
8	Bg6	2	0	2
9	e6	1	0	2
7	c3	2	0	1
8	e6	2	0	1
9	d4	2	0	1
6	c5	8	0	10
7	d4	5	0	4
8	Nc6	3	0	2
9	Bb5	2	0	1
7	c3	3	0	4
8	Nc6	2	0	2
6	e6	2	0	5
7	d4	2	0	5
8	c5	1	0	4
9	c3	0	0	3
5	Nc3	37	3	33
6	dxe4	17	2	20
7	Nxe4	17	2	20
8	Nf6	10	1	10
9	Nxf6+	4	1	5
10	exf6	4	1	5
11	d4	3	1	2
12	Bd6	3	0	0
11	Bc4	1	0	2
12	Bd6	1	0	2
9	Qe2	3	0	2
10	Nxe4	2	0	2
11	Qxe4	2	0	2
8	Bf5	5	1	2
9	Ng3	3	0	1
8	Bg4	0	0	4
8	Nd7	1	0	3
6	Bg4	14	1	10
7	h3	4	0	5
8	Bh5	2	0	3
8	Bxf3	2	0	2
9	Qxf3	1	0	2
10	e6	1	0	2
7	d4	5	0	0
8	dxe4	3	0	0
9	Nxe4	3	0	0
7	Be2	1	1	2
7	exd5	2	0	2
8	cxd5	2	0	1
6	d4	5	0	1
7	Ne2	5	0	1
8	c5	5	0	1
9	Ng3	2	0	1
10	Nc6	2	0	1
5	d3	11	1	10
6	dxe4	8	1	8
7	Ng5	5	1	5
8	Nf6	3	1	2
9	Nc3	3	1	1
7	dxe4	3	0	3
8	Qxd1+	3	0	3
9	Kxd1	3	0	3
10	Bg4	1	0	3
11	Be2	1	0	3
12	Nf6	0	0	3
6	Bg4	3	0	2
7	h3	2	0	2
5	d4	3	0	3
6	dxe4	2	0	3
7	Ng5	1	0	2
5	Bc4	1	0	4
6	dxc4	1	0	4
7	O-O	0	0	3
8	Bg4	0	0	3
5	Bd3	2	0	2
5	c3	0	0	3
4	e6	12	0	7
5	d4	4	0	3
5	Nc3	4	0	0
5	Bc4	1	0	2
4	d6	8	0	8
5	d4	6	0	7
6	g6	1	0	4
4	g6	2	0	1
3	Bc4	87	6	88
4	d5	85	6	84
5	exd5	82	6	84
6	cxd5	82	6	83
7	Bb3	60	3	52
8	Nf6	19	2	18
9	d4	3	0	9
10	Bf5	2	0	3
11	Nc3	1	0	2
10	Nc6	1	0	3
9	Nf3	6	0	2
10	Bg4	3	0	2
9	d3	3	2	2
10	Nc6	2	1	1
9	h3	5	0	1
10	Bf5	3	0	0
8	Nc6	18	0	17
9	Nf3	5	0	5
10	Bg4	4	0	2
11	h3	3	0	1
12	Bxf3	3	0	0
13	Qxf3	3	0	0
9	d4	5	0	5
10	Nf6	4	0	3
11	Nf3	2	0	1
12	Bg4	2	0	1
9	a3	0	0	4
10	Nf6	0	0	3
9	c3	2	0	1
8	Bf5	13	0	8
9	d3	4	0	3
10	e6	4	0	2
9	c4	4	0	1
10	dxc4	3	0	0
11	Bxc4	3	0	0
9	d4	2	0	3
10	e6	2	0	3
11	Nf3	1	0	2
8	e5	1	1	5
8	e6	5	0	0
9	Nf3	3	0	0
8	a5	3	0	1
8	a6	1	0	2
7	Bb5+	20	2	27
8	Nc6	10	0	17
9	d4	3	0	5
10	Nf6	1	0	2
10	a6	2	0	1
9	Nf3	1	0	5
10	Bg4	1	0	2
10	a6	0	0	3
9	Bxc6+	2	0	3
10	bxc6	2	0	3
11	Nf3	1	0	2
8	Bd7	10	2	10
9	Bxd7+	4	2	4
10	Nxd7	3	1	3
11	Nf3	1	0	3
12	Ngf6	1	0	3
10	Qxd7	1	1	1
9	Qe2	4	0	3
10	Bxb5	2	0	1
11	Qxb5+	2	0	1
12	Qd7	2	0	1
13	Qxd7+	2	0	1
14	Nxd7	2	0	1
9	Nc3	2	0	1
10	Bxb5	2	0	1
11	Nxb5	2	0	1
7	Bd3	0	1	2
7	Be2	2	0	1
5	Bb3	3	0	0
4	e6	2	0	3
3	Nc3	60	8	89
4	d5	58	7	83
5	exd5	30	5	36
6	cxd5	30	5	36
7	d4	22	5	27
8	Nc6	11	2	13
9	Nf3	5	0	9
10	Bg4	3	0	4
11	Be3	2	0	1
10	Nf6	2	0	2
9	Bb5	1	0	2
9	Be3	2	0	1
8	Nf6	7	3	6
9	Nf3	5	2	2
10	Bg4	5	1	2
11	h3	2	1	1
11	Be2	2	0	1
12	e6	2	0	1
8	Bf5	2	0	4
9	Be3	0	0	3
10	e6	0	0	3
11	Bd3	0	0	3
9	Nf3	2	0	1
10	e6	2	0	1
8	e6	1	0	2
7	Bb5+	4	0	4
8	Nc6	3	0	2
8	Bd7	1	0	2
9	Bxd7+	1	0	2
10	Qxd7	1	0	2
7	Nf3	1	0	3
5	Nf3	10	1	26
6	dxe4	5	1	12
7	Nxe4	5	1	12
8	Nf6	2	1	6
9	Qe2	2	1	3
10	Nxe4	2	1	3
11	Qxe4	2	1	3
12	Nd7	1	1	1
13	Bc4	1	1	1
8	Bf5	3	0	4
9	Ng3	2	0	3
10	Bg6	2	0	3
6	Bg4	0	0	12
7	h3	0	0	8
8	Bh5	0	0	4
8	Bxf3	0	0	4
9	Qxf3	0	0	4
10	dxe4	0	0	3
7	exd5	0	0	3
8	cxd5	0	0	3
6	d4	2	0	1
7	Ne2	2	0	1
5	d4	7	0	10
6	dxe4	6	0	6
7	Nxe4	5	0	6
8	Bf5	1	0	5
8	Nf6	3	0	1
9	Nxf6+	2	0	1
10	exf6	2	0	1
5	e5	4	0	3
6	Bf5	2	0	2
7	d4	2	0	1
5	Qf3	0	0	6
6	dxe4	0	0	4
7	Nxe4	0	0	3
5	Bd3	1	1	1
5	f4	3	0	0
4	e6	1	0	3
3	f4	42	9	39
4	d5	36	8	37
5	e5	24	4	29
6	Bf5	16	1	14
7	Nf3	11	0	5
8	e6	8	0	5
9	d4	5	0	3
10	c5	2	0	3
7	d4	5	0	5
8	e6	5	0	4
9	Nf3	1	0	2
6	c5	2	0	7
7	Nf3	1	0	5
8	Bg4	1	0	2
9	Bb5+	1	0	2
10	Nc6	1	0	2
11	Bxc6+	1	0	2
12	bxc6	1	0	2
8	Nc6	0	0	3
6	h5	0	2	4
7	Be2	0	2	2
8	g6	0	2	2
9	Nf3	0	1	2
6	e6	2	0	3
7	d4	1	0	3
6	h6	2	1	1
5	exd5	9	3	4
6	cxd5	9	3	4
7	Nf3	5	2	2
8	Nc6	4	0	1
9	d4	3	0	1
10	Bg4	2	0	1
7	d4	4	1	2
8	Nc6	3	1	0
9	Nf3	3	1	0
5	Nc3	2	0	1
5	Nf3	0	1	2
6	dxe4	0	1	2
4	e6	2	0	2
5	Nf3	1	0	2
4	d6	2	1	0
5	Nf3	2	1	0
3	c4	30	4	26
4	d5	25	4	23
5	cxd5	17	2	16
6	cxd5	17	2	16
7	exd5	14	2	11
8	Nf6	7	1	6
9	Nc3	5	0	3
10	Nxd5	4	0	1
11	d4	3	0	0
9	Bb5+	1	1	2
10	Bd7	1	0	2
8	Qxd5	7	1	5
9	Nc3	6	1	4
10	Qd8	4	0	1
10	Qe5+	1	1	2
11	Be2	1	1	1
7	e5	1	0	4
8	Nc6	1	0	2
5	exd5	6	1	5
6	cxd5	6	1	5
7	cxd5	3	0	4
8	Qxd5	2	0	4
9	Nc3	2	0	3
10	Qd8	2	0	2
7	d4	2	1	0
4	e6	1	0	2
5	Nc3	1	0	2
3	d3	15	1	18
4	d5	14	1	17
5	exd5	5	0	3
6	cxd5	5	0	3
7	Nf3	2	0	1
5	Nd2	2	0	5
6	dxe4	1	0	4
7	dxe4	1	0	3
5	e5	2	0	4
6	Bf5	2	0	3
7	d4	1	0	2
5	Nc3	1	1	1
3	e5	9	0	9
4	d5	7	0	8
5	exd6	3	0	3
6	exd6	2	0	2
5	d4	2	0	3
6	c5	0	0	3
3	Qf3	9	0	8
4	d5	9	0	8
5	exd5	5	0	5
6	cxd5	3	0	5
7	Bb5+	1	0	2
8	Nc6	1	0	2
5	e5	2	0	1
3	b3	4	1	5
4	d5	3	1	5
5	exd5	3	1	4
6	cxd5	3	1	4
7	Bb2	3	1	3
8	Nc6	3	0	2
3	c3	3	0	6
4	d5	3	0	6
5	exd5	3	0	5
6	cxd5	2	0	5
7	d4	2	0	4
8	Nc6	1	0	2
9	Nf3	1	0	2
10	Bg4	1	0	2
11	Be2	1	0	2
12	e6	1	0	2
3	a3	3	1	2
4	d5	2	1	1
5	exd5	1	1	1
6	cxd5	1	1	1
3	g3	0	0	5
4	d5	0	0	5
5	exd5	0	0	5
6	cxd5	0	0	5
7	Bg2	0	0	5
3	h3	3	0	2
4	d5	3	0	2
5	e5	1	0	2
6	Bf5	1	0	2
3	Ne2	2	1	0
4	d5	2	1	0
5	e5	2	1	0
3	f3	1	0	2
2	d5	1002	84	901
3	exd5	751	65	660
4	Qxd5	473	44	405
5	Nc3	372	33	324
6	Qa5	155	11	132
7	d4	55	7	50
8	c6	19	4	23
9	Nf3	9	2	10
10	Nf6	6	1	5
11	Bd2	4	0	2
12	Qc7	4	0	2
13	Bc4	2	0	1
10	Bg4	2	1	2
11	h3	1	1	1
9	Bd2	4	1	9
10	Qc7	1	1	7
11	Nf3	0	1	7
12	Nf6	0	1	6
13	Bc4	0	1	5
14	Bf5	0	1	2
14	Bg4	0	0	3
10	Nf6	2	0	1
9	Bc4	5	1	2
10	Nf6	4	1	1
8	Nf6	25	2	16
9	Nf3	14	0	2
10	Bg4	7	0	2
11	Be2	4	0	1
12	e6	3	0	1
10	c6	3	0	0
9	Bd2	7	1	7
10	c6	4	1	1
11	Nf3	4	1	1
12	Bg4	2	0	1
10	Bg4	2	0	1
9	Bc4	1	1	4
9	Bd3	2	0	2
8	Bf5	5	1	6
9	Nf3	3	1	3
10	Nf6	2	0	1
8	e5	2	0	2
7	Nf3	51	1	48
8	Bg4	19	1	22
9	Be2	12	0	12
10	Nf6	5	0	11
11	O-O	2	0	5
12	e6	1	0	4
11	h3	2	0	3
12	Bh5	1	0	2
11	d4	1	0	2
12	c6	1	0	2
10	c6	3	0	1
11	O-O	2	0	1
9	h3	3	0	5
10	Bh5	2	0	3
10	Bxf3	1	0	2
11	Qxf3	1	0	2
9	d4	3	0	1
9	Bc4	0	1	2
8	Nf6	21	0	10
9	d4	12	0	4
10	Bg4	8	0	2
11	h3	3	0	1
10	c6	3	0	0
9	Bc4	5	0	0
10	Bf5	3	0	0
9	d3	1	0	2
8	c6	7	0	5
9	Bc4	1	0	3
9	d4	2	0	1
8	Nc6	2	0	4
8	Bf5	1	0	3
7	d3	15	1	9
8	Nf6	5	1	3
9	Bd2	0	1	3
10	c6	0	1	2
9	Nf3	3	0	0
8	c6	7	0	2
9	Bd2	6	0	2
10	Qc7	5	0	1
11	Nf3	2	0	1
12	Nf6	2	0	1
8	Bf5	1	0	2
9	Bd2	1	0	2
7	Bc4	11	0	11
8	Nf6	6	0	6
9	d3	5	0	1
8	c6	2	0	3
8	Nc6	2	0	1
7	b4	5	1	4
8	Qxb4	4	1	2
9	Nb5	2	1	0
9	Rb1	1	0	2
7	a3	4	0	5
8	Nf6	2	0	1
8	c6	2	0	1
9	Nf3	2	0	1
7	Bb5+	4	0	3
8	c6	4	0	3
9	Ba4	2	0	2
9	Bc4	2	0	1
7	Be2	3	0	0
6	Qd8	131	16	117
7	Nf3	48	5	54
8	Nf6	16	2	20
9	d4	4	2	9
10	e6	2	1	4
10	h6	1	1	2
9	Bc4	8	0	5
10	e6	5	0	2
11	O-O	1	0	2
9	Bd3	1	0	2
8	Bf5	8	0	9
9	Bc4	5	0	4
10	e6	4	0	3
11	O-O	3	0	1
9	d4	1	0	5
10	e6	1	0	5
11	Bd3	1	0	2
8	Bg4	8	0	9
9	Be2	4	0	6
10	e6	3	0	2
11	h3	2	0	1
9	h3	1	0	3
10	Bxf3	0	0	3
11	Qxf3	0	0	3
8	Nc6	4	0	6
9	d4	0	0	4
8	c6	6	3	1
9	Bc4	4	1	1
10	Nf6	1	1	1
9	d4	1	2	0
8	e6	5	0	5
9	Bc4	2	0	2
9	d4	2	0	2
10	Nf6	2	0	1
11	Bg5	2	0	1
7	d4	51	6	38
8	Nf6	16	3	13
9	Nf3	10	0	7
10	Bg4	3	0	4
11	Be2	1	0	2
10	Nc6	4	0	0
10	e6	1	0	2
9	Bc4	4	1	1
10	Bg4	2	1	0
8	Bf5	15	0	5
9	Nf3	10	0	4
10	e6	8	0	2
11	Bd3	3	0	0
12	Bxd3	3	0	0
13	Qxd3	3	0	0
9	Bc4	3	0	0
10	e6	3	0	0
11	Nf3	3	0	0
8	e6	6	1	6
9	Nf3	3	1	2
10	Nf6	1	1	1
9	Bc4	1	0	2
9	Be3	2	0	1
8	c6	7	2	3
9	Nf3	5	2	3
10	Bf5	2	0	2
11	Bd3	2	0	1
8	Nc6	2	0	5
9	Nf3	1	0	3
8	g6	1	0	4
9	Nf3	0	0	3
10	Bg7	0	0	3
7	Bc4	21	4	18
8	Nf6	12	1	6
9	d3	4	1	4
10	e6	2	0	2
9	Nf3	5	0	1
8	e6	3	2	5
9	Nf3	3	1	1
8	Bf5	4	1	3
9	Nf3	2	1	1
9	d3	2	0	2
10	e6	2	0	2
7	d3	3	0	4
8	Nf6	2	0	1
7	Bb5+	4	1	1
8	c6	4	1	1
6	Qe5+	35	4	31
7	Be2	24	2	18
8	Bg4	13	2	15
9	d4	4	1	7
10	Bxe2	4	1	5
11	Ngxe2	3	1	4
12	Qh5	2	0	2
13	O-O	2	0	2
12	Qd6	1	0	2
13	Bf4	1	0	2
9	f3	4	0	4
10	Bh5	2	0	2
9	Nf3	2	1	2
10	Bxf3	1	1	2
11	gxf3	1	1	2
9	h3	2	0	1
8	Bf5	3	0	1
8	Nc6	2	0	2
9	Nf3	2	0	2
10	Qd6	2	0	1
8	c6	3	0	0
7	Qe2	6	2	10
8	Qxe2+	5	2	7
9	Bxe2	4	2	7
10	Nc6	1	0	4
11	Bb5	1	0	2
12	Bd7	1	0	2
10	e5	2	1	0
11	Nf3	2	1	0
8	Nc6	0	0	3
9	Nf3	0	0	3
10	Qxe2+	0	0	3
11	Bxe2	0	0	3
7	Nge2	5	0	3
8	Bg4	2	0	1
9	d4	2	0	1
6	Qe6+	35	2	28
7	Be2	20	2	19
8	Nc6	10	1	7
9	Nf3	10	0	6
10	Qg6	5	0	3
11	Nh4	2	0	2
12	Qg5	2	0	2
13	g3	2	0	2
14	Bh3	2	0	2
11	O-O	3	0	1
12	Bh3	3	0	1
13	Nh4	2	0	1
14	Qg5	2	0	1
10	Bd7	4	0	2
11	O-O	3	0	1
12	O-O-O	2	0	1
8	Qg6	3	1	4
9	Bf3	1	0	3
8	Nf6	1	0	5
9	Nf3	1	0	4
8	Bd7	2	0	1
8	b6	2	0	1
7	Qe2	9	0	7
8	Qxe2+	4	0	3
9	Bxe2	2	0	2
9	Ngxe2	2	0	1
8	c6	2	0	2
7	Nge2	5	0	2
8	Nc6	2	0	1
6	Qd6	11	0	13
7	Nf3	3	0	7
8	Bg4	1	0	2
9	Be2	1	0	2
8	Nf6	1	0	2
7	d4	4	0	4
8	Nf6	4	0	2
5	Nf3	44	7	40
6	Bg4	13	3	17
7	Be2	9	2	14
8	Nf6	3	1	4
9	c4	0	1	2
8	c6	3	0	3
9	O-O	1	0	2
8	Nc6	0	1	4
8	e6	2	0	1
7	Nc3	3	1	2
8	Bxf3	0	1	2
9	Nxd5	0	1	2
10	Bxd1	0	1	2
11	Nxc7+	0	1	2
8	Qa5	3	0	0
6	Nf6	9	1	3
7	d4	2	1	2
8	Bg4	0	1	2
7	Be2	3	0	0
7	Nc3	3	0	0
6	Qd8	8	1	4
7	Bc4	2	0	2
7	d4	2	1	1
7	Nc3	3	0	0
6	Bf5	4	0	3
6	Nc6	0	1	3
7	Nc3	0	1	3
8	Qd8	0	1	2
6	Qa5	1	0	3
6	c6	2	0	2
6	e6	4	0	0
6	Qe6+	0	0	3
7	Be2	0	0	3
5	d4	38	3	25
6	Nc6	9	0	6
7	Nf3	6	0	5
8	Bg4	6	0	5
9	Nc3	3	0	2
9	Be2	2	0	2
10	O-O-O	2	0	1
11	c3	2	0	1
6	Nf6	7	1	2
7	Nc3	3	0	1
7	Nf3	2	1	1
8	Bg4	2	1	1
6	Bf5	4	1	4
7	Nc3	0	1	2
7	c4	1	0	2
6	Qd8	4	0	5
7	Nf3	2	0	2
7	c4	2	0	2
8	e6	1	0	2
9	Nc3	1	0	2
6	Qa5+	3	0	1
6	c6	1	0	3
6	Qe6+	1	0	2
6	a6	3	0	0
6	c5	3	0	0
6	e5	1	0	2
5	c4	7	0	6
6	Qa5	2	0	1
6	Qe4+	3	0	0
7	Qe2	3	0	0
6	Qe5+	0	0	3
5	Qf3	8	0	2
6	Nf6	3	0	1
7	Qxd5	2	0	1
8	Nxd5	2	0	1
6	Qxf3	4	0	0
7	Nxf3	4	0	0
5	d3	1	0	3
6	Nf6	0	0	3
5	Qe2	1	0	2
6	Qe6	1	0	2
7	Nc3	1	0	2
8	Qxe2+	1	0	2
9	Bxe2	1	0	2
5	h3	1	1	1
4	Nf6	227	20	198
5	Nc3	84	4	58
6	Nxd5	60	4	49
7	Nxd5	38	2	31
8	Qxd5	38	2	31
9	Nf3	13	0	19
10	Nc6	6	0	7
11	Be2	3	0	2
12	Bf5	3	0	0
10	Bg4	3	0	7
11	Be2	2	0	5
12	Nc6	1	0	3
13	O-O	1	0	2
14	O-O-O	1	0	2
10	e5	1	0	3
9	d4	14	1	3
10	Nc6	10	0	2
11	Nf3	6	0	1
12	Bg4	5	0	1
11	c4	3	0	0
10	Bf5	2	1	1
9	d3	4	0	4
10	Nc6	2	0	3
9	Qf3	2	1	1
9	c4	2	0	2
7	Bc4	8	0	7
8	Nxc3	6	0	5
9	bxc3	6	0	5
10	Nc6	3	0	1
10	Bf5	2	0	1
8	c6	1	0	2
7	d4	4	0	5
8	Nxc3	2	0	3
9	bxc3	2	0	3
8	Nc6	2	0	1
9	Nf3	2	0	1
10	Bg4	2	0	1
7	Nf3	2	1	3
7	Ne4	2	1	1
8	Bf5	1	1	1
9	Ng3	1	1	1
10	Bg6	1	1	1
11	Nf3	1	1	1
7	Qf3	2	0	1
6	c6	5	0	2
7	dxc6	4	0	2
8	Nxc6	4	0	2
9	Nf3	3	0	2
6	e6	5	0	2
7	dxe6	4	0	2
8	Bxe6	4	0	2
6	Bf5	6	0	0
7	Bc4	3	0	0
6	Bg4	2	0	2
6	b6	2	0	1
6	g6	1	0	2
5	c4	49	3	45
6	c6	23	1	19
7	dxc6	17	1	11
8	Nxc6	17	1	11
9	Nc3	7	0	5
10	e5	4	0	4
11	d3	2	0	1
9	Nf3	9	0	3
10	Bg4	3	0	1
11	Be2	2	0	1
12	e5	2	0	1
13	d3	2	0	1
10	e5	2	0	2
10	Bf5	3	0	0
7	Nc3	2	0	5
8	cxd5	2	0	4
9	cxd5	2	0	3
10	Nxd5	2	0	3
7	d4	2	0	1
8	cxd5	2	0	1
6	e6	20	2	18
7	dxe6	16	2	13
8	Bxe6	14	2	11
9	Nf3	5	0	1
10	Nc6	3	0	0
9	b3	3	1	2
10	Nc6	1	1	1
9	d3	1	0	4
10	Bc5	1	0	2
9	d4	3	0	2
10	Bb4+	1	0	2
9	Nc3	1	1	1
7	Nc3	4	0	3
8	exd5	1	0	3
9	cxd5	1	0	2
10	Nxd5	1	0	2
6	Bf5	2	0	4
6	e5	2	0	2
7	dxe6	2	0	1
8	Bxe6	2	0	1
5	d4	38	4	52
6	Nxd5	24	3	32
7	c4	10	1	15
8	Nf6	6	0	10
9	Nf3	2	0	5
10	Bg4	2	0	2
9	Nc3	4	0	2
10	e6	3	0	1
11	Nf3	2	0	1
8	Nb4	3	0	2
9	Nc3	1	0	2
8	Nb6	1	1	3
9	Nc3	1	0	2
7	Nf3	10	1	13
8	Bg4	7	0	3
9	Be2	3	0	1
10	e6	2	0	1
8	Bf5	2	0	4
8	Nc6	1	1	2
7	Nc3	3	0	1
6	Bg4	5	1	14
7	Be2	1	0	10
8	Bxe2	1	0	10
9	Nxe2	1	0	10
10	Qxd5	1	0	10
11	O-O	1	0	9
12	Nc6	1	0	5
12	e6	0	0	3
7	Nf3	2	0	3
8	Qxd5	2	0	3
9	Be2	2	0	1
7	f3	2	1	1
8	Bf5	2	1	1
9	c4	1	1	1
10	e6	1	1	1
11	dxe6	1	1	1
6	Qxd5	5	0	2
7	c4	3	0	1
6	c6	3	0	1
7	dxc6	2	0	1
8	Nxc6	2	0	1
6	e6	1	0	2
5	Nf3	32	5	21
6	Nxd5	20	4	12
7	Bc4	12	2	7
8	Bg4	5	0	1
9	h3	3	0	0
10	Bh5	3	0	0
8	e6	4	0	1
9	O-O	3	0	1
8	Nb6	2	1	1
9	Bb3	1	1	1
8	c6	1	0	3
9	O-O	1	0	3
10	Bg4	1	0	3
7	d4	6	2	3
8	Bg4	6	1	1
9	Be2	2	1	0
6	Qxd5	3	0	4
7	Nc3	2	0	4
8	Qa5	1	0	2
8	Qh5	1	0	2
6	c6	6	0	1
7	dxc6	3	0	1
8	Nxc6	3	0	1
6	e6	2	1	1
7	dxe6	2	0	1
8	Bxe6	2	0	1
5	Bc4	12	3	8
6	Nxd5	3	3	6
7	Bxd5	1	0	2
8	Qxd5	1	0	2
7	Qf3	0	1	2
6	c6	5	0	0
7	dxc6	4	0	0
8	Nxc6	4	0	0
9	Nf3	3	0	0
10	Bg4	3	0	0
6	Bf5	2	0	2
5	Bb5+	7	0	8
6	Bd7	2	0	6
7	Bc4	1	0	3
6	c6	3	0	1
7	dxc6	3	0	1
6	Nbd7	2	0	1
5	g3	0	0	4
5	d6	2	1	0
4	c6	21	0	31
5	dxc6	16	0	25
6	Nxc6	9	0	14
7	Nf3	7	0	5
8	e5	5	0	2
9	d3	2	0	1
7	Bb5	1	0	4
7	Nc3	1	0	2
7	d3	0	0	3
6	e5	2	0	8
7	cxb7	1	0	4
8	Bxb7	1	0	4
6	Nf6	3	0	2
7	cxb7	2	0	1
8	Bxb7	2	0	1
9	Nf3	2	0	1
5	d4	3	0	2
6	cxd5	2	0	1
5	Nf3	1	0	2
4	e6	24	1	20
5	dxe6	19	0	14
6	Bxe6	18	0	13
7	Nf3	3	0	6
8	Nf6	2	0	2
8	Bd6	1	0	2
7	Nc3	5	0	3
8	Bd6	3	0	0
7	d4	6	0	1
8	Nf6	3	0	0
5	Nc3	3	0	3
6	exd5	2	0	2
5	d4	0	1	2
6	Nf6	0	1	2
7	dxe6	0	1	2
8	Bxe6	0	1	2
4	e5	3	0	2
5	Nc3	2	0	1
4	Bf5	0	0	4
3	e5	142	14	146
4	c5	37	4	28
5	Nf3	12	1	8
6	Nc6	5	1	3
7	c3	2	0	1
6	Bg4	1	0	3
6	e6	3	0	1
5	d4	8	2	6
6	cxd4	5	2	2
7	Qxd4	5	2	2
8	Nc6	5	2	1
9	Bb5	3	1	1
6	Nc6	2	0	1
5	c3	8	0	7
6	Nc6	5	0	1
7	d4	4	0	0
8	cxd4	3	0	0
9	cxd4	3	0	0
6	Bf5	1	0	3
7	d4	1	0	3
8	e6	1	0	3
9	Nf3	0	0	3
5	f4	6	0	3
6	Nc6	4	0	1
7	c3	3	0	0
6	Bf5	1	0	2
5	Bb5+	1	1	2
6	Nc6	1	1	2
7	Bxc6+	1	0	2
8	bxc6	1	0	2
4	d4	30	2	34
5	Nf3	13	0	10
6	Nc6	5	0	5
7	Bb5	4	0	2
8	Bd7	3	0	1
7	d3	1	0	2
6	Bg4	3	0	3
7	Bc4	2	0	1
6	Qd5	2	0	1
5	Bc4	6	1	7
6	Nc6	1	0	4
7	Nf3	1	0	3
8	e6	1	0	2
6	e6	2	0	2
7	Nf3	2	0	1
6	Bf5	2	1	0
5	d3	6	0	7
6	c5	2	0	3
6	Nc6	1	0	3
7	Nf3	1	0	2
5	f4	3	1	8
6	Bf5	1	1	3
7	Nf3	1	1	2
6	e6	1	0	2
7	Nf3	1	0	2
4	Bf5	22	1	27
5	d4	18	1	17
6	e6	13	1	15
7	Nf3	4	1	4
8	c5	2	0	3
7	Bd3	3	0	1
7	Be3	0	0	3
7	c3	1	0	2
7	g4	0	0	3
8	Bg6	0	0	3
9	h4	0	0	3
10	h6	0	0	3
11	h5	0	0	3
12	Bh7	0	0	3
6	Nc6	3	0	0
6	c5	2	0	1
5	Nf3	0	0	4
6	e6	0	0	4
7	d4	0	0	3
8	c5	0	0	3
4	Nc6	24	2	24
5	d4	19	1	19
6	Bf5	10	1	11
7	Bb5	4	1	5
8	Qd7	3	0	2
8	a6	1	1	2
9	Bxc6+	1	1	2
10	bxc6	1	1	2
6	e6	7	0	2
7	Bb5	2	0	1
8	Bd7	2	0	1
7	Nf3	3	0	0
6	f6	2	0	5
7	exf6	1	0	2
8	Nxf6	1	0	2
5	Nf3	1	1	3
6	Bg4	1	1	2
5	Bb5	2	0	1
4	e6	21	5	19
5	d4	13	2	16
6	c5	4	2	8
7	c3	1	2	4
8	cxd4	0	1	2
9	cxd4	0	1	2
7	Nf3	2	0	2
6	Nc6	3	0	3
6	h6	1	0	2
5	Nf3	4	3	3
6	c5	3	1	2
7	d4	1	0	2
5	f4	4	0	0
4	f6	1	0	7
5	d4	0	0	5
6	Nc6	0	0	3
4	c6	1	0	3
5	d4	0	0	3
4	f5	3	0	0
3	Nf3	36	3	26
4	dxe4	33	3	22
5	Ng5	25	1	18
6	Nf6	13	1	7
7	d3	5	1	2
8	exd3	4	1	1
9	Bxd3	4	1	1
10	h6	2	0	1
7	Nc3	6	0	0
8	Bf5	4	0	0
7	Bc4	2	0	2
8	e6	2	0	1
6	Bf5	5	0	4
7	Nc3	1	0	3
6	Qd5	2	0	1
6	e5	1	0	2
6	f5	1	0	2
5	Ne5	6	1	3
6	Nf6	3	0	1
7	Bc4	3	0	1
5	Ng1	1	1	1
4	d4	2	0	1
3	Nc3	31	1	17
4	d4	22	0	13
5	Nce2	15	0	9
6	e5	12	0	5
7	Nf3	3	0	2
8	Nc6	3	0	2
9	Ng3	3	0	2
7	d3	4	0	1
6	c5	2	0	2
5	Nd5	5	0	2
6	c6	3	0	1
7	Nf4	3	0	1
8	e5	3	0	1
4	dxe4	8	1	2
5	Nxe4	7	1	2
6	Bf5	3	0	0
3	d4	21	0	22
4	dxe4	18	0	21
5	Nc3	11	0	15
6	Nf6	5	0	6
7	Bg5	3	0	2
8	Bf5	2	0	2
7	f3	2	0	2
6	Bf5	2	0	3
7	Bf4	1	0	3
6	f5	2	0	2
7	f3	1	0	2
5	f3	1	0	3
6	exf3	1	0	2
3	d3	7	1	5
4	dxe4	6	1	5
5	dxe4	4	1	4
6	Qxd1+	3	1	4
7	Kxd1	3	1	4
8	Nf6	2	0	1
9	f3	2	0	1
5	Nc3	2	0	1
6	exd3	2	0	1
7	Bxd3	2	0	1
3	f3	3	0	6
4	dxe4	2	0	4
5	fxe4	2	0	4
4	e5	1	0	2
3	f4	4	0	4
4	dxe4	2	0	3
5	Nc3	1	0	2
3	Qf3	1	0	5
4	dxe4	1	0	2
5	Qxe4	1	0	2
6	Nf6	1	0	2
3	Bd3	1	0	4
4	dxe4	0	0	4
5	Bxe4	0	0	4
6	Nf6	0	0	3
3	Bb5+	2	0	1
3	Bc4	1	0	2
4	dxc4	1	0	2
2	d6	490	41	471
3	d4	262	25	229
4	Nf6	162	17	144
5	Nc3	130	15	99
6	g6	78	7	56
7	Nf3	24	2	20
8	Bg7	24	2	17
9	Bc4	11	0	6
10	O-O	7	0	5
11	O-O	5	0	4
12	Nbd7	3	0	0
12	Nc6	1	0	2
9	Be3	4	1	2
10	O-O	3	1	1
9	Bd3	4	0	1
10	O-O	4	0	1
9	Be2	1	0	3
10	O-O	1	0	2
9	h3	1	0	2
8	Bg4	0	0	3
7	Bg5	14	1	13
8	Bg7	12	1	13
9	Nf3	3	1	4
10	O-O	2	0	2
9	e5	3	0	2
10	dxe5	1	0	2
9	Bd3	0	0	4
10	O-O	0	0	4
9	Bc4	2	0	1
10	O-O	2	0	1
9	Qd2	3	0	0
7	f4	8	1	8
8	Bg7	8	1	8
9	Nf3	6	1	5
10	O-O	6	1	5
11	Bc4	1	0	2
9	Be3	1	0	2
10	O-O	1	0	2
7	Bd3	9	0	1
8	Bg7	8	0	1
9	Nf3	3	0	0
9	Nge2	3	0	0
10	O-O	3	0	0
7	Be3	6	1	2
8	Bg7	6	1	2
9	Qd2	2	0	1
9	f3	2	0	1
7	Bc4	5	0	3
8	Bg7	5	0	2
9	Nf3	2	0	1
10	O-O	2	0	1
7	h3	3	1	2
8	Bg7	3	1	2
9	Nf3	1	0	2
7	Bf4	3	0	1
8	Bg7	2	0	1
7	e5	2	0	2
8	dxe5	2	0	1
9	dxe5	2	0	1
10	Qxd1+	2	0	1
11	Nxd1	2	0	1
7	Be2	1	1	1
7	f3	2	0	1
6	c6	24	3	20
7	Nf3	13	1	10
8	Qa5	7	1	3
9	Bd2	3	0	1
10	Qc7	3	0	1
9	Bd3	3	1	0
10	Bg4	2	1	0
8	Bg4	4	0	4
9	Be2	2	0	3
10	Qa5	1	0	2
7	Bd3	2	0	4
8	e5	0	0	3
7	Bg5	3	1	2
8	Nbd7	2	0	1
7	Bc4	2	0	1
7	f3	2	0	1
6	e5	13	3	10
7	dxe5	7	2	7
8	dxe5	7	2	7
9	Qxd8+	7	2	7
10	Kxd8	7	2	7
11	Bg5	5	1	3
12	Be6	2	1	1
13	O-O-O+	2	1	0
14	Kc8	2	1	0
15	Nf3	2	1	0
12	c6	2	0	2
11	Nf3	1	1	4
12	Bd6	1	1	3
13	Bc4	1	1	1
7	Nf3	2	0	2
8	Nbd7	2	0	2
9	Bc4	1	0	2
7	d5	3	0	1
6	Nbd7	10	1	5
7	Nf3	5	0	1
8	e5	5	0	1
9	Bc4	3	0	0
9	dxe5	2	0	1
10	dxe5	2	0	1
7	Be3	2	0	1
8	e5	2	0	1
7	f4	1	1	1
6	c5	2	0	2
6	Bg4	0	0	3
5	Bd3	23	1	27
6	g6	11	1	16
7	c4	3	0	4
8	Bg7	3	0	3
9	Nc3	1	0	2
7	Bg5	1	0	3
8	Bg7	1	0	3
7	Nf3	0	0	3
8	Bg7	0	0	3
7	c3	1	0	2
6	e5	7	0	9
7	d5	3	0	3
8	c6	2	0	2
9	c4	2	0	2
7	c3	1	0	3
8	Nbd7	1	0	3
6	Nbd7	3	0	1
5	e5	1	0	6
6	dxe5	0	0	6
7	dxe5	0	0	4
8	Qxd1+	0	0	3
9	Kxd1	0	0	3
10	Ng4	0	0	3
5	Nd2	1	1	4
6	g6	1	0	2
5	f3	3	0	3
6	g6	2	0	2
5	Bc4	3	0	2
6	Nxe4	2	0	1
5	Nf3	1	0	2
4	g6	23	1	27
5	Nf3	15	0	11
6	Bg7	15	0	7
7	Nc3	6	0	1
8	Nf6	3	0	0
7	Bc4	2	0	3
8	Nf6	2	0	2
7	Be3	4	0	1
8	Nf6	4	0	1
9	Nc3	3	0	1
7	c3	2	0	1
5	Nc3	4	0	4
6	Bg7	4	0	4
7	Nf3	1	0	4
5	c4	1	0	2
6	Bg7	1	0	2
5	f4	1	0	2
6	Bg7	1	0	2
4	e6	14	0	20
5	Nf3	4	0	9
6	Ne7	0	0	3
6	g6	1	0	2
5	Nc3	1	0	5
5	f4	2	0	3
5	Bd3	3	0	1
5	c4	2	0	1
4	c6	23	2	8
5	Nf3	9	0	2
6	Bg4	2	0	1
6	Qc7	2	0	1
5	c4	6	1	2
6	e6	1	1	1
7	Nc3	1	1	1
5	Nc3	6	0	1
5	f4	1	1	1
4	Nd7	11	3	14
5	Nf3	3	2	6
6	Ngf6	2	0	1
6	c6	0	1	2
6	e6	1	0	2
5	Nc3	3	1	1
6	e5	3	0	1
5	c4	2	0	3
6	e5	1	0	2
5	f4	2	0	3
4	e5	10	0	11
5	dxe5	2	0	8
6	dxe5	1	0	5
7	Qxd8+	1	0	5
8	Kxd8	1	0	5
9	Nf3	1	0	2
6	Nc6	1	0	2
5	d5	2	0	3
5	Nf3	4	0	0
4	Nc6	5	1	0
5	d5	3	0	0
4	a6	5	0	1
5	Nf3	4	0	0
4	b6	3	1	1
4	Bd7	2	0	1
4	c5	1	0	2
3	Nf3	123	11	136
4	Nf6	64	7	64
5	Nc3	36	5	47
6	g6	23	4	30
7	d4	8	4	17
8	Bg7	7	3	16
9	Bc4	2	0	4
10	O-O	1	0	3
9	Bd3	2	0	2
10	O-O	2	0	2
11	O-O	1	0	2
9	Be2	0	0	4
9	Be3	0	1	2
9	Bg5	0	0	3
10	O-O	0	0	3
9	e5	1	1	1
10	dxe5	1	1	1
7	Bc4	9	0	5
8	Bg7	8	0	4
9	d3	4	0	0
10	O-O	4	0	0
9	O-O	2	0	1
10	O-O	2	0	1
9	d4	1	0	2
7	h3	3	0	1
8	Bg7	2	0	1
6	c6	5	0	9
7	d4	3	0	5
8	Qa5	2	0	2
7	Bc4	1	0	3
6	Nbd7	4	0	4
7	Bc4	1	0	3
7	d4	2	0	1
6	Bg4	1	0	3
6	e5	3	0	1
5	d3	5	1	7
6	g6	3	1	2
7	Be2	1	1	1
8	Bg7	1	1	1
6	e5	1	0	2
5	Bc4	9	1	2
6	g6	5	1	0
5	e5	7	0	4
6	dxe5	7	0	4
7	Nxe5	6	0	4
8	g6	2	0	1
5	d4	3	0	3
6	g6	2	0	2
5	c3	3	0	1
4	g6	13	1	23
5	d4	3	0	10
6	Bg7	2	0	9
7	c3	1	0	2
5	Nc3	4	1	5
6	Bg7	3	1	4
7	d4	2	0	2
8	Nf6	1	0	2
5	Bc4	5	0	4
6	Bg7	5	0	4
7	c3	1	0	2
4	e5	23	2	10
5	Bc4	11	1	3
6	Bg4	4	0	0
6	Nf6	2	1	1
5	d4	6	1	4
6	Nd7	2	1	1
7	dxe5	2	1	1
5	Nc3	2	0	2
5	h3	3	0	0
4	c6	4	0	11
5	Bc4	1	0	5
5	d4	2	0	4
4	e6	6	0	8
5	Bc4	3	0	2
5	Nc3	2	0	2
5	d4	1	0	3
4	Bg4	4	1	6
5	Be2	2	1	3
4	Nc6	3	0	6
5	Bc4	0	0	3
5	d4	3	0	0
4	Nd7	3	0	3
5	d4	2	0	3
6	c6	1	0	2
4	a6	1	0	2
4	c5	2	0	1
3	Bc4	27	2	34
4	Nf6	14	1	18
5	d3	8	0	8
6	g6	5	0	4
7	Nf3	2	0	2
6	e5	0	0	4
5	Nc3	5	0	9
6	c6	3	0	3
6	g6	2	0	3
4	g6	5	1	6
5	Nf3	2	0	2
6	Bg7	1	0	2
5	d3	2	0	1
4	e6	4	0	4
5	Nf3	2	0	1
4	c6	2	0	2
4	e5	1	0	2
3	Nc3	26	3	20
4	Nf6	12	1	14
5	Nf3	4	0	4
6	g6	3	0	1
5	d4	1	1	4
6	g6	0	1	2
5	Bc4	3	0	1
5	f4	1	0	3
4	g6	5	1	2
4	e6	5	0	0
4	c6	0	0	3
4	e5	2	1	0
3	f4	22	0	27
4	Nf6	7	0	11
5	Nc3	5	0	9
6	g6	4	0	4
7	Nf3	3	0	3
8	Bg7	3	0	2
6	c6	0	0	3
5	d3	1	0	2
4	g6	4	0	5
5	Nf3	3	0	3
6	Bg7	1	0	2
7	d4	1	0	2
4	e6	3	0	2
5	Nf3	3	0	1
4	c6	0	0	4
4	Nc6	2	0	1
4	e5	2	0	1
3	d3	11	0	11
4	Nf6	4	0	5
5	c3	3	0	1
4	e5	3	0	2
3	Qf3	7	0	2
4	Nc6	2	0	1
4	Nf6	2	0	1
3	h3	3	0	3
4	Nf6	2	0	1
3	b3	3	0	2
3	c3	2	0	1
3	g3	2	0	1
4	Nf6	2	0	1
5	Bg2	2	0	1
2	g6	303	25	258
3	d4	146	16	128
4	Bg7	124	15	114
5	Nf3	51	7	53
6	d6	27	2	34
7	Nc3	8	0	9
8	Nf6	4	0	5
8	Bg4	1	0	2
7	Be3	4	0	6
8	Nf6	0	0	3
7	Bc4	5	0	3
7	Bd3	2	1	4
8	Nf6	2	0	2
7	c4	2	0	4
7	h3	2	0	4
8	Nf6	2	0	3
9	Nc3	2	0	2
10	O-O	2	0	2
7	c3	2	0	2
8	Nf6	1	0	2
6	e6	9	0	9
7	Nc3	2	0	4
8	Ne7	2	0	2
7	Bc4	3	0	1
7	c3	2	0	1
6	b6	3	1	3
7	Bc4	1	0	2
8	Bb7	1	0	2
9	Nc3	1	0	2
6	d5	3	1	2
7	e5	1	1	1
6	c6	3	1	1
6	c5	2	1	1
5	e5	15	3	13
6	d6	10	1	8
7	Nf3	5	0	2
8	dxe5	2	0	1
7	f4	2	1	4
8	dxe5	1	1	2
9	fxe5	1	1	2
8	Nh6	1	0	2
7	exd6	2	0	1
6	e6	3	1	4
7	Nf3	2	0	2
5	Nc3	9	2	14
6	d6	5	0	8
7	Nf3	2	0	4
7	Be3	2	0	2
6	e6	1	1	2
5	c4	13	1	8
6	d6	4	0	5
7	Nc3	3	0	3
6	c6	2	1	0
6	e6	3	0	0
5	f4	14	0	5
6	d6	8	0	2
7	Nf3	8	0	2
8	Nd7	4	0	1
9	Bc4	2	0	1
8	Nf6	2	0	1
6	e6	4	0	1
7	Nf3	3	0	1
8	Ne7	2	0	1
5	c3	11	0	7
6	d6	6	0	6
7	Nf3	2	0	1
5	Be3	8	0	9
6	d6	4	0	3
7	Nc3	2	0	2
6	b6	3	0	0
5	Bc4	1	0	2
4	d6	14	0	8
5	Nf3	4	0	5
6	Bg7	4	0	5
7	Bc4	2	0	1
7	Be3	1	0	2
5	Be3	3	0	0
5	c3	2	0	1
4	e6	5	0	3
5	Nf3	2	0	1
3	Nf3	65	4	58
4	Bg7	60	4	53
5	d4	29	3	25
6	d6	23	2	14
7	Bc4	9	0	7
8	Nf6	4	0	4
8	Nc6	2	0	1
7	Nc3	4	0	1
8	Bg4	2	0	1
7	c3	1	0	3
7	c4	3	0	1
7	Bd3	1	0	2
6	e6	1	0	4
6	b6	1	1	2
7	Nc3	1	1	1
6	h6	1	0	2
5	Bc4	14	0	15
6	e6	5	0	7
7	O-O	2	0	1
7	e5	1	0	2
8	Ne7	1	0	2
9	d4	1	0	2
6	d6	4	0	7
7	Nc3	1	0	3
8	Nf6	1	0	2
7	d3	2	0	1
5	c3	6	0	5
6	e6	4	0	1
7	d4	2	0	1
8	Ne7	2	0	1
9	Bd3	2	0	1
6	d6	1	0	2
5	Nc3	4	0	5
6	d6	3	0	2
7	d4	2	0	1
5	e5	1	1	2
6	d6	1	1	2
7	exd6	1	1	1
5	d3	3	0	0
4	d6	2	0	2
5	d4	2	0	2
6	Bg7	2	0	1
3	Bc4	26	1	32
4	Bg7	23	1	27
5	Nf3	8	0	6
6	d6	5	0	2
6	e6	1	0	3
5	d3	5	0	8
6	d6	0	0	4
7	Nc3	0	0	3
5	Qf3	3	1	3
6	e6	3	1	3
7	c3	2	0	2
5	d4	3	0	4
6	d6	2	0	2
5	Nc3	2	0	4
5	c3	2	0	2
6	d6	2	0	1
7	d4	2	0	1
8	Nf6	2	0	1
4	d6	1	0	2
4	e6	2	0	1
3	Nc3	25	0	13
4	Bg7	22	0	13
5	Bc4	6	0	3
6	d6	4	0	3
5	Nf3	7	0	2
6	d6	3	0	2
7	d4	2	0	2
8	Nf6	1	0	2
6	c5	3	0	0
5	d4	6	0	1
6	b6	3	0	0
5	f4	3	0	1
3	f4	12	2	6
4	Bg7	10	2	5
5	Nf3	7	1	2
6	d6	2	0	2
5	d4	2	1	1
3	d3	5	0	5
4	Bg7	4	0	5
5	c3	1	0	2
3	c3	4	1	3
4	Bg7	3	0	1
3	e5	4	0	4
4	Bg7	3	0	1
5	d4	3	0	1
3	b3	5	0	2
4	Bg7	5	0	2
5	Nc3	4	0	0
3	Qf3	5	0	0
4	Bg7	5	0	0
5	Bc4	4	0	0
6	e6	4	0	0
7	Ne2	4	0	0
8	Ne7	3	0	0
9	d4	3	0	0
3	g3	1	0	3
4	Bg7	0	0	3
5	Bg2	0	0	3
2	Nc6	185	13	177
3	Nf3	70	5	69
4	e5	31	1	29
5	Bc4	10	0	12
6	Nf6	3	0	8
7	d3	2	0	3
7	Ng5	1	0	3
6	Bc5	3	0	1
5	d4	14	0	8
6	exd4	12	0	4
7	Nxd4	4	0	3
8	Nxd4	2	0	1
9	Qxd4	2	0	1
7	Bc4	6	0	0
8	h6	3	0	0
5	Bb5	2	1	3
6	a6	1	1	1
7	Bxc6	1	1	1
8	dxc6	1	1	1
5	Nc3	0	0	5
6	Nf6	0	0	3
7	d4	0	0	3
8	exd4	0	0	3
9	Nxd4	0	0	3
5	c3	4	0	0
6	Bc5	3	0	0
4	d5	14	1	8
5	exd5	10	1	4
6	Qxd5	10	1	4
7	Nc3	5	1	2
8	Qe6+	2	0	1
7	d4	5	0	1
8	Bg4	3	0	0
9	Be2	3	0	0
5	e5	4	0	3
6	Bg4	3	0	2
7	d4	2	0	1
8	Bxf3	2	0	1
4	d6	11	0	9
5	Bc4	5	0	3
5	d4	2	0	4
6	Bg4	1	0	2
4	Nf6	4	1	5
5	e5	3	0	4
4	e6	5	0	4
5	Bb5	2	0	1
5	d4	2	0	1
4	f5	2	0	3
4	b6	1	0	3
4	h6	0	1	3
4	a6	0	1	2
4	g6	0	0	3
3	d4	58	5	54
4	d5	26	2	26
5	e5	14	2	19
6	Bf5	11	0	12
7	c3	5	0	4
8	e6	4	0	3
9	Nf3	2	0	1
7	Nf3	2	0	2
8	e6	1	0	2
7	a3	0	0	3
6	f6	1	2	4
6	a6	1	0	3
5	exd5	9	0	5
6	Qxd5	9	0	5
7	Nc3	4	0	2
7	Nf3	4	0	2
8	Bg4	3	0	2
5	Nc3	3	0	2
6	dxe4	1	0	2
4	e5	14	3	13
5	d5	11	1	12
6	Nce7	7	1	12
7	Nf3	1	0	8
8	Ng6	1	0	7
9	Nc3	0	0	3
7	c4	3	1	3
8	Ng6	2	0	3
9	Nc3	1	0	2
5	Nf3	2	1	1
6	exd4	2	1	1
7	Bc4	2	0	1
4	e6	8	0	7
5	Nf3	3	0	3
6	Nf6	2	0	1
5	Nc3	2	0	1
5	c4	2	0	1
4	a6	1	0	4
4	Nf6	4	0	0
5	e5	3	0	0
6	Nd5	3	0	0
4	d6	3	0	1
3	Bc4	23	1	24
4	e5	7	0	6
5	Nf3	2	0	2
5	Qf3	2	0	1
6	Nf6	2	0	1
5	d3	3	0	0
4	e6	4	1	7
5	Nf3	3	0	2
6	d5	2	0	2
7	exd5	2	0	2
8	exd5	2	0	2
9	Bb3	2	0	1
10	Nf6	2	0	1
5	d3	1	1	1
4	Nf6	6	0	4
5	Nc3	3	0	1
6	e6	2	0	1
5	d3	2	0	2
4	Ne5	3	0	3
5	Bb3	3	0	2
6	e6	2	0	1
4	d6	0	0	3
3	Nc3	10	0	10
4	e5	4	0	7
5	Bc4	2	0	4
6	Nf6	0	0	4
7	d3	0	0	4
8	h6	0	0	3
9	f4	0	0	3
5	Nf3	0	0	3
4	d6	2	0	1
3	f4	8	1	11
4	e5	3	1	2
5	Nf3	2	1	0
4	d6	1	0	4
5	Nf3	1	0	3
4	d5	1	0	2
3	Bb5	6	0	3
3	c3	2	1	2
4	e5	2	0	2
3	d3	3	0	1
4	e5	2	0	1
2	b6	198	17	160
3	d4	96	9	74
4	Bb7	86	9	66
5	Nc3	35	4	33
6	e6	22	1	23
7	Nf3	8	1	10
8	Bb4	5	1	5
9	Bd3	3	0	3
10	Nf6	2	0	3
11	Bd2	1	0	2
12	Bxc3	1	0	2
13	Bxc3	1	0	2
8	Nf6	2	0	2
7	Bd3	8	0	5
8	Bb4	4	0	3
9	Bd2	1	0	3
8	Nf6	2	0	2
7	a3	2	0	3
7	Bc4	2	0	2
8	Bb4	1	0	2
6	g6	7	0	5
7	Nf3	4	0	3
8	Bg7	4	0	3
6	Nf6	3	0	1
5	Bd3	31	4	11
6	e6	13	3	4
7	Nf3	6	0	3
8	c5	4	0	1
9	c3	3	0	1
10	Nf6	2	0	1
11	Qe2	2	0	1
7	c4	2	1	0
6	g6	7	1	4
7	Nf3	3	1	0
8	Bg7	3	1	0
9	Be3	2	1	0
6	Nf6	5	0	1
6	d6	3	0	2
5	d5	12	0	16
6	e6	4	0	6
7	Nc3	1	0	3
7	Bc4	0	0	3
8	Nf6	0	0	3
7	c4	3	0	0
6	g6	4	0	2
7	c4	2	0	1
8	Bg7	2	0	1
6	c6	2	0	2
6	d6	1	0	3
5	f3	5	1	0
6	e6	3	0	0
5	e5	1	0	3
6	d6	0	0	3
4	e6	3	0	3
4	Ba6	2	0	2
4	g6	1	0	2
3	Nf3	44	6	43
4	Bb7	41	6	42
5	Nc3	26	5	27
6	e6	16	0	14
7	d4	14	0	8
8	Bb4	9	0	5
9	Bd2	3	0	3
10	Bxc3	3	0	1
11	Bxc3	3	0	1
12	Bxe4	3	0	1
13	Bd3	3	0	0
9	Bd3	3	0	0
8	d6	2	0	1
7	Bc4	1	0	3
8	Bb4	1	0	2
9	d3	1	0	2
6	g6	2	2	5
7	d4	2	1	4
8	Bg7	2	1	3
6	d6	1	1	4
6	Nf6	2	1	2
6	a6	2	1	1
7	d4	1	1	1
5	Bc4	5	0	5
6	e6	1	0	4
5	d3	6	1	2
6	e6	3	1	0
5	d4	1	0	4
5	e5	3	0	1
6	e6	3	0	1
7	d4	3	0	1
5	Bd3	0	0	3
3	Bc4	26	0	16
4	Bb7	21	0	10
5	d3	11	0	3
6	e6	6	0	2
7	Nf3	2	0	1
6	g6	2	0	1
5	Nc3	5	0	4
6	e6	3	0	2
5	Nf3	3	0	1
4	e6	5	0	3
3	Nc3	10	1	13
4	Bb7	8	1	12
5	d4	3	1	3
6	e6	1	1	1
5	Bc4	3	0	2
6	e6	2	0	1
5	Nf3	2	0	3
6	e6	1	0	2
3	f4	11	1	1
4	Bb7	7	1	1
5	Nc3	6	1	0
6	Nf6	3	0	0
3	g3	4	0	1
4	Bb7	4	0	1
5	Bg2	4	0	1
6	e6	3	0	1
3	Bd3	2	0	1
3	Qf3	1	0	2
4	Bb7	1	0	2
3	d3	0	0	3
4	Bb7	0	0	3
3	e5	1	0	2
2	Nf6	133	12	120
3	e5	69	8	65
4	Nd5	59	8	57
5	c4	26	3	23
6	Nb6	23	2	23
7	d4	11	2	14
8	d6	9	1	12
9	exd6	5	0	5
10	cxd6	3	0	3
11	Nf3	2	0	2
10	exd6	1	0	2
9	f4	2	1	4
10	dxe5	1	1	3
11	fxe5	1	1	3
12	Nc6	1	0	2
13	Nf3	1	0	2
14	Bg4	1	0	2
9	Nf3	2	0	2
8	e6	1	0	2
7	c5	3	0	6
8	Nd5	3	0	6
9	Bc4	1	0	5
10	e6	0	0	3
7	Nc3	3	0	1
8	d6	3	0	0
7	a4	2	0	2
5	d4	24	0	21
6	d6	10	0	13
7	Nf3	3	0	5
8	dxe5	1	0	2
7	c4	3	0	2
8	Nb6	3	0	2
9	f4	3	0	1
7	Bc4	1	0	3
8	Nb6	0	0	3
7	f4	1	0	2
6	e6	6	0	3
7	Nf3	1	0	2
7	c4	3	0	0
6	Nb6	5	0	1
7	Nf3	3	0	0
6	b5	3	0	3
7	Bxb5	2	0	3
8	c5	2	0	3
5	Bc4	6	1	6
6	Nb6	4	0	4
7	Bb3	4	0	4
8	c5	1	0	2
6	e6	2	1	2
7	Bxd5	1	1	2
8	exd5	1	1	2
5	Nf3	3	3	5
6	d6	3	3	3
7	c4	1	2	1
8	Nb6	1	2	1
7	Bc4	1	1	1
4	Ne4	7	0	6
5	d4	4	0	2
6	e6	2	0	2
4	Ng8	2	0	2
5	d4	2	0	2
3	Nc3	47	3	41
4	e5	16	1	12
5	Nf3	9	1	7
6	Nc6	3	1	3
7	Bc4	2	1	2
8	Nxe4	1	1	1
6	d6	3	0	0
5	Bc4	5	0	1
4	d5	15	1	12
5	exd5	9	1	6
6	Nxd5	9	1	6
7	Nxd5	3	1	5
8	Qxd5	3	1	5
9	Nf3	3	1	5
10	Bf5	2	0	1
10	Bg4	0	1	2
11	Be2	0	1	2
7	Bc4	4	0	1
8	Nxc3	2	0	1
9	bxc3	2	0	1
5	e5	6	0	5
6	Nfd7	5	0	1
7	d4	4	0	1
6	d4	1	0	3
7	exf6	1	0	2
8	dxc3	1	0	2
9	fxg7	1	0	2
10	cxd2+	1	0	2
4	d6	7	1	10
5	Nf3	2	1	4
6	Bg4	1	1	1
5	d4	4	0	3
6	Bg4	2	0	1
4	Nc6	5	0	3
5	Bc4	2	0	1
4	e6	2	0	1
4	g6	2	0	1
3	d3	7	1	4
4	e5	3	0	3
5	Nf3	2	0	1
6	Nc6	2	0	1
4	Nc6	3	1	0
5	Nc3	2	1	0
3	Nf3	4	0	7
4	Nxe4	4	0	4
3	Bc4	4	0	2
4	Nxe4	3	0	0
2	a6	38	3	48
3	d4	21	2	20
4	b5	11	1	8
5	Nf3	6	0	4
6	Bb7	5	0	4
7	Bd3	2	0	2
7	d5	2	0	1
5	a3	1	0	2
6	Bb7	1	0	2
7	Nc3	1	0	2
4	e6	2	1	6
5	Nf3	1	0	2
5	c4	1	1	1
4	c6	2	0	1
4	h6	1	0	2
3	Nf3	13	0	21
4	b5	5	0	8
5	d4	3	0	5
6	Bb7	3	0	5
7	Bd3	2	0	1
7	d5	0	0	3
4	h6	4	0	5
5	Bc4	2	0	4
6	e6	1	0	3
4	b6	1	0	2
4	e6	1	0	2
3	Bc4	4	0	1
4	e6	2	0	1
2	g5	20	1	18
3	d4	13	1	12
4	g4	7	0	6
5	Qxg4	3	0	4
6	d5	3	0	3
4	h6	1	1	5
4	Bg7	4	0	1
5	Bxg5	3	0	1
6	c5	3	0	1
3	Nf3	1	0	4
4	g4	1	0	3
3	Bc4	2	0	1
2	f5	18	0	20
3	exf5	12	0	14
4	Nf6	9	0	6
5	d4	3	0	1
6	d5	2	0	1
7	Bd3	2	0	1
5	Nc3	3	0	0
6	d5	3	0	0
4	Kf7	2	0	7
5	Qh5+	1	0	2
6	g6	1	0	2
7	fxg6+	1	0	2
8	Kg7	1	0	2
3	e5	4	0	2
4	d6	2	0	1
2	h6	7	2	12
3	d4	3	2	5
4	a6	0	1	2
4	c6	1	1	1
3	Nf3	2	0	6
4	a6	1	0	2
2	a5	12	0	7
3	d4	5	0	3
3	Nf3	3	0	1
3	Bc4	1	0	2
2	h5	7	1	6
3	d4	1	1	4
4	d5	1	1	2
5	e5	1	1	2
3	Nf3	3	0	0
3	e5	1	0	2
2	f6	5	0	4
3	d4	3	0	1
2	b5	4	0	1
1	d4	5187	509	4690
2	d5	2432	242	2220
3	c4	854	89	704
4	e6	217	24	190
5	Nc3	115	14	96
6	Nf6	74	9	66
7	Bg5	36	5	33
8	Be7	21	3	24
9	e3	9	2	14
10	O-O	8	1	3
11	Nf3	7	1	2
12	h6	4	0	0
13	Bh4	4	0	0
10	h6	1	0	5
11	Bh4	1	0	4
9	Nf3	7	0	4
10	O-O	3	0	1
11	e3	3	0	1
10	c6	1	0	2
11	e3	1	0	2
9	cxd5	3	0	2
10	Nxd5	3	0	1
11	Bxe7	2	0	1
9	Bxf6	1	1	1
10	Bxf6	1	1	1
8	Bb4	6	1	1
8	Nbd7	3	1	4
9	e3	1	1	2
10	Be7	1	1	1
9	cxd5	2	0	1
8	c5	1	0	2
9	cxd5	1	0	2
8	c6	2	0	1
7	Nf3	15	0	14
8	Be7	3	0	2
8	Nbd7	2	0	2
8	c6	2	0	2
9	Bg5	2	0	1
8	Bb4	1	0	2
8	c5	2	0	1
8	dxc4	0	0	3
7	cxd5	16	4	5
8	exd5	13	4	4
9	Bg5	12	4	4
10	Be7	7	3	1
11	e3	7	1	1
12	O-O	5	0	1
13	Bd3	4	0	0
10	c6	1	1	2
11	e3	0	1	2
10	Nbd7	2	0	1
8	Nxd5	3	0	1
9	e4	2	0	1
7	Bf4	2	0	6
7	e3	2	0	3
8	Be7	1	0	2
7	a3	1	0	3
6	Bb4	14	1	6
7	Bf4	4	0	0
7	a3	2	0	2
8	Bxc3+	2	0	2
9	bxc3	2	0	2
10	Nf6	2	0	2
7	e3	4	0	0
7	Qc2	2	1	0
6	c6	8	2	10
7	Nf3	2	1	9
8	Nf6	2	0	1
8	dxc4	0	1	2
8	f5	0	0	3
9	Bg5	0	0	3
10	Nf6	0	0	3
7	Bf4	5	1	1
8	Nf6	2	1	1
9	e3	2	1	0
6	c5	6	1	6
7	Nf3	5	0	2
7	e3	1	1	2
6	Be7	2	0	4
7	Nf3	1	0	2
8	Nf6	1	0	2
6	Nc6	3	0	3
7	Nf3	2	0	1
7	cxd5	1	0	2
8	exd5	1	0	2
6	dxc4	4	0	1
7	e4	3	0	1
8	c5	2	0	1
5	Nf3	45	5	48
6	Nf6	34	2	26
7	g3	14	0	9
8	Be7	4	0	3
9	Bg2	4	0	3
10	O-O	3	0	2
11	O-O	2	0	2
8	Bb4+	4	0	0
9	Bd2	4	0	0
8	c6	1	0	2
7	Nc3	10	2	9
8	Be7	2	1	4
8	c6	2	0	2
8	Bb4	1	1	1
8	c5	2	0	1
7	Bg5	8	0	5
8	Be7	7	0	2
9	Nc3	3	0	0
7	Bf4	2	0	2
6	c5	2	1	6
6	c6	3	2	4
7	g3	0	1	2
6	Nc6	2	0	2
7	Nc3	1	0	2
5	e3	13	2	18
6	Nf6	8	1	9
7	Nc3	7	0	2
8	Bb4	1	0	2
7	Nf3	1	1	5
6	c6	3	0	2
7	Nf3	2	0	1
6	c5	1	0	3
5	cxd5	19	2	7
6	exd5	14	2	7
7	Nc3	9	1	4
8	Nf6	8	0	3
9	Bg5	5	0	2
10	Be6	3	0	0
7	Nf3	3	1	1
8	Nf6	2	1	0
6	Qxd5	3	0	0
5	a3	11	1	11
6	Nf6	5	1	9
7	Nc3	5	1	5
8	Be7	1	0	2
8	g6	2	1	0
6	c5	3	0	1
5	g3	9	0	3
6	Nf6	5	0	3
7	Bg2	5	0	3
8	Bb4+	3	0	0
5	Bf4	1	0	4
6	Nf6	1	0	3
5	c5	2	0	2
4	dxc4	215	27	171
5	Nc3	72	9	52
6	Nf6	16	3	10
7	e4	11	1	3
8	e6	2	1	1
8	Bg4	2	0	1
9	f3	2	0	1
10	Bh5	2	0	1
11	Bxc4	2	0	1
12	e6	2	0	1
7	Nf3	1	0	4
8	Bf5	1	0	2
7	Bg5	2	1	1
6	e6	13	1	10
7	e4	5	0	5
8	Nc6	1	0	2
8	Nf6	1	0	2
7	a3	3	0	1
7	Nf3	2	1	0
7	e3	1	0	2
6	c6	13	0	4
7	a4	4	0	1
7	e4	5	0	0
8	b5	4	0	0
9	a4	3	0	0
7	Bf4	1	0	2
7	e3	2	0	1
6	e5	3	2	8
7	d5	2	1	5
8	Nf6	1	0	3
9	e4	1	0	3
7	e3	1	1	1
8	exd4	1	1	1
9	exd4	1	1	1
6	a6	7	1	4
7	a4	3	0	2
6	Bf5	4	0	7
7	e4	3	0	4
8	Bg6	3	0	4
9	Bxc4	3	0	4
10	e6	2	0	2
6	Nc6	6	1	3
7	Nf3	2	0	2
7	e3	2	1	1
6	c5	3	1	3
7	d5	2	1	1
8	e6	1	1	1
9	e4	1	1	1
6	Bg4	1	0	2
5	e4	52	10	60
6	b5	10	2	17
7	a4	7	1	7
8	c6	6	1	3
9	axb5	4	1	2
10	cxb5	4	1	2
11	Nc3	4	1	2
8	Bd7	0	0	3
9	axb5	0	0	3
10	Bxb5	0	0	3
11	Nc3	0	0	3
12	c6	0	0	3
7	Nc3	3	1	7
8	a6	1	0	6
6	e6	9	2	14
7	Bxc4	7	2	11
8	Nf6	4	0	5
9	Nc3	2	0	4
10	Bb4	1	0	2
9	Bg5	2	0	1
10	Be7	2	0	1
8	Bb4+	1	0	3
9	Nc3	1	0	2
8	Nc6	1	1	1
9	Nf3	1	1	1
6	e5	13	3	5
7	d5	8	2	4
8	Nf6	4	0	2
9	Nc3	3	0	2
8	c6	1	2	1
9	Bxc4	0	2	1
10	cxd5	0	2	1
11	Bxd5	0	2	1
12	Nf6	0	2	1
7	Nf3	4	0	0
6	Nc6	7	0	11
7	d5	4	0	5
8	Ne5	3	0	5
9	Bf4	1	0	2
9	f4	0	0	3
7	Bxc4	0	0	4
8	Qxd4	0	0	4
9	Qxd4	0	0	3
10	Nxd4	0	0	3
7	Nf3	2	0	2
8	Bg4	2	0	2
9	Be3	1	0	2
6	Nf6	7	2	8
7	Nc3	4	2	5
8	e6	2	2	1
9	Bxc4	2	1	1
10	Bb4	2	0	1
7	e5	3	0	2
8	Nd5	2	0	2
9	Bxc4	2	0	2
6	c5	1	1	1
5	e3	65	4	44
6	b5	17	0	8
7	a4	15	0	6
8	c6	10	0	4
9	axb5	10	0	3
10	cxb5	10	0	3
11	Qf3	8	0	2
12	Nc6	3	0	2
13	Qxc6+	3	0	2
14	Bd7	3	0	2
12	Bb7	3	0	0
13	Qxb7	3	0	0
14	Nd7	3	0	0
6	Nf6	10	0	9
7	Bxc4	10	0	6
8	Bf5	5	0	3
9	Nf3	2	0	2
10	e6	1	0	2
8	e6	3	0	2
9	Nf3	3	0	2
7	Nc3	0	0	3
6	e6	11	1	2
7	Bxc4	10	1	2
8	a6	4	1	1
8	Nf6	3	0	0
6	e5	5	1	7
7	Bxc4	5	1	5
8	exd4	4	1	5
9	exd4	3	0	3
6	Bf5	6	1	3
7	Bxc4	5	1	2
8	e6	5	0	2
9	Nf3	2	0	1
6	Be6	3	0	2
7	Nc3	3	0	1
6	a6	1	0	4
7	Bxc4	1	0	2
6	Nc6	3	1	0
6	Qd5	1	0	2
6	c5	2	0	1
6	c6	0	0	3
7	Bxc4	0	0	3
8	e6	0	0	3
6	g6	2	0	1
7	Bxc4	2	0	1
8	Bg7	2	0	1
9	Nf3	2	0	1
5	Nf3	19	2	9
6	Nf6	3	1	2
7	Nc3	1	0	2
6	e6	5	0	1
6	b5	3	0	2
7	e3	2	0	1
6	c6	4	0	0
6	Bg4	2	0	1
5	Qa4+	5	0	3
6	Bd7	3	0	2
7	Qxc4	3	0	2
4	c6	178	19	152
5	Nc3	99	9	89
6	Nf6	53	2	56
7	Nf3	24	0	24
8	e6	9	0	7
9	Bg5	3	0	1
9	e3	2	0	2
9	Bf4	0	0	3
10	Bd6	0	0	3
8	Bf5	7	0	5
9	Bf4	1	0	3
10	e6	1	0	3
11	e3	0	0	3
9	cxd5	3	0	0
10	cxd5	3	0	0
11	Qb3	3	0	0
9	e3	1	0	2
10	e6	1	0	2
8	Bg4	3	0	3
9	e3	2	0	1
10	e6	2	0	1
8	dxc4	2	0	3
8	h6	1	0	2
7	Bg5	15	1	17
8	e6	4	0	7
9	e3	2	0	3
8	Bf5	4	1	1
9	e3	2	1	0
8	Nbd7	2	0	4
9	Nf3	2	0	1
8	h6	3	0	1
8	dxc4	0	0	3
7	cxd5	6	0	4
8	cxd5	6	0	4
9	Nf3	3	0	2
10	Nc6	3	0	1
7	e3	2	0	5
8	Bf5	1	0	3
7	Bf4	2	0	2
7	a3	0	1	2
7	h3	3	0	0
6	e6	20	5	11
7	Nf3	7	3	1
8	h6	2	0	1
9	Bf4	2	0	1
7	Bf4	3	1	2
8	Bd6	0	1	2
9	Bxd6	0	1	2
10	Qxd6	0	1	2
7	cxd5	4	0	1
8	cxd5	3	0	1
7	e3	0	1	3
7	e4	3	0	1
7	a3	2	0	1
8	Nf6	2	0	1
6	Bf5	12	1	14
7	Nf3	6	0	1
8	e6	4	0	0
7	Bf4	1	0	5
8	e6	0	0	5
9	e3	0	0	4
7	e3	2	0	3
8	e6	1	0	3
7	cxd5	0	1	3
8	cxd5	0	1	3
7	Qb3	1	0	2
6	dxc4	6	0	0
7	a4	3	0	0
6	Bg4	3	0	1
6	f5	0	1	3
6	g6	3	0	0
5	Nf3	39	5	26
6	Nf6	15	3	17
7	Nc3	8	0	11
8	Bf5	3	0	3
8	Bg4	1	0	3
8	e6	2	0	2
9	Bg5	2	0	2
8	dxc4	0	0	3
7	Qc2	2	1	2
8	e6	0	1	2
9	g3	0	1	2
7	e3	1	1	1
6	e6	10	0	3
7	Nc3	5	0	3
8	Nf6	2	0	1
9	Bg5	2	0	1
6	Bg4	5	1	3
6	Bf5	5	1	2
7	Nc3	3	1	1
8	e6	3	1	1
5	cxd5	20	3	13
6	cxd5	14	3	13
7	Nc3	9	2	6
8	Nf6	4	0	4
9	Nf3	2	0	3
8	Nc6	1	2	2
9	Nf3	1	1	2
7	Nf3	3	0	4
8	Nf6	2	0	2
7	Bf4	2	1	2
6	Qxd5	6	0	0
7	Nc3	3	0	0
5	e3	11	2	15
6	Nf6	6	0	9
7	Nc3	1	0	5
8	Bf5	0	0	3
7	Nf3	3	0	3
8	Bg4	2	0	2
6	Bf5	1	2	4
7	Nc3	0	1	2
7	Nf3	1	1	1
6	e6	1	0	2
7	Nf3	1	0	2
5	Bf4	3	0	4
6	Nf6	3	0	1
7	e3	2	0	1
6	Bf5	0	0	3
5	g3	2	0	4
6	Nf6	2	0	3
7	Bg2	2	0	2
5	c5	4	0	0
4	Nf6	117	12	106
5	Nc3	56	5	52
6	e6	27	4	14
7	Nf3	11	1	5
8	Bb4	3	0	2
8	Be7	3	0	0
8	c6	2	0	1
7	Bg5	4	0	5
8	Be7	2	0	4
9	Nf3	1	0	2
8	Bb4	2	0	1
7	e3	5	2	0
8	Bb4	3	2	0
9	Bd2	2	1	0
7	a3	5	0	1
8	Be7	3	0	1
7	cxd5	1	1	3
8	Nxd5	0	1	3
9	e4	0	1	3
10	Nxc3	0	1	2
11	bxc3	0	1	2
6	Bf5	5	0	13
7	Nf3	1	0	6
8	e6	1	0	5
9	Bg5	0	0	4
7	Bg5	2	0	2
8	e6	2	0	2
9	e3	2	0	1
10	Be7	2	0	1
7	Bf4	1	0	2
6	c6	7	0	6
7	Nf3	2	0	3
7	Bg5	3	0	0
6	dxc4	8	0	5
7	e4	4	0	1
8	e6	3	0	1
9	Bxc4	3	0	0
7	e3	2	0	2
6	g6	2	1	4
7	Bg5	1	1	1
6	Nc6	2	0	4
6	c5	1	0	3
6	Bg4	2	0	1
5	cxd5	24	3	17
6	Nxd5	22	1	14
7	e4	17	1	13
8	Nb6	10	0	7
9	Nc3	6	0	2
10	e6	3	0	2
11	Nf3	2	0	1
9	Nf3	3	0	4
10	Bg4	1	0	2
8	Nf6	7	1	5
9	Nc3	5	1	4
10	e6	4	1	2
11	Nf3	3	0	2
7	Nc3	4	0	0
6	Qxd5	0	1	3
7	Nc3	0	1	2
8	Qa5	0	1	2
5	Nf3	15	2	14
6	Bg4	3	0	5
6	e6	5	1	1
7	Nc3	2	1	0
6	c6	2	0	2
7	g3	2	0	1
6	Bf5	1	0	2
6	h6	1	0	2
7	Nc3	1	0	2
5	e3	10	0	10
6	Bf5	4	0	2
6	e6	2	0	3
7	Nf3	2	0	2
6	Nc6	2	0	1
5	Bg5	6	0	5
6	e6	2	0	3
5	Bf4	3	1	3
6	e6	1	0	2
5	c5	0	0	3
5	g3	2	0	1
4	Bf5	41	2	21
5	Nc3	19	0	10
6	e6	8	0	7
7	Nf3	3	0	4
7	cxd5	2	0	1
8	exd5	2	0	1
6	Nf6	5	0	1
6	dxc4	4	0	2
7	e4	2	0	1
5	cxd5	8	0	5
6	Qxd5	6	0	3
7	Nc3	6	0	3
8	Qd8	4	0	2
9	e4	4	0	2
10	Bg6	4	0	2
8	Qa5	2	0	1
9	Bd2	2	0	1
6	Bxb1	2	0	1
7	Rxb1	2	0	1
8	Qxd5	2	0	1
5	Nf3	7	0	3
6	e6	2	0	2
6	dxc4	2	0	1
5	e3	4	1	1
6	e6	2	1	0
5	Qb3	2	1	0
4	e5	29	3	24
5	dxe5	18	1	14
6	d4	15	0	13
7	Nf3	6	0	9
8	Nc6	2	0	6
8	c5	3	0	2
9	e3	3	0	1
10	Bg4	2	0	1
7	e3	3	0	2
7	a3	2	0	1
5	cxd5	6	1	3
6	Qxd5	5	1	2
7	Nc3	4	0	0
8	Bb4	3	0	0
5	Nc3	2	0	6
6	dxc4	1	0	2
5	e3	2	1	1
4	c5	20	0	24
5	e3	6	0	7
6	cxd4	5	0	2
7	exd4	4	0	1
5	cxd5	7	0	4
6	Qxd5	5	0	4
7	Nc3	4	0	2
8	Qxd4	3	0	2
9	Qxd4	3	0	1
10	cxd4	3	0	1
11	Nb5	3	0	1
12	Na6	2	0	1
13	Nxd4	2	0	1
7	Nf3	1	0	2
5	dxc5	2	0	7
6	d4	0	0	4
7	Nf3	0	0	3
8	Nc6	0	0	3
5	Nc3	3	0	2
5	Nf3	2	0	3
4	Nc6	24	1	12
5	Nf3	8	0	4
6	Bg4	2	0	1
6	e6	3	0	0
5	cxd5	4	1	4
6	Qxd5	3	1	3
7	Nc3	2	1	0
8	Qxd4	2	1	0
7	Nf3	0	0	3
5	Nc3	6	0	1
6	Nf6	3	0	1
7	Nf3	2	0	1
6	dxc4	3	0	0
5	e3	3	0	2
5	Bf4	3	0	0
4	g6	4	1	1
4	h6	3	0	1
4	Be6	1	0	2
4	b6	3	0	0
3	Bf4	572	63	574
4	Nf6	147	17	130
5	e3	99	11	85
6	e6	24	3	26
7	Nf3	13	0	18
8	Bd6	5	0	5
9	Ne5	3	0	4
8	c5	4	0	5
9	c3	4	0	4
10	Nc6	1	0	2
8	Be7	1	0	4
9	Bd3	0	0	3
8	Nbd7	1	0	2
7	Nd2	4	2	0
7	c3	3	0	2
8	Bd6	1	0	2
7	Bd3	1	1	1
7	h3	2	0	1
6	Bf5	16	1	20
7	Nf3	9	0	11
8	e6	6	0	9
9	Bd3	2	0	2
9	c3	2	0	2
9	c4	1	0	3
7	c4	3	0	2
8	e6	3	0	2
9	Qb3	2	0	2
10	b6	2	0	1
11	Nc3	2	0	1
7	Bd3	2	0	2
7	Nc3	1	1	2
6	c5	8	2	17
7	c3	5	2	10
8	Nc6	3	2	5
9	Nf3	2	2	2
9	Nd2	1	0	2
8	e6	1	0	3
7	Nf3	2	0	4
8	Nc6	2	0	2
6	Nc6	18	3	5
7	Nf3	8	1	1
8	Bg4	3	1	0
9	Nbd2	2	1	0
8	e6	3	0	0
7	Bd3	2	1	1
7	c3	3	0	0
7	c4	3	0	0
6	c6	11	0	5
7	Nf3	4	0	2
8	Bg4	2	0	2
9	Nbd2	2	0	1
10	e6	2	0	1
7	Bd3	2	0	1
7	c3	2	0	1
6	g6	8	0	6
7	Nf3	3	0	2
8	Bg7	3	0	2
7	Bd3	1	0	2
7	c3	2	0	1
8	Bg7	2	0	1
6	a6	6	1	6
7	c3	3	0	1
7	Bd3	2	0	1
6	Bg4	4	0	0
7	Nf3	3	0	0
5	Nf3	28	5	24
6	Nc6	6	1	7
7	e3	6	1	6
8	Bg4	3	1	1
8	Bf5	2	0	2
6	e6	6	2	2
7	e3	6	2	2
8	Bd6	2	0	1
8	Be7	2	1	0
6	Bf5	3	1	5
7	e3	2	1	5
8	e6	1	1	3
6	Bg4	4	1	1
7	e3	3	0	0
6	c5	2	0	3
7	e3	2	0	3
8	Qb6	1	0	2
6	g6	2	0	2
6	Ne4	2	0	1
7	e3	2	0	1
5	Nc3	11	0	17
6	e6	3	0	8
7	e3	2	0	3
6	Bf5	1	0	3
6	Nc6	2	0	2
7	Nb5	2	0	1
8	e5	2	0	1
9	dxe5	2	0	1
6	c5	1	0	2
5	Nd2	3	1	1
6	Nc6	2	0	1
5	c3	2	0	1
5	h3	2	0	1
4	Nc6	139	10	133
5	e3	79	6	83
6	Nf6	35	2	27
7	Nf3	17	2	10
8	Bf5	4	1	4
9	Bd3	1	0	2
8	e6	5	0	3
9	c3	3	0	3
10	Bd6	2	0	3
8	Bg4	4	0	2
9	Nbd2	2	0	2
8	h6	2	1	0
7	Bd3	5	0	3
8	Bg4	1	0	2
7	c3	4	0	4
8	Bf5	3	0	1
8	e6	0	0	3
7	Bb5	1	0	3
8	Bd7	1	0	3
7	h3	4	0	0
8	Bf5	3	0	0
7	Nc3	1	0	2
7	a3	1	0	2
7	c4	1	0	2
6	Bf5	23	2	26
7	c3	6	0	11
8	e6	4	0	6
9	Nf3	3	0	3
8	Nf6	1	0	4
9	Nf3	0	0	3
7	Nf3	7	1	2
8	Nf6	4	0	0
8	e6	1	0	2
7	c4	5	0	5
8	e6	3	0	3
7	Bb5	0	0	3
7	Bd3	0	0	3
7	Nc3	2	0	1
8	e6	2	0	1
7	a3	2	0	1
6	a6	8	0	17
7	Nf3	1	0	8
8	Nf6	0	0	3
7	Bd3	3	0	2
8	Nf6	1	0	2
7	c3	2	0	3
6	e6	7	1	5
7	Nf3	2	1	1
7	c4	2	0	1
8	Nf6	2	0	1
6	f6	1	0	3
6	h6	1	0	3
6	g6	2	0	1
5	Nf3	41	3	26
6	Bf5	12	0	10
7	e3	8	0	5
8	e6	4	0	2
8	Nb4	3	0	1
7	a3	3	0	2
6	Nf6	8	0	7
7	e3	4	0	6
8	Bg4	1	0	3
7	Nc3	2	0	1
6	Bg4	9	0	1
7	e3	3	0	1
6	e6	5	1	3
7	e3	5	1	2
8	Nf6	2	1	2
6	f6	2	0	2
7	e3	2	0	2
6	h6	3	0	1
7	e3	3	0	0
6	a6	1	0	2
7	e3	1	0	2
6	g6	1	2	0
5	Nc3	14	0	13
6	Nf6	6	0	6
7	Nb5	6	0	4
8	e5	4	0	4
9	dxe5	3	0	4
10	Nh5	2	0	1
11	Qd2	2	0	1
6	Bf5	1	0	4
6	e6	2	0	2
5	c3	3	1	5
6	Nf6	1	0	4
6	Bf5	2	0	1
5	h3	1	0	4
4	e6	102	10	106
5	e3	59	7	70
6	Bd6	21	2	19
7	Bg3	12	1	7
8	Bxg3	4	0	2
9	hxg3	4	0	2
8	Nf6	3	1	1
7	Bxd6	5	0	3
8	Qxd6	4	0	3
9	Nf3	4	0	2
10	Qb4+	3	0	0
7	Nf3	1	1	1
8	Bxf4	1	1	1
9	exf4	1	1	1
6	Nf6	10	2	21
7	Nf3	5	1	11
8	c5	3	0	4
9	c3	3	0	2
10	Nc6	3	0	1
8	Bd6	1	0	2
8	Nc6	1	0	2
7	Bd3	1	0	4
8	Be7	0	0	3
7	c3	2	0	3
6	c5	12	1	10
7	c3	9	1	5
8	Nc6	4	1	2
9	Nf3	2	1	1
8	Nf6	2	0	1
8	Qb6	1	0	2
7	Nf3	1	0	3
8	c4	1	0	2
6	Nc6	4	0	5
7	Nf3	1	0	3
7	Bd3	1	0	2
8	Nf6	1	0	2
6	a6	6	0	3
7	Bd3	2	0	1
7	Nf3	3	0	0
6	Be7	1	1	3
7	Nf3	1	0	2
8	Nf6	1	0	2
6	c6	1	0	3
6	h6	0	0	4
7	Nf3	0	0	3
8	Nf6	0	0	3
5	Nf3	31	3	27
6	Bd6	13	0	6
7	Bg3	5	0	4
8	Nf6	3	0	2
9	e3	3	0	2
7	e3	4	0	2
8	Bxf4	3	0	2
9	exf4	3	0	2
10	Nf6	2	0	2
6	c5	7	0	8
7	e3	3	0	6
8	Nc6	2	0	3
9	c3	1	0	2
7	c3	3	0	2
8	Nc6	3	0	0
6	Nf6	4	1	6
7	e3	2	1	6
8	Nc6	1	0	2
6	Nc6	2	1	5
7	e3	2	1	3
8	Nf6	1	1	2
6	f5	2	1	0
5	Nc3	5	0	4
6	Bd6	2	0	2
7	Bg3	1	0	2
5	a3	4	0	3
4	Bf5	88	16	111
5	e3	56	7	69
6	e6	25	5	27
7	Nf3	10	3	8
8	Nf6	2	1	2
8	Bd6	1	0	2
8	Nc6	3	0	0
8	Nd7	2	0	1
7	Bd3	6	0	10
8	Bxd3	3	0	6
9	Qxd3	3	0	6
10	Nf6	1	0	2
8	Bg6	1	0	2
7	c4	5	1	3
8	Bd6	2	0	1
8	dxc4	2	1	0
9	Bxc4	2	1	0
7	c3	1	0	4
6	Nf6	9	2	20
7	Nf3	3	0	8
8	e6	2	0	4
8	Nc6	1	0	2
7	Bd3	1	1	8
8	Bg6	1	0	2
8	Bxd3	0	0	3
7	c4	3	1	3
8	e6	1	1	3
6	Nc6	9	0	7
7	Nf3	2	0	4
8	Nf6	2	0	2
7	c3	4	0	1
8	e6	2	0	1
7	Bd3	1	0	2
6	a6	5	0	7
7	Bd3	2	0	1
7	Nf3	2	0	1
6	c6	3	0	3
6	Nd7	2	0	1
6	h6	2	0	1
5	Nf3	18	5	21
6	e6	8	1	10
7	e3	7	1	8
8	Nf6	2	0	3
8	Bd6	0	1	3
6	Nc6	4	2	4
7	e3	2	1	2
7	c3	1	1	1
6	Nf6	2	1	2
7	e3	2	1	2
8	e6	1	1	2
5	Nc3	2	1	9
6	e6	1	1	5
7	a3	1	1	2
6	Nf6	1	0	2
5	c4	3	3	4
6	c6	1	0	2
6	e6	1	1	1
5	c3	5	0	2
6	e6	4	0	1
7	e3	2	0	1
5	Nd2	2	0	3
6	e6	1	0	3
4	c5	32	5	38
5	e3	19	4	24
6	Nc6	11	1	8
7	c3	5	1	4
8	Bf5	1	1	1
8	Nf6	1	0	2
7	Nf3	6	0	2
8	Bg4	3	0	1
6	cxd4	2	2	4
7	exd4	2	2	4
8	Nc6	2	1	1
6	Nf6	2	0	2
6	a6	1	0	3
7	c3	1	0	2
6	Qb6	0	0	3
6	c4	1	1	1
6	e6	1	0	2
5	c3	8	1	4
6	Nc6	6	0	3
7	e3	5	0	3
8	Bf5	1	0	2
5	Nf3	2	0	3
6	Nc6	1	0	2
5	dxc5	1	0	3
5	Nc3	0	0	3
4	c6	28	4	22
5	e3	17	4	11
6	Nf6	4	1	6
7	Nf3	0	1	3
6	Bf5	3	3	1
7	Nf3	1	2	0
6	e6	4	0	2
6	Nd7	2	0	1
6	Qb6	2	0	1
5	Nf3	4	0	7
6	Bf5	1	0	3
7	e3	1	0	2
6	Nf6	0	0	3
5	Nc3	3	0	0
4	a6	9	0	4
5	Nf3	5	0	1
5	e3	2	0	3
6	h6	0	0	3
4	g6	4	1	8
5	e3	3	1	4
6	Bg7	3	1	4
7	Bd3	1	0	3
7	Nf3	2	0	1
4	h6	5	0	6
5	e3	2	0	2
5	Nc3	1	0	2
6	e6	1	0	2
4	Bg4	6	0	4
5	Nf3	2	0	1
5	h3	2	0	1
6	Bh5	2	0	1
4	f6	5	0	5
5	e3	3	0	5
6	Nc6	2	0	2
6	e5	1	0	2
4	b6	2	0	2
5	e3	2	0	2
6	Bb7	1	0	2
4	f5	1	0	3
5	e3	1	0	2
4	Be6	3	0	0
3	Nf3	407	33	333
4	Nf6	119	17	111
5	e3	41	5	32
6	e6	9	0	12
7	Bd3	7	0	8
8	Bd6	4	0	4
9	Nbd2	3	0	1
6	Bg4	10	1	5
7	Be2	6	1	1
8	e6	4	1	0
7	Bd3	1	0	2
7	Nbd2	2	0	1
6	Bf5	7	1	4
7	Bd3	2	0	3
8	Bg6	1	0	3
7	c4	3	0	0
6	Nc6	5	1	3
7	Bd3	2	0	1
6	a6	2	2	3
7	Bd3	1	2	3
6	c5	2	0	2
7	c3	1	0	2
6	c6	4	0	0
7	Bd3	3	0	0
5	Bf4	30	5	30
6	e6	11	1	12
7	e3	10	1	9
8	c5	6	0	3
9	c3	5	0	1
10	Bd6	2	0	1
8	Bd6	1	0	4
8	Be7	1	0	2
6	Bf5	7	0	8
7	e3	4	0	6
8	e6	3	0	6
9	Bd3	1	0	2
9	c4	1	0	2
6	c5	3	0	5
7	c3	3	0	1
8	Nc6	2	0	1
9	e3	2	0	1
7	e3	0	0	4
6	Nc6	5	1	0
7	e3	5	1	0
8	e6	2	1	0
6	Bg4	2	1	2
7	e3	1	1	1
6	c6	0	2	2
7	e3	0	2	2
6	g6	2	0	1
5	c4	14	2	8
6	e6	9	1	2
7	Nc3	5	0	2
7	g3	2	1	0
6	c6	2	0	3
7	Nc3	2	0	2
5	g3	4	3	16
6	Bf5	0	0	4
7	Bg2	0	0	4
8	e6	0	0	3
6	Bg4	1	0	3
7	Bg2	1	0	3
6	c5	0	2	2
6	e6	3	0	1
7	Bg2	3	0	1
6	Nc6	0	1	2
7	Bg2	0	1	2
5	Nc3	11	0	8
6	Nc6	4	0	4
7	Bg5	2	0	1
6	e6	2	0	2
5	Bg5	7	2	7
6	e6	4	0	2
7	e3	3	0	1
6	h6	0	2	1
5	c3	4	0	3
6	e6	3	0	2
7	Bf4	2	0	1
5	h3	2	0	3
5	b3	2	0	1
4	Nc6	92	7	64
5	Bf4	29	2	21
6	Bf5	9	1	6
7	e3	8	0	6
8	e6	0	0	4
8	Nf6	3	0	0
8	a6	2	0	1
6	Nf6	8	0	6
7	e3	7	0	4
8	Bf5	3	0	1
8	Bg4	1	0	2
6	Bg4	2	1	5
7	e3	1	0	4
8	e6	0	0	3
6	e6	3	0	1
7	e3	2	0	1
6	f6	3	0	1
6	e5	2	0	1
5	e3	25	3	19
6	Nf6	9	2	7
7	Bd3	3	1	3
8	Bg4	1	1	2
8	e6	2	0	1
7	c4	3	0	1
6	Bg4	5	0	3
7	Bd3	2	0	1
6	Bf5	2	0	4
6	a6	2	1	3
6	e5	4	0	0
5	g3	10	1	7
6	Nf6	3	1	2
7	Bg2	3	1	2
8	Bg4	2	0	1
6	Bg4	2	0	3
7	Bg2	2	0	3
8	Nf6	1	0	3
6	Bf5	1	0	2
5	c3	10	0	5
6	Nf6	5	0	2
7	e3	2	0	1
7	g3	2	0	1
6	Bg4	2	0	1
5	Nc3	6	1	5
6	Nf6	3	1	2
7	Bg5	2	0	1
8	e6	2	0	1
9	e3	2	0	1
6	e6	1	0	2
5	c4	7	0	2
6	dxc4	3	0	2
6	e6	3	0	0
5	Bg5	1	0	2
4	e6	61	3	45
5	e3	17	0	17
6	Nf6	7	0	6
7	Bd3	5	0	4
8	Bd6	2	0	1
8	c5	2	0	1
7	c4	2	0	1
8	Be7	2	0	1
6	Nc6	2	0	5
7	c4	0	0	3
6	c5	3	0	2
5	Bf4	17	2	9
6	Nf6	6	1	4
7	e3	6	0	3
6	c5	3	0	4
7	e3	2	0	3
8	cxd4	1	0	3
9	exd4	1	0	3
6	Bd6	2	1	0
6	Nc6	2	0	1
5	c4	12	0	7
6	c6	5	0	2
7	Nc3	4	0	1
8	a6	2	0	1
6	Nf6	3	0	3
7	Nc3	1	0	2
8	Be7	1	0	2
6	dxc4	3	0	2
5	g3	5	0	4
6	c5	1	0	2
5	Nbd2	1	0	4
6	Nf6	1	0	2
5	Nc3	3	0	2
4	Bf5	50	5	46
5	e3	19	2	17
6	e6	7	1	6
7	Bd3	2	0	4
7	c4	4	0	0
6	Nf6	8	0	3
7	Bd3	5	0	0
7	Nbd2	2	0	1
8	e6	2	0	1
6	Nc6	2	0	3
6	a6	1	1	2
6	h6	1	0	2
5	Bf4	16	0	9
6	e6	7	0	6
7	e3	7	0	3
8	Nf6	4	0	1
9	Bd3	2	0	1
8	Bd6	1	0	2
9	Bg3	1	0	2
6	Nc6	3	0	2
7	e3	1	0	2
6	Nf6	4	0	0
7	e3	3	0	0
5	Nc3	4	1	5
6	e6	1	1	4
5	c4	4	0	5
6	Nf6	1	0	2
5	g3	2	2	4
6	Nf6	2	1	0
7	Bg2	2	1	0
8	e6	2	1	0
9	O-O	2	1	0
6	e6	0	1	2
7	Bg2	0	1	2
5	Nbd2	1	0	2
5	Nh4	1	0	2
4	Bg4	23	0	25
5	e3	6	0	6
6	e6	2	0	2
6	Bxf3	0	0	3
7	Qxf3	0	0	3
5	Bf4	6	0	4
6	e6	3	0	2
7	e3	2	0	2
6	Bxf3	2	0	2
7	exf3	1	0	2
5	Nbd2	3	0	6
6	Nf6	2	0	1
6	e6	1	0	2
5	Ne5	3	0	5
6	Bf5	1	0	3
7	e3	1	0	2
6	Bh5	2	0	1
5	Nc3	1	0	2
5	h3	2	0	1
4	c6	16	1	19
5	Bf4	8	1	8
6	Nf6	3	1	3
7	e3	2	1	2
6	Bg4	2	0	1
7	e3	2	0	1
8	e6	2	0	1
6	e6	2	0	1
7	e3	2	0	1
8	Bd6	2	0	1
9	Bg3	2	0	1
5	e3	3	0	6
5	g3	2	0	2
5	b3	1	0	2
4	c5	21	0	12
5	c3	6	0	4
6	Nc6	2	0	3
7	Bf4	2	0	1
5	e3	5	0	2
6	Nc6	3	0	1
5	dxc5	4	0	2
6	Nc6	3	0	1
5	c4	2	0	2
4	g6	11	0	2
5	Bf4	7	0	1
6	Bg7	6	0	0
7	e3	4	0	0
8	Nf6	3	0	0
5	e3	2	0	1
6	Bg7	2	0	1
4	h6	3	0	6
5	Nc3	1	0	3
6	Nf6	1	0	2
7	Bf4	1	0	2
5	e3	2	0	1
4	f6	5	0	3
3	Nc3	211	12	206
4	Nf6	104	4	108
5	Bf4	78	2	76
6	a6	18	1	21
7	e3	12	1	18
8	Nc6	2	0	8
9	h3	0	0	3
8	e6	4	0	2
9	Nf3	4	0	1
8	Bf5	2	0	3
9	f3	2	0	2
8	Bg4	2	0	1
8	h6	0	0	3
7	Nf3	3	0	1
6	e6	11	0	20
7	e3	5	0	6
8	Bd6	3	0	2
9	Nf3	2	0	2
10	Bxf4	1	0	2
11	exf4	1	0	2
7	Nb5	4	0	6
8	Na6	3	0	3
9	e3	3	0	3
8	Bd6	0	0	3
7	a3	2	0	3
7	Nf3	0	0	3
6	Bf5	16	1	12
7	e3	7	0	6
8	e6	5	0	6
9	f3	3	0	3
7	f3	5	0	4
8	e6	4	0	3
9	g4	4	0	3
10	Bg6	4	0	2
11	h4	3	0	2
12	h5	2	0	1
13	g5	2	0	1
7	Nb5	1	1	2
8	Na6	1	1	2
9	e3	1	0	2
10	c6	1	0	2
11	Nc3	1	0	2
6	Nc6	12	0	11
7	Nb5	10	0	8
8	e5	7	0	6
9	dxe5	3	0	5
10	Nh5	2	0	3
9	Bxe5	4	0	1
10	Nxe5	3	0	1
11	dxe5	3	0	1
12	Ne4	2	0	1
8	Bf5	2	0	1
9	Nxc7+	2	0	1
10	Kd7	2	0	1
11	Nxa8	2	0	1
7	e3	2	0	2
8	Bf5	1	0	2
6	c6	9	0	5
7	e3	8	0	4
8	Bf5	4	0	3
9	f3	4	0	1
10	e6	2	0	1
11	g4	2	0	1
12	Bg6	2	0	1
13	h4	2	0	1
6	Bg4	5	0	1
7	h3	3	0	0
6	c5	2	0	3
7	e3	1	0	2
6	h6	1	0	2
5	Bg5	8	1	12
6	e6	5	0	4
7	e4	2	0	2
6	Bf5	0	0	4
5	Nf3	7	0	12
6	Bf5	2	0	5
7	Bg5	1	0	2
6	Nc6	3	0	2
5	e4	4	0	2
6	dxe4	4	0	1
7	f3	4	0	1
8	exf3	3	0	1
9	Nxf3	2	0	1
10	Bg4	2	0	1
5	f3	1	0	4
6	Bf5	0	0	3
5	g3	3	0	0
4	e6	42	2	28
5	Bf4	23	1	15
6	Bd6	5	0	5
7	e3	3	0	2
8	Bxf4	3	0	2
9	exf4	3	0	2
6	Bb4	5	0	1
7	e3	2	0	1
6	a6	3	0	3
7	e3	2	0	2
6	Nf6	4	0	1
7	e3	3	0	1
6	c5	3	0	2
7	e3	2	0	1
6	c6	1	1	1
5	e4	4	0	7
6	dxe4	1	0	3
7	Nxe4	1	0	2
5	Nf3	6	1	1
6	Nf6	3	0	1
7	Bg5	2	0	1
5	a3	4	0	2
4	c6	17	3	21
5	Bf4	13	1	12
6	Nf6	5	0	2
7	e3	3	0	1
6	Bf5	0	0	5
7	e3	0	0	3
6	Nd7	2	1	2
7	e3	0	1	2
6	h6	2	0	2
7	e3	2	0	1
5	e4	2	0	5
6	dxe4	2	0	2
7	Nxe4	2	0	2
6	e6	0	0	3
5	Bg5	1	2	1
5	Nf3	1	0	2
4	Bf5	22	0	16
5	Bf4	17	0	13
6	e6	10	0	8
7	e3	5	0	3
8	Bd6	2	0	2
7	Nf3	2	0	1
7	a3	2	0	1
6	a6	2	0	2
7	e3	1	0	2
6	Nc6	1	0	2
7	e3	1	0	2
6	c6	2	0	1
4	Nc6	11	1	18
5	Bf4	9	1	12
6	Bf5	1	0	5
7	f3	1	0	2
6	Nf6	3	0	3
7	Nb5	3	0	1
8	e5	3	0	1
9	Bxe5	2	0	1
10	Nxe5	2	0	1
11	dxe5	2	0	1
6	e6	2	1	2
7	Nb5	1	1	2
8	Bd6	1	1	1
5	Nf3	1	0	2
6	Nf6	1	0	2
4	c5	6	1	4
5	Bf4	2	0	1
5	dxc5	2	0	1
5	e4	2	1	0
4	g6	4	0	3
5	Bf4	2	0	2
4	e5	1	0	2
4	h6	0	1	2
3	e3	198	17	205
4	Nf6	52	7	58
5	Bd3	20	3	20
6	e6	9	2	8
7	Nd2	6	1	5
8	Bd6	2	0	1
9	f4	2	0	1
8	Be7	1	1	1
9	f4	1	1	1
8	Nbd7	1	0	2
9	f4	1	0	2
7	f4	2	0	1
6	Nc6	4	1	3
7	f4	1	1	3
8	Bg4	0	1	2
9	Nf3	0	1	2
6	Bg4	2	0	2
6	c5	3	0	0
6	g6	1	0	2
5	Nf3	13	2	15
6	e6	1	2	5
6	Bg4	4	0	3
6	Nc6	4	0	3
6	g6	2	0	1
5	c4	8	1	9
6	e6	4	0	6
7	Nc3	1	0	2
7	Nf3	1	0	2
6	Bf5	1	0	2
6	dxc4	1	1	1
7	Bxc4	1	1	1
5	h3	4	0	3
5	f4	2	0	4
5	Nc3	1	1	2
5	c3	2	0	1
4	Nc6	51	5	31
5	c4	14	3	6
6	e6	6	1	3
7	Nf3	2	0	1
7	a3	3	0	0
8	Nf6	3	0	0
9	Nc3	3	0	0
6	dxc4	3	1	1
7	Bxc4	3	1	1
6	Nf6	3	0	1
6	Bf5	2	0	1
5	Nf3	11	1	5
6	Bg4	6	1	1
7	Be2	4	1	1
8	Nf6	3	1	1
9	O-O	3	0	1
5	f4	9	0	5
6	Bf5	2	0	3
6	Nf6	4	0	0
5	Bd3	6	0	3
6	Nf6	5	0	2
5	a3	4	0	2
6	Bf5	2	0	1
6	Nf6	2	0	1
5	h3	3	0	3
6	Nf6	2	0	1
5	Bb5	1	0	3
5	c3	1	1	1
4	Bf5	30	0	39
5	Bd3	10	0	9
6	Bxd3	5	0	4
7	Qxd3	2	0	3
7	cxd3	3	0	1
6	Bg6	3	0	2
5	c4	4	0	10
6	dxc4	2	0	3
7	Bxc4	2	0	3
8	e6	1	0	2
6	e6	1	0	3
5	Nf3	5	0	6
6	e6	1	0	4
5	f4	3	0	2
6	e6	2	0	1
5	c3	1	0	3
5	Nc3	1	0	2
5	a3	2	0	1
5	f3	1	0	2
4	e6	32	4	32
5	Bd3	10	0	8
6	c5	1	0	6
7	c3	0	0	6
6	Nf6	3	0	1
6	Bd6	2	0	1
5	c4	7	2	6
6	c6	2	1	3
7	c5	1	1	1
6	Nf6	3	0	2
6	dxc4	2	1	0
7	Bxc4	2	1	0
5	Nf3	7	0	6
6	Nf6	1	0	2
6	c5	1	0	2
5	f4	1	2	3
5	Nc3	2	0	1
5	c3	2	0	1
4	c5	10	0	12
5	c3	7	0	7
6	Nc6	3	0	5
7	Bd3	2	0	2
5	c4	1	0	3
4	c6	9	0	9
5	Bd3	3	0	6
6	Nf6	2	0	4
5	Nf3	2	0	1
4	a6	6	0	11
5	Bd3	3	0	5
6	Nc6	2	0	3
4	g6	2	1	4
5	Bd3	1	0	2
6	Bg7	1	0	2
4	f5	2	0	3
5	c4	1	0	2
6	c6	1	0	2
3	e4	84	3	80
4	dxe4	51	2	54
5	Nc3	41	1	40
6	Nf6	24	1	25
7	f3	18	1	18
8	exf3	16	0	11
9	Nxf3	10	0	5
10	Bg4	4	0	2
11	h3	3	0	1
10	Nc6	3	0	1
10	e6	2	0	2
9	Qxf3	6	0	6
10	e6	3	0	3
8	Bf5	0	0	5
9	Bc4	0	0	3
7	Bg5	6	0	3
8	Bf5	2	0	2
7	Qe2	0	0	3
6	Bf5	6	0	3
7	f3	5	0	3
8	exf3	4	0	2
9	Nxf3	2	0	1
10	Bg4	2	0	1
9	Qxf3	2	0	1
6	e6	2	0	7
7	f3	2	0	5
8	exf3	2	0	3
9	Qxf3	2	0	2
10	Nf6	1	0	2
6	f5	6	0	2
7	f3	4	0	1
8	exf3	3	0	1
6	e5	2	0	2
5	f3	10	0	13
6	exf3	9	0	7
7	Nxf3	9	0	7
8	Bg4	2	0	4
9	Bc4	1	0	4
10	e6	0	0	4
11	O-O	0	0	3
8	Nf6	2	0	1
6	Nf6	1	0	2
4	e6	11	0	8
5	Nc3	7	0	3
6	Bb4	2	0	2
5	e5	2	0	2
4	c6	8	1	6
5	Nc3	4	1	3
6	e6	1	0	2
5	e5	2	0	2
4	Nc6	5	0	7
5	Nc3	1	0	3
6	dxe4	1	0	2
5	Bb5	1	0	2
4	Nf6	4	0	3
5	Nc3	3	0	1
6	dxe4	2	0	1
7	f3	2	0	1
8	exf3	2	0	1
5	e5	1	0	2
6	Nfd7	1	0	2
4	e5	4	0	0
5	dxe5	4	0	0
3	Bg5	23	6	31
4	h6	10	1	8
5	Bh4	10	1	7
6	g5	4	0	2
7	Bg3	4	0	2
6	Nf6	4	0	1
7	f3	2	0	1
4	Nc6	6	1	7
5	e3	3	1	4
5	Nf3	0	0	3
4	f6	3	3	4
5	Bh4	2	1	3
5	Bf4	1	1	1
4	Nf6	1	1	4
5	Bxf6	1	0	3
6	exf6	1	0	3
4	Bf5	1	0	2
3	g3	19	2	21
4	Nf6	5	1	8
5	Bg2	5	1	7
6	e6	2	1	1
7	Nf3	2	1	0
6	Nc6	0	0	3
4	Bf5	3	0	4
5	Bg2	2	0	3
6	e6	1	0	3
4	Nc6	3	0	4
5	Bg2	2	0	2
6	Nf6	1	0	2
4	c5	4	0	2
5	Bg2	2	0	2
4	e6	1	1	2
5	Bg2	0	1	2
3	h3	16	3	17
4	Nc6	5	0	6
5	Nf3	3	0	3
6	Nf6	1	0	2
5	a3	1	0	3
6	e5	1	0	2
4	e6	4	1	4
5	a3	2	0	2
5	Nf3	2	0	1
4	Nf6	4	0	4
5	Nf3	2	0	2
4	Bf5	1	1	1
3	c3	15	1	13
4	Nf6	7	1	2
5	Bf4	3	1	1
6	Nc6	2	0	1
4	Bf5	5	0	4
5	Nd2	1	0	2
4	c5	3	0	0
4	e6	0	0	3
3	f4	13	1	13
4	Nf6	5	1	4
5	Nf3	4	1	3
6	Bf5	1	1	2
7	e3	1	1	2
8	e6	1	0	2
9	Bd3	1	0	2
4	e6	3	0	3
5	Nf3	1	0	2
5	e3	2	0	1
4	Bf5	3	0	2
5	e3	2	0	2
3	Nd2	6	3	6
4	Nc6	2	3	0
5	Ngf3	2	2	0
4	Nf6	2	0	1
5	Ngf3	2	0	1
3	f3	5	2	5
4	Nf6	0	1	3
3	a3	3	1	3
4	Nf6	2	0	2
3	b3	1	1	5
3	Qd3	2	2	0
3	b4	1	1	1
2	Nf6	1031	119	958
3	c4	409	59	362
4	e6	146	25	120
5	Nc3	91	12	70
6	Bb4	48	6	43
7	Bg5	8	1	11
8	h6	4	0	5
9	Bh4	1	0	4
10	g5	1	0	2
11	Bg3	1	0	2
12	Ne4	1	0	2
13	Qc2	1	0	2
9	Bxf6	3	0	1
10	Qxf6	2	0	1
11	e3	2	0	1
8	b6	0	0	3
8	c5	1	1	1
8	d5	2	0	1
9	e3	2	0	1
7	Qc2	10	2	6
8	c5	5	0	2
9	e3	3	0	0
8	d5	3	2	2
7	Nf3	6	1	10
8	b6	1	0	4
9	Bg5	1	0	2
8	O-O	1	0	3
8	Ne4	2	0	1
7	Bd2	7	0	7
8	Bxc3	1	0	2
9	Bxc3	1	0	2
8	O-O	1	0	2
8	b6	2	0	1
7	a3	8	1	4
8	Bxc3+	8	1	3
9	bxc3	8	1	3
10	b6	2	0	1
10	c5	2	0	1
7	e3	5	0	1
8	O-O	2	0	1
7	Qb3	1	0	2
7	f3	2	0	1
6	d5	28	5	17
7	Nf3	11	1	4
8	Be7	3	0	1
8	c5	2	1	1
9	cxd5	1	1	1
7	Bg5	6	3	6
8	Be7	5	2	2
9	e3	2	2	0
8	Nbd7	0	0	3
7	cxd5	6	0	4
8	exd5	5	0	3
9	Bg5	5	0	2
10	c6	2	0	1
7	e3	1	1	2
6	c5	5	0	3
6	c6	2	0	2
6	Be7	2	0	1
6	b6	2	0	1
6	d6	2	0	1
5	Nf3	31	7	31
6	d5	16	6	15
7	Nc3	7	4	7
8	Bb4	4	3	2
9	Bg5	1	2	0
9	Qa4+	1	1	1
10	Nc6	1	1	1
8	c5	3	0	1
8	Be7	0	1	2
7	g3	5	2	4
8	c6	1	1	2
9	Bg2	1	1	2
7	e3	0	0	4
6	Bb4+	6	0	7
7	Bd2	4	0	6
8	a5	3	0	2
9	g3	2	0	2
8	Bxd2+	1	0	2
6	b6	6	1	6
7	g3	6	1	2
8	Bb7	3	1	1
9	Bg2	3	1	1
10	d5	2	1	0
8	Ba6	2	0	1
6	c5	3	0	1
5	g3	6	5	6
6	d5	4	3	4
7	Nf3	2	1	3
8	dxc4	1	1	1
9	Bg2	1	1	1
7	Bg2	2	2	1
6	Bb4+	0	2	1
5	Bg5	9	0	4
6	d5	4	0	0
6	h6	0	0	3
5	a3	4	1	5
6	d5	2	1	2
7	Nc3	1	1	1
5	e3	3	0	2
5	Bf4	2	0	1
4	g6	132	12	108
5	Nc3	108	6	85
6	Bg7	77	3	61
7	e4	53	2	40
8	d6	41	2	34
9	Nf3	13	0	7
10	O-O	7	0	6
11	Be2	3	0	4
12	e5	2	0	1
11	Bd3	3	0	1
12	Bg4	3	0	0
9	Be2	5	1	7
10	O-O	5	1	7
11	Nf3	1	1	3
11	Bg5	1	0	2
9	f4	8	0	4
10	O-O	8	0	3
11	Nf3	7	0	2
9	h3	5	0	5
10	O-O	5	0	3
11	Nf3	3	0	2
9	f3	3	0	4
10	O-O	3	0	4
11	Be3	3	0	3
9	Bg5	2	0	3
10	O-O	1	0	3
9	Bd3	1	0	3
10	O-O	1	0	2
9	Be3	3	0	0
10	O-O	3	0	0
8	O-O	9	0	6
9	e5	3	0	3
10	Ne8	2	0	3
11	f4	2	0	1
12	d6	2	0	1
13	Nf3	2	0	1
9	Be2	2	0	1
10	d6	2	0	1
7	Nf3	8	1	12
8	O-O	6	1	6
9	Bg5	1	0	2
9	e4	2	0	1
10	d6	2	0	1
9	g3	1	0	2
10	d6	1	0	2
11	Bg2	1	0	2
8	d6	2	0	5
9	e4	1	0	3
10	O-O	1	0	3
11	Be2	0	0	3
12	e5	0	0	3
13	d5	0	0	3
7	Bg5	5	0	3
8	O-O	4	0	3
9	Nf3	2	0	1
9	e3	2	0	1
7	Bf4	3	0	3
8	d6	1	0	2
7	e3	5	0	1
8	O-O	5	0	1
9	Nf3	4	0	1
10	d6	3	0	0
7	g3	2	0	1
6	d5	22	2	19
7	cxd5	8	1	13
8	Nxd5	8	1	13
9	e4	8	1	12
10	Nxc3	8	1	12
11	bxc3	8	1	12
12	Bg7	7	1	12
13	Nf3	4	1	1
14	c5	3	1	1
13	Bc4	1	0	3
14	c5	1	0	3
13	Bb5+	0	0	3
7	Nf3	3	0	2
8	Bg7	3	0	2
7	Bf4	2	1	1
8	Bg7	1	1	1
7	Bg5	4	0	0
8	Ne4	3	0	0
7	e3	2	0	2
8	Bg7	2	0	2
7	c5	2	0	1
6	d6	6	1	5
7	e4	6	1	1
8	Bg7	6	1	1
5	Nf3	11	5	16
6	Bg7	10	5	13
7	Nc3	4	3	9
8	O-O	2	2	4
9	Bf4	1	1	1
9	e4	1	1	1
10	d6	1	1	1
8	d5	1	1	3
8	d6	1	0	2
7	g3	5	1	3
8	O-O	4	0	0
9	Bg2	4	0	0
10	d6	3	0	0
5	g3	5	0	1
6	Bg7	5	0	1
7	Bg2	5	0	1
8	O-O	4	0	1
9	Nf3	3	0	0
5	Bf4	3	0	1
6	Bg7	3	0	1
5	e3	2	0	2
6	Bg7	2	0	2
7	Nc3	1	0	2
8	d5	1	0	2
5	Bg5	1	1	1
6	Bg7	1	1	1
4	e5	31	4	33
5	dxe5	22	2	26
6	Ng4	19	2	23
7	Nf3	16	1	12
8	Bc5	8	1	6
9	e3	8	1	6
10	Nc6	7	1	6
11	Be2	2	1	1
11	Nc3	1	0	3
12	O-O	1	0	2
11	a3	3	0	0
8	Nc6	5	0	6
9	Bf4	3	0	2
10	Bb4+	3	0	1
11	Nc3	2	0	1
7	Bf4	2	0	3
8	Nc6	1	0	2
7	e3	0	0	3
7	f4	1	0	2
8	Bc5	1	0	2
6	Ne4	3	0	3
7	Nf3	1	0	2
7	Qd4	2	0	1
5	d5	7	1	4
6	Bc5	3	0	2
7	Nc3	2	0	1
8	d6	2	0	1
6	Bb4+	2	0	1
7	Bd2	2	0	1
5	e3	1	0	2
4	d5	34	5	28
5	Nc3	20	2	11
6	dxc4	8	0	2
7	e4	5	0	2
8	Nc6	2	0	1
6	e6	2	1	5
7	Bg5	1	1	2
6	Bf5	2	0	2
6	g6	3	1	0
6	c6	2	0	1
5	cxd5	8	1	11
6	Nxd5	4	0	6
7	e4	4	0	5
8	Nb6	4	0	2
9	Nc3	4	0	0
8	Nf6	0	0	3
9	Nc3	0	0	3
6	Qxd5	4	1	4
7	Nc3	4	1	4
8	Qd8	2	1	3
9	e4	1	1	2
5	e3	1	1	3
5	Nf3	2	1	1
5	c5	2	0	2
4	c5	23	5	38
5	d5	19	4	21
6	b5	6	2	13
7	cxb5	3	0	6
8	a6	3	0	5
9	bxa6	3	0	3
10	Bxa6	2	0	1
11	Nc3	2	0	1
12	d6	2	0	1
7	b3	1	0	3
6	e6	7	0	6
7	Nc3	6	0	5
8	exd5	6	0	5
9	cxd5	5	0	5
10	d6	4	0	5
11	e4	4	0	4
12	g6	4	0	4
13	Nf3	1	0	3
14	Bg7	1	0	3
6	d6	2	1	2
7	Nc3	1	0	2
6	g6	4	0	0
7	Nc3	4	0	0
5	e3	2	1	6
6	cxd4	1	1	3
7	exd4	1	1	3
8	d5	1	1	1
5	Nf3	2	0	4
6	cxd4	1	0	2
7	Nxd4	1	0	2
5	dxc5	0	0	4
6	Qa5+	0	0	3
5	Nc3	0	0	3
4	d6	20	7	19
5	Nc3	14	4	14
6	g6	8	1	8
7	e4	4	1	4
8	Bg7	4	1	4
7	Nf3	2	0	2
8	Bg7	2	0	2
6	Nbd7	2	1	3
7	e4	2	0	1
6	c6	2	0	1
5	Nf3	1	2	4
6	g6	1	1	2
7	Nc3	1	1	2
8	Bg7	1	1	2
5	e3	3	0	1
6	g6	3	0	1
7	Nf3	2	0	1
8	Bg7	2	0	1
4	c6	12	1	8
5	Nc3	9	1	5
6	d5	7	0	3
7	e3	4	0	1
6	d6	0	1	2
5	Nf3	2	0	3
6	d5	2	0	3
4	a6	4	0	2
5	Nc3	3	0	2
4	Nc6	2	0	3
5	Nf3	1	0	2
4	b6	4	0	1
5	Nc3	2	0	1
6	Bb7	2	0	1
3	Bf4	200	16	199
4	g6	64	5	45
5	e3	31	1	29
6	Bg7	29	1	27
7	Nf3	11	1	14
8	O-O	7	1	9
9	Bd3	2	0	3
10	d6	2	0	3
9	Be2	2	1	1
10	d6	2	1	1
9	Nbd2	1	0	2
8	d6	2	0	2
7	c3	3	0	4
8	O-O	1	0	3
7	h3	5	0	1
8	O-O	3	0	1
7	Be2	1	0	3
8	O-O	1	0	3
9	h4	1	0	2
7	Nc3	3	0	1
8	O-O	2	0	1
7	Bd3	1	0	2
7	Nd2	2	0	1
6	d6	2	0	2
7	Bd3	1	0	2
5	Nc3	19	0	8
6	Bg7	16	0	8
7	e4	14	0	6
8	d6	12	0	5
9	Qd2	7	0	4
10	Nbd7	2	0	1
10	O-O	2	0	1
9	Nf3	3	0	1
10	O-O	3	0	1
7	Qd2	1	0	2
6	d6	3	0	0
7	e4	3	0	0
5	Nf3	5	3	4
6	Bg7	5	3	4
7	e3	3	2	3
8	O-O	2	2	2
9	Bd3	1	1	1
10	d6	1	1	1
5	h3	4	1	0
6	Bg7	4	1	0
7	Nf3	2	1	0
5	Qd2	2	0	1
6	Bg7	2	0	1
4	d5	53	3	50
5	e3	38	2	28
6	Bf5	5	0	11
7	c4	0	0	6
8	e6	0	0	5
9	Nc3	0	0	3
7	Bd3	3	0	1
6	c5	9	0	5
7	c3	8	0	4
8	Nc6	6	0	2
9	Nf3	3	0	1
9	Bd3	2	0	1
8	Qb6	2	0	1
6	e6	10	0	3
7	Nf3	6	0	2
8	Bd6	2	0	2
9	Bg3	1	0	2
8	c5	3	0	0
9	c3	3	0	0
7	c3	2	0	1
6	c6	4	2	1
7	Nf3	1	1	1
6	Nc6	2	0	4
7	Nf3	0	0	3
6	g6	2	0	2
6	a6	2	0	1
5	Nf3	13	1	17
6	c5	4	0	4
7	c3	1	0	3
8	Nc6	1	0	2
7	e3	3	0	1
6	e6	3	0	5
7	e3	3	0	5
8	c5	2	0	2
9	c3	2	0	1
6	Bf5	4	0	2
7	e3	3	0	1
8	e6	3	0	1
6	c6	0	1	2
5	Nc3	1	0	4
4	e6	30	2	47
5	e3	18	2	37
6	d5	7	2	14
7	Nf3	3	0	8
8	c5	2	0	3
9	c3	1	0	2
7	Nd2	3	1	1
7	c3	0	1	3
6	b6	5	0	8
7	Nf3	5	0	6
8	Bb7	3	0	5
6	c5	3	0	9
7	c3	2	0	4
8	cxd4	1	0	2
7	Nf3	1	0	3
5	Nf3	7	0	5
6	d5	4	0	3
7	e3	2	0	3
6	c5	2	0	1
5	Nc3	3	0	2
6	d5	2	0	1
4	d6	33	4	31
5	e3	19	1	15
6	g6	7	0	11
7	Nf3	4	0	5
8	Bg7	3	0	5
9	Bd3	1	0	2
9	Nbd2	1	0	2
7	Bd3	2	0	1
8	Bg7	2	0	1
6	Nbd7	6	0	2
7	Nf3	3	0	2
8	g6	2	0	1
6	Nc6	1	1	1
5	Nc3	8	3	4
6	Nbd7	5	0	1
7	e4	3	0	1
8	e5	2	0	1
9	dxe5	2	0	1
6	g6	2	2	2
7	e4	2	1	2
8	Bg7	2	1	2
9	Qd2	1	1	2
5	Nf3	4	0	11
6	g6	3	0	3
7	e3	2	0	2
8	Bg7	2	0	2
6	Nbd7	0	0	3
4	c5	10	1	16
5	e3	6	0	6
6	cxd4	3	0	3
7	exd4	2	0	3
6	Qb6	1	0	2
7	b3	1	0	2
5	c3	1	1	4
6	cxd4	1	1	3
7	cxd4	1	0	3
5	Nf3	2	0	1
6	cxd4	2	0	1
7	Nxd4	2	0	1
4	c6	2	1	7
5	e3	0	1	6
6	d5	0	1	3
4	Nc6	3	0	2
5	e3	2	0	2
6	d6	1	0	2
3	Nf3	163	18	156
4	g6	57	9	51
5	Bf4	11	1	15
6	Bg7	9	0	12
7	e3	5	0	9
8	O-O	2	0	6
9	Bd3	2	0	2
10	d6	2	0	2
8	d6	3	0	2
7	Nc3	2	0	1
8	O-O	2	0	1
6	d6	1	0	2
5	c4	14	4	4
6	Bg7	12	4	3
7	Nc3	11	1	2
8	O-O	6	0	1
9	e4	4	0	1
10	d6	4	0	1
8	d6	3	0	1
9	e4	2	0	1
10	O-O	2	0	1
8	d5	2	1	0
7	g3	0	3	1
5	e3	9	0	13
6	Bg7	9	0	13
7	Bd3	6	0	4
8	O-O	5	0	4
9	O-O	1	0	2
7	Be2	1	0	2
7	b3	0	0	3
7	c4	1	0	2
8	O-O	1	0	2
5	Nc3	11	1	4
6	Bg7	10	1	1
7	e4	8	0	1
8	d6	6	0	0
5	Bg5	5	1	7
6	Bg7	5	1	7
7	e3	1	1	3
8	d6	1	1	2
9	Bd3	1	1	1
7	Nc3	3	0	0
8	O-O	3	0	0
5	g3	6	0	5
6	Bg7	5	0	5
7	Bg2	5	0	5
8	O-O	5	0	4
9	O-O	5	0	2
10	d6	3	0	1
5	b3	1	1	1
6	Bg7	1	1	1
7	Bb2	1	1	1
8	O-O	1	1	1
4	d5	41	6	45
5	e3	11	2	16
6	e6	4	0	4
7	Bd3	3	0	4
8	c5	1	0	2
6	Bf5	4	0	1
7	Bd3	3	0	0
6	Bg4	1	0	3
6	c5	1	1	2
6	a6	1	0	2
6	g6	0	1	2
5	Bf4	13	1	9
6	Bf5	3	0	3
7	e3	2	0	2
6	Bg4	2	1	2
7	e3	2	1	2
6	e6	4	0	1
7	e3	3	0	1
8	c5	3	0	0
9	c3	3	0	0
6	Nc6	2	0	1
5	c4	6	1	7
6	c6	2	1	3
7	Nc3	0	1	2
6	e6	3	0	2
5	Bg5	6	0	6
6	Ne4	1	0	3
5	g3	2	1	3
6	Bg4	1	0	2
7	Bg2	1	0	2
5	h3	1	0	3
4	e6	29	2	28
5	c4	5	0	10
6	d5	1	0	5
7	Nc3	1	0	2
6	Bb4+	2	0	1
6	c5	1	0	2
5	e3	8	0	7
6	d5	4	0	1
7	Bd3	2	0	1
6	c5	0	0	4
7	b3	0	0	3
6	b6	2	0	1
5	Bf4	6	2	5
6	d5	2	1	2
7	e3	2	1	1
6	b6	1	0	2
7	e3	1	0	2
8	Bb7	1	0	2
5	Bg5	4	0	2
6	d5	1	0	2
5	g3	3	0	1
4	d6	13	0	13
5	Bg5	3	0	3
5	c4	3	0	3
6	g6	3	0	1
7	Nc3	3	0	1
8	Bg7	2	0	1
9	e4	2	0	1
5	e3	2	0	3
5	Bf4	2	0	2
6	g6	2	0	1
7	e3	2	0	1
8	Bg7	2	0	1
5	g3	3	0	0
6	g6	3	0	0
7	Bg2	3	0	0
8	Bg7	3	0	0
4	c5	11	1	9
5	d5	4	0	3
6	e6	2	0	1
5	e3	2	1	2
6	d5	1	0	2
4	b6	8	0	4
5	e3	4	0	0
6	Bb7	3	0	0
4	c6	0	0	5
4	Nc6	3	0	0
3	Nc3	112	9	107
4	d5	41	4	35
5	Bf4	22	4	17
6	e6	3	2	4
7	e3	2	1	1
7	Nb5	0	1	2
6	Bf5	4	0	4
7	e3	4	0	2
8	e6	3	0	2
9	Bd3	2	0	1
6	a6	4	0	3
7	e3	4	0	2
8	Bf5	3	0	0
6	Nc6	3	0	2
7	Nb5	2	0	1
8	e5	2	0	1
6	c5	4	1	0
7	e3	4	1	0
6	c6	1	1	3
7	Nf3	1	1	1
5	e4	6	0	7
6	dxe4	3	0	4
7	f3	1	0	4
8	exf3	1	0	2
6	Nxe4	1	0	3
7	Nxe4	1	0	2
8	dxe4	1	0	2
5	Bg5	9	0	3
6	e6	3	0	1
7	e3	2	0	1
5	Nf3	2	0	4
6	e6	1	0	2
5	f3	2	0	2
4	g6	38	2	32
5	e4	28	1	22
6	d6	17	1	15
7	f4	6	0	5
8	Bg7	5	0	5
9	e5	2	0	3
10	dxe5	1	0	2
11	fxe5	1	0	2
9	Nf3	1	0	2
10	O-O	1	0	2
7	Bg5	4	1	4
8	Bg7	4	1	4
9	e5	2	0	2
10	dxe5	1	0	2
11	dxe5	1	0	2
7	h3	2	0	2
8	Bg7	2	0	2
7	Bf4	1	0	2
7	Nf3	3	0	0
8	Bg7	3	0	0
6	Bg7	9	0	6
7	f3	3	0	1
7	Bf4	1	0	2
8	d6	1	0	2
7	e5	2	0	1
6	d5	2	0	1
5	Bf4	5	1	5
6	Bg7	4	1	3
7	e4	3	1	1
8	d6	2	0	1
9	e5	2	0	1
7	e3	1	0	2
5	Bg5	4	0	1
6	Bg7	4	0	1
4	e6	16	2	25
5	Bf4	5	1	11
6	Bb4	2	0	5
7	a3	1	0	2
8	Bxc3+	1	0	2
9	bxc3	1	0	2
5	e4	7	1	9
6	Bb4	1	1	5
6	d5	2	0	2
7	e5	2	0	2
8	Nfd7	2	0	2
6	c5	1	0	2
5	Bg5	1	0	2
4	d6	9	0	7
5	e4	5	0	6
6	Nbd7	0	0	4
6	g6	3	0	1
5	Bf4	4	0	0
6	g6	3	0	0
7	e4	3	0	0
8	Bg7	3	0	0
4	c6	6	0	3
5	e4	3	0	3
6	d6	2	0	3
5	Bf4	3	0	0
4	c5	1	1	2
3	e3	53	8	53
4	d5	19	2	16
5	Bd3	2	0	9
6	c5	0	0	6
7	c3	0	0	6
8	Nc6	0	0	3
5	Nf3	5	0	1
5	f4	2	1	1
6	Bf5	2	0	1
5	h3	2	1	1
5	Nc3	2	0	1
4	e6	16	1	12
5	Bd3	7	1	5
6	d5	3	1	2
7	Nd2	3	1	0
6	c5	2	0	1
7	c3	2	0	1
5	Nf3	5	0	4
6	d5	3	0	2
4	g6	13	3	12
5	Bd3	4	2	3
6	Bg7	4	2	2
7	f4	1	1	1
5	Nf3	1	1	5
6	Bg7	1	1	5
5	c4	3	0	1
6	Bg7	2	0	1
5	h3	2	0	1
6	Bg7	2	0	1
4	d6	1	0	7
5	Bd3	1	0	2
5	f4	0	0	3
4	c5	3	1	3
5	c3	1	1	3
3	Bg5	38	3	31
4	Ne4	14	0	10
5	Bf4	5	0	3
6	d5	2	0	2
5	Bh4	3	0	3
5	h4	3	0	2
5	Nf3	1	0	2
4	e6	5	0	8
5	e4	0	0	5
6	Be7	0	0	3
5	e3	3	0	0
4	d5	8	0	4
5	Bxf6	4	0	1
6	exf6	3	0	1
7	e3	3	0	1
4	g6	6	1	4
5	Bxf6	3	0	2
6	exf6	3	0	2
5	Nf3	2	0	1
6	Bg7	2	0	1
4	d6	2	1	2
4	h6	2	1	0
3	c3	7	2	7
4	d5	5	0	3
5	Bf4	3	0	2
4	g6	0	1	3
3	f3	10	0	6
4	e6	4	0	2
5	e4	4	0	2
6	c5	2	0	1
4	g6	4	0	1
5	e4	4	0	1
6	d6	2	0	1
3	d5	8	2	5
4	d6	5	0	1
4	g6	2	1	1
3	f4	6	0	8
4	g6	2	0	4
5	Nf3	1	0	3
6	Bg7	1	0	3
7	e3	1	0	3
4	d5	2	0	3
5	Nf3	1	0	3
3	h3	8	1	5
4	g6	3	1	2
5	Bf4	1	1	1
6	Bg7	1	1	1
4	d5	2	0	1
4	e6	2	0	1
3	g3	6	0	4
4	g6	3	0	3
5	Bg2	3	0	2
6	Bg7	3	0	2
7	Nf3	1	0	2
3	Nd2	1	0	7
4	d5	1	0	2
3	e4	4	0	4
4	Nxe4	2	0	3
3	a3	2	1	3
4	d5	1	1	1
2	e6	446	42	384
3	c4	134	15	115
4	d5	54	6	43
5	Nc3	28	3	21
6	Nf6	12	1	10
7	Bg5	6	0	7
8	Be7	2	0	5
9	Nf3	0	0	3
7	Nf3	4	1	0
7	cxd5	2	0	1
6	dxc4	4	1	4
7	e4	4	0	3
6	c5	5	1	1
7	cxd5	2	1	0
8	exd5	2	1	0
6	c6	4	0	2
6	Bb4	2	0	2
6	a6	1	0	2
5	cxd5	10	1	6
6	exd5	7	1	6
7	Nc3	7	1	4
8	Nf6	4	1	1
9	Bg5	1	1	1
10	c6	1	1	1
11	e3	1	1	1
6	Qxd5	3	0	0
7	Nc3	3	0	0
5	Nf3	10	0	6
6	Nf6	0	0	4
6	c5	4	0	0
6	dxc4	2	0	1
5	e3	2	2	4
6	Nf6	1	2	2
5	c5	0	0	5
6	c6	0	0	3
5	a3	3	0	0
4	c5	19	2	11
5	d5	7	1	3
6	exd5	2	0	2
7	cxd5	2	0	2
8	d6	2	0	2
6	Nf6	3	0	0
7	Nc3	3	0	0
5	Nf3	3	0	5
6	cxd4	1	0	2
7	Nxd4	1	0	2
5	Nc3	4	0	1
6	cxd4	2	0	1
7	Qxd4	2	0	1
5	e3	2	1	2
6	cxd4	2	1	1
7	exd4	2	1	1
5	dxc5	3	0	0
6	Bxc5	3	0	0
4	Nf6	14	1	10
5	Nc3	11	0	6
6	Bb4	4	0	4
4	d6	7	1	12
5	Nc3	4	1	9
6	a6	2	0	4
7	e4	0	0	3
8	b6	0	0	3
9	Bd3	0	0	3
10	Bb7	0	0	3
11	Nge2	0	0	3
5	e4	3	0	1
4	c6	9	2	7
5	Nc3	4	2	3
5	a3	1	0	2
5	e4	2	0	1
6	d5	2	0	1
4	b6	4	1	11
5	Nf3	2	1	2
6	Bb7	1	1	2
7	Nc3	1	0	2
5	Nc3	1	0	3
6	Bb7	1	0	3
5	e4	0	0	4
6	Bb7	0	0	3
7	Nc3	0	0	3
8	Bb4	0	0	3
4	f5	7	1	7
5	Nc3	4	1	3
6	Nf6	3	1	1
7	Nf3	2	0	1
5	Nf3	3	0	0
6	Nf6	3	0	0
4	Bb4+	6	1	1
5	Bd2	4	1	1
4	a6	2	0	5
5	Nc3	1	0	2
4	Be7	2	0	4
5	Nc3	1	0	2
4	Nc6	2	0	2
4	g6	3	0	0
4	h6	2	0	1
3	Bf4	96	9	81
4	d5	53	5	33
5	e3	37	3	18
6	c5	12	2	9
7	c3	6	2	2
8	Nc6	6	2	2
9	Nf3	3	1	2
10	Bd6	3	0	0
9	Bd3	3	1	0
7	Nf3	4	0	1
7	dxc5	0	0	4
8	Bxc5	0	0	4
7	Bd3	2	0	1
6	Bd6	10	0	3
7	Bg3	6	0	2
8	Bxg3	2	0	2
9	hxg3	2	0	2
8	Nf6	3	0	0
7	Bxd6	2	0	1
6	Nf6	7	0	4
7	Nf3	6	0	0
6	Nc6	3	0	2
7	Nf3	3	0	1
5	Nf3	10	2	7
6	c5	4	1	3
7	e3	1	1	2
8	Nc6	1	1	2
7	c3	2	0	1
6	Nf6	2	0	3
7	e3	2	0	2
6	Nc6	4	0	0
7	e3	4	0	0
8	Nf6	4	0	0
5	Nc3	3	0	4
5	a3	3	0	1
6	c5	2	0	1
4	c5	9	0	18
5	c3	4	0	6
6	Nc6	2	0	1
6	Nf6	1	0	2
7	e3	1	0	2
5	e3	3	0	6
6	cxd4	2	0	2
7	exd4	1	0	2
5	Nf3	1	0	4
6	cxd4	0	0	3
7	Nxd4	0	0	3
4	Nf6	7	0	6
5	e3	3	0	4
5	Nf3	2	0	1
4	d6	6	1	5
5	e3	2	1	3
5	Nf3	3	0	0
4	b6	5	1	2
5	e3	3	1	2
6	Bb7	1	1	2
7	Nf3	1	1	1
4	c6	3	0	4
5	e3	3	0	2
6	d5	2	0	1
7	Nf3	2	0	1
4	f5	3	0	3
5	e3	2	0	2
6	Nf6	2	0	2
7	Nf3	1	0	2
4	h6	2	1	2
5	e3	2	1	1
6	a6	2	1	1
3	e4	79	8	72
4	d5	36	3	29
5	e5	20	2	14
6	c5	14	2	10
7	c3	7	2	6
8	Nc6	1	0	4
8	cxd4	3	1	1
9	cxd4	3	1	1
10	Nc6	1	1	1
8	Qb6	3	0	0
7	Nf3	5	0	2
8	Nc6	3	0	2
6	Nc6	5	0	1
7	Nf3	3	0	1
6	Bd7	1	0	3
5	exd5	10	0	8
6	exd5	8	0	5
7	Nf3	3	0	2
7	Bd3	3	0	0
6	Qxd5	2	0	3
5	Bd3	2	1	1
5	Nc3	1	0	3
4	c5	8	1	19
5	d5	4	0	11
6	exd5	1	0	5
7	exd5	1	0	4
6	e5	0	0	3
5	c3	2	0	5
5	Nf3	1	0	2
6	cxd4	1	0	2
7	Nxd4	1	0	2
4	c6	6	2	8
5	Nf3	3	0	2
5	Nc3	1	1	2
4	b6	8	0	2
5	Nc3	3	0	1
6	Bb7	2	0	1
4	d6	8	0	0
5	Nc3	3	0	0
4	Nf6	2	1	4
5	Nc3	2	1	0
4	Qe7	2	0	2
4	Nc6	1	0	2
4	Qh4	1	0	2
4	a6	1	1	1
3	Nf3	55	5	56
4	d5	22	2	27
5	Bf4	6	2	10
6	Nf6	3	1	4
7	e3	2	0	4
8	Be7	2	0	1
6	c5	2	0	4
7	e3	1	0	3
6	Nc6	1	1	1
7	e3	1	1	1
5	e3	7	0	10
6	c5	4	0	3
6	Nf6	2	0	4
7	Bd3	2	0	3
5	Bg5	2	0	3
6	Be7	2	0	2
7	Bxe7	2	0	2
5	c4	3	0	1
5	g3	1	0	2
4	Nf6	6	2	6
5	e3	5	1	1
4	c5	7	0	6
5	e3	3	0	2
6	cxd4	2	0	1
7	exd4	2	0	1
5	c3	1	0	2
4	b6	6	0	2
4	d6	4	0	2
4	Nc6	1	0	3
5	Bf4	1	0	2
4	Ne7	2	0	2
4	f5	3	0	1
4	h6	2	0	2
3	Nc3	24	1	27
4	d5	11	1	15
5	Bf4	8	0	8
6	c5	2	0	3
7	e3	1	0	2
6	Nf6	2	0	1
7	e3	2	0	1
6	a6	2	0	1
5	e4	2	1	5
6	Nf6	2	0	1
6	dxe4	0	1	2
7	Nxe4	0	1	2
4	b6	3	0	2
5	e4	3	0	1
6	Bb7	3	0	1
4	c5	3	0	2
5	d5	2	0	1
4	d6	2	0	2
5	Bf4	2	0	1
4	Bb4	0	0	3
3	e3	30	0	16
4	d5	15	0	9
5	Bd3	6	0	3
6	Nf6	5	0	1
5	c4	3	0	3
6	Nf6	2	0	1
5	Nf3	3	0	1
4	Nf6	4	0	3
5	Nf3	2	0	1
4	f5	2	0	4
4	d6	3	0	0
3	a3	8	1	4
4	d5	5	1	0
5	Nc3	2	1	0
3	c3	7	1	3
4	d5	4	1	1
3	g3	4	0	2
4	d5	3	0	1
5	Bg2	2	0	1
6	c5	2	0	1
3	f4	1	2	2
4	d5	1	1	1
3	Nd2	1	0	2
3	h4	2	0	1
2	e5	293	26	242
3	dxe5	205	19	157
4	Nc6	91	9	72
5	Nf3	65	8	43
6	Qe7	47	5	27
7	Bf4	16	2	10
8	Qb4+	16	2	10
9	Bd2	15	2	9
10	Qxb2	14	2	9
11	Nc3	13	2	8
12	Bb4	6	1	4
13	Rb1	6	1	4
14	Qa3	6	1	4
15	Rb3	3	1	4
16	Qa5	3	1	4
17	e3	2	1	1
17	e4	1	0	2
12	Nb4	5	1	1
13	Nd4	5	1	1
14	Bc5	3	1	0
15	Rb1	3	1	0
16	Qa3	3	1	0
14	c5	2	0	1
15	Rb1	2	0	1
16	Qa3	2	0	1
17	Ndb5	2	0	1
18	Qa5	2	0	1
7	Bg5	10	1	3
8	Qb4+	7	1	3
9	Nbd2	2	0	2
10	Qxb2	2	0	2
11	e3	1	0	2
9	Nc3	2	1	1
10	Qxb2	2	1	1
11	Nd5	1	1	1
9	Bd2	3	0	0
10	Qxb2	3	0	0
11	Nc3	3	0	0
12	Bb4	3	0	0
13	Rb1	3	0	0
14	Qa3	3	0	0
8	f6	3	0	0
9	exf6	3	0	0
7	Nc3	7	2	3
8	Nxe5	5	2	2
9	Nxe5	3	1	1
10	Qxe5	3	1	1
11	e4	2	0	1
12	Bb4	2	0	1
9	e4	2	1	1
8	f6	2	0	1
9	exf6	2	0	1
10	Nxf6	2	0	1
7	Qd5	5	0	3
8	Nb4	4	0	1
7	e3	2	0	5
8	Nxe5	2	0	5
9	Nxe5	0	0	3
10	Qxe5	0	0	3
7	e4	3	0	1
8	Nxe5	2	0	1
7	c3	2	0	1
6	d6	7	1	8
7	exd6	4	1	7
8	Bxd6	4	1	7
9	Nc3	2	0	2
6	Bc5	4	2	3
7	e3	1	0	2
6	Bb4+	2	0	1
7	c3	2	0	1
6	f6	1	0	2
5	Bf4	8	0	10
6	Qe7	4	0	6
7	Nf3	2	0	4
8	Qb4+	2	0	4
9	Bd2	1	0	2
10	Qxb2	1	0	2
9	Nc3	1	0	2
10	Qxf4	1	0	2
7	e3	2	0	1
6	d6	2	0	2
5	f4	7	0	9
6	Bc5	2	0	4
6	Qe7	2	0	2
5	e6	3	0	4
6	dxe6	2	0	1
7	Qxd8+	2	0	1
8	Nxd8	2	0	1
6	fxe6	1	0	2
5	Nc3	4	0	2
6	Nxe5	2	0	2
5	e4	2	1	1
6	Nxe5	2	1	0
5	e3	1	0	2
6	Nxe5	1	0	2
4	d6	60	5	59
5	exd6	41	4	40
6	Bxd6	39	4	40
7	Nf3	18	1	19
8	Nc6	4	0	9
9	Nc3	1	0	3
9	e4	2	0	1
8	Bg4	4	0	7
9	e3	2	0	3
10	Nc6	2	0	2
11	Be2	2	0	2
8	Nf6	6	1	1
9	Bg5	2	0	1
8	Be6	3	0	0
7	Nc3	8	1	9
8	Nc6	5	0	5
9	Nf3	2	0	3
10	Bg4	1	0	3
9	e4	1	0	2
8	Nf6	2	1	1
7	e4	4	0	4
8	Nc6	4	0	2
9	Nf3	2	0	2
10	Bg4	2	0	2
7	e3	3	0	4
8	Nc6	1	0	3
7	Be3	1	1	1
7	g3	3	0	0
5	Nf3	14	0	11
6	Nc6	7	0	6
7	Bf4	3	0	1
8	Bg4	3	0	1
7	Nc3	1	0	3
6	Bg4	4	0	4
5	Bf4	2	1	2
6	Nc6	2	1	1
7	Nf3	1	1	1
5	e4	2	0	2
6	Nc6	2	0	2
4	Bc5	27	2	11
5	Nf3	12	2	4
6	d6	9	0	0
7	exd6	4	0	0
8	Ne7	3	0	0
6	Nc6	0	1	2
6	f6	2	1	0
5	Nc3	4	0	1
6	d6	3	0	1
7	exd6	2	0	1
5	e4	3	0	1
6	d6	2	0	1
5	Bf4	0	0	3
5	e3	3	0	0
4	f6	16	1	7
5	exf6	13	0	4
6	Nxf6	10	0	3
7	Nf3	5	0	1
8	Bc5	4	0	1
9	e3	3	0	1
10	d5	2	0	1
7	Nc3	2	0	1
6	Qxf6	2	0	1
5	Nf3	0	1	3
4	Qe7	5	1	3
5	Nf3	3	1	3
6	Nc6	3	1	3
7	Bg5	0	0	3
8	Qb4+	0	0	3
9	Nbd2	0	0	3
10	Qxb2	0	0	3
4	d5	1	1	2
5	exd6	1	0	2
6	Bxd6	1	0	2
4	Bb4+	1	0	2
3	d5	30	4	28
4	Bc5	12	2	8
5	e4	5	2	5
6	d6	3	1	4
7	Nf3	2	0	3
6	Nf6	1	1	1
7	Nc3	1	1	1
5	c4	4	0	2
6	d6	2	0	2
5	Nc3	2	0	1
4	Nf6	4	1	10
5	c4	3	1	8
6	c6	1	0	2
7	Nc3	1	0	2
4	d6	3	0	5
5	e4	2	0	2
5	c4	1	0	2
4	c6	2	1	3
5	c4	1	1	2
6	Nf6	1	0	2
7	Nc3	1	0	2
4	e4	3	0	1
5	c4	2	0	1
4	f5	2	0	1
3	e3	17	2	15
4	exd4	8	1	7
5	exd4	8	1	4
6	d5	6	0	2
7	Nf3	3	0	1
8	Nf6	3	0	0
4	e4	3	1	4
5	c4	0	1	2
4	Nc6	2	0	3
5	d5	0	0	3
6	Nce7	0	0	3
7	c4	0	0	3
8	Nf6	0	0	3
9	Nc3	0	0	3
10	Ng6	0	0	3
4	d5	4	0	1
3	c3	5	0	16
4	exd4	5	0	7
5	cxd4	5	0	7
6	Nf6	3	0	3
6	d5	2	0	2
4	e4	0	0	3
3	Nf3	12	0	3
4	e4	7	0	2
5	Ne5	4	0	1
5	Ng1	2	0	1
4	exd4	4	0	0
5	Nxd4	4	0	0
3	c4	8	0	7
4	exd4	8	0	4
5	Qxd4	4	0	3
6	Nc6	3	0	3
7	Qd1	2	0	1
5	Nf3	4	0	1
3	e4	7	0	6
4	exd4	6	0	5
5	Nf3	2	0	2
5	c3	2	0	2
6	dxc3	1	0	2
7	Nxc3	1	0	2
5	Qxd4	2	0	1
3	Nc3	5	1	6
4	exd4	4	1	4
5	Qxd4	4	1	4
6	Nc6	4	1	3
7	Qd1	3	1	0
7	Qe4+	1	0	2
3	Bf4	2	0	1
2	g6	198	20	199
3	Bf4	46	1	58
4	Bg7	40	0	56
5	e3	22	0	25
6	d6	8	0	16
7	Nf3	4	0	11
8	Nf6	2	0	5
9	c3	0	0	3
7	c3	1	0	3
7	Bd3	1	0	2
6	Nf6	6	0	3
7	Nf3	3	0	1
7	Bd3	2	0	1
6	b6	3	0	1
7	Nf3	3	0	0
8	Bb7	3	0	0
6	c5	1	0	3
6	e6	2	0	1
5	Nf3	7	0	10
6	d6	3	0	5
7	e3	2	0	1
7	e4	1	0	2
6	Nf6	1	0	4
7	e3	1	0	4
5	Nc3	5	0	10
6	d6	2	0	3
6	Nf6	1	0	2
6	d5	1	0	2
5	c3	1	0	5
5	e4	1	0	3
5	h3	3	0	0
4	d6	3	0	1
5	e3	3	0	0
3	c4	50	7	36
4	Bg7	43	6	32
5	Nc3	22	3	20
6	Nf6	8	1	6
7	e4	5	1	3
8	d6	3	1	1
8	O-O	2	0	2
7	Nf3	2	0	1
6	d6	5	0	4
7	e4	3	0	3
8	Nc6	2	0	1
6	e6	3	1	3
7	e4	3	0	2
8	Ne7	2	0	1
6	b6	1	1	3
7	e4	1	1	2
8	Bb7	1	1	2
6	c5	2	0	2
6	Nc6	2	0	1
5	Nf3	7	3	7
6	Nf6	4	2	2
7	Nc3	1	1	2
7	g3	2	1	0
6	d6	1	0	2
6	e6	1	0	2
5	e4	5	0	2
6	c5	3	0	0
6	d6	1	0	2
5	Bf4	3	0	2
5	e3	3	0	1
4	Nf6	4	0	2
5	Nc3	3	0	0
6	Bg7	3	0	0
3	e4	40	6	37
4	Bg7	34	6	34
5	Nf3	14	2	8
6	d6	4	0	3
7	Nc3	1	0	2
6	c6	3	0	1
6	e6	1	1	2
6	b6	3	0	0
5	e5	5	1	11
6	d6	3	1	7
7	f4	0	1	4
8	dxe5	0	0	4
9	fxe5	0	0	3
7	Nf3	1	0	2
8	dxe5	1	0	2
7	exd6	2	0	1
5	Nc3	6	0	6
6	d6	4	0	1
6	Nf6	1	0	2
5	c4	3	1	2
6	d6	2	1	1
7	Nc3	2	1	0
5	f4	4	1	1
6	d6	2	1	0
7	Nf3	2	1	0
4	d6	3	0	2
3	Nf3	27	2	31
4	Bg7	24	2	29
5	e3	12	0	8
6	d6	5	0	1
7	Bd3	3	0	1
6	Nf6	4	0	1
6	b6	2	0	1
5	c4	5	0	6
6	d6	2	0	4
7	Nc3	1	0	3
5	Bf4	1	0	7
6	d6	0	0	3
7	e3	0	0	3
5	c3	1	2	2
5	Bg5	1	0	2
5	e4	2	0	1
4	Nf6	3	0	0
3	Nc3	13	1	14
4	Bg7	13	1	13
5	e4	6	1	6
6	d6	1	0	4
6	Nf6	1	1	1
6	e6	2	0	1
5	Bf4	5	0	4
6	d6	1	0	2
5	Nf3	1	0	2
3	e3	7	0	12
4	Bg7	7	0	10
5	Bd3	4	0	5
6	Nf6	2	0	1
6	b6	0	0	3
5	Nf3	1	0	2
3	g3	4	0	1
4	Bg7	2	0	1
5	Bg2	2	0	1
3	Bg5	3	0	1
4	Bg7	2	0	1
3	c3	3	1	0
4	Bg7	3	1	0
3	f4	1	2	1
4	Bg7	1	2	1
5	e3	0	2	1
3	Bd2	0	0	3
3	h3	1	0	2
4	Bg7	1	0	2
2	c6	188	17	160
3	c4	68	4	38
4	d5	53	3	28
5	Nc3	27	2	17
6	Nf6	12	0	6
7	Nf3	7	0	5
8	Bf5	2	0	2
8	dxc4	2	0	1
6	Bf5	7	0	6
7	Nf3	3	0	3
8	e6	3	0	3
9	Bf4	1	0	2
7	Bf4	2	0	2
8	e6	2	0	1
9	e3	2	0	1
6	dxc4	5	1	2
7	e4	3	1	1
8	b5	2	0	1
9	a4	2	0	1
6	e6	1	0	2
6	h6	2	1	0
5	Nf3	10	1	2
6	Bf5	4	0	0
7	Nc3	4	0	0
8	e6	3	0	0
6	Bg4	1	0	2
6	Nf6	3	0	0
5	cxd5	7	0	5
6	cxd5	7	0	5
7	Nc3	4	0	4
8	Nf6	0	0	3
5	e3	4	0	3
6	Nf6	2	0	1
4	d6	4	1	3
5	Nc3	2	1	2
4	e6	3	0	2
5	Nc3	2	0	1
4	Nf6	2	0	1
5	Nc3	2	0	1
4	b6	3	0	0
4	g6	2	0	1
3	Bf4	34	5	55
4	d5	29	4	45
5	e3	21	2	31
6	Bf5	9	1	18
7	Nf3	3	1	9
8	e6	1	0	5
8	Nf6	1	0	2
7	c4	2	0	4
8	e6	2	0	4
7	Bd3	3	0	2
8	Bxd3	3	0	1
9	Qxd3	3	0	1
10	e6	2	0	1
6	Nf6	4	0	6
7	Nd2	3	0	0
7	Nf3	0	0	3
6	e6	3	1	2
5	Nf3	6	2	11
6	Bf5	2	2	7
7	e3	0	1	6
8	e6	0	1	2
7	Nbd2	1	1	1
8	e6	1	1	1
6	Nf6	2	0	2
7	e3	2	0	1
6	Bg4	1	0	2
4	d6	3	1	7
5	Nf3	1	1	4
3	e4	45	4	26
4	d5	34	3	22
5	e5	16	3	15
6	Bf5	12	0	10
7	Nf3	3	0	3
8	e6	2	0	3
7	Nc3	3	0	2
8	e6	3	0	2
9	Nf3	2	0	1
7	Bd3	1	0	2
6	c5	2	2	3
7	c3	1	0	2
6	e6	1	1	1
5	Nc3	7	0	4
6	dxe4	3	0	0
7	Nxe4	3	0	0
5	exd5	6	0	2
6	cxd5	5	0	2
7	Nf3	1	0	2
4	d6	3	1	1
4	e6	3	0	1
4	Nf6	2	0	1
3	Nf3	17	3	11
4	d5	14	3	7
5	Bf4	5	0	3
6	Bf5	3	0	1
7	e3	2	0	1
5	e3	3	0	2
4	d6	2	0	3
3	e3	11	0	15
4	d5	10	0	12
5	Bd3	0	0	4
6	Nf6	0	0	3
5	Nf3	3	0	1
3	Nc3	9	1	10
4	d5	6	1	7
5	Bf4	4	0	5
6	Bf5	2	0	4
7	f3	1	0	2
6	Nf6	2	0	1
5	e4	2	0	1
4	Nf6	0	0	3
3	c3	1	0	2
2	d6	190	12	161
3	c4	65	3	49
4	Nf6	30	0	18
5	Nc3	22	0	14
6	g6	9	0	8
7	e4	6	0	4
8	Bg7	6	0	4
9	Be2	2	0	1
7	Nf3	1	0	2
8	Bg7	1	0	2
6	Nbd7	4	0	2
7	e4	2	0	2
8	e5	2	0	2
6	e5	3	0	2
7	dxe5	2	0	1
8	dxe5	2	0	1
9	Qxd8+	2	0	1
10	Kxd8	2	0	1
6	c6	3	0	1
5	Nf3	4	0	4
6	Nc6	3	0	0
4	e5	7	1	7
5	dxe5	4	1	1
6	dxe5	3	1	0
7	Qxd8+	3	1	0
8	Kxd8	3	1	0
5	d5	3	0	1
4	g6	6	0	9
5	Nc3	3	0	5
6	Bg7	3	0	3
7	e4	2	0	3
8	Nf6	1	0	2
5	Nf3	1	0	3
6	Bg7	1	0	3
7	Nc3	1	0	2
4	c6	6	1	4
5	Nc3	3	0	2
5	Nf3	0	1	2
4	Nd7	4	0	4
5	Nc3	3	0	3
6	c6	2	0	2
4	e6	3	0	2
5	Nc3	3	0	2
4	f6	2	1	1
3	e4	46	3	30
4	Nf6	15	1	15
5	Nc3	11	1	8
6	g6	8	0	3
6	c6	2	0	2
6	Nbd7	0	0	3
5	Bd3	1	0	3
6	e5	1	0	2
5	f3	0	0	3
4	e6	6	0	4
5	Nc3	2	0	1
5	Nf3	2	0	1
4	g6	6	0	4
5	Nf3	3	0	0
4	e5	7	1	0
5	dxe5	4	1	0
6	dxe5	3	1	0
7	Qxd8+	3	1	0
8	Kxd8	3	1	0
9	Nf3	2	1	0
4	c6	5	0	2
4	Nd7	3	0	2
3	Bf4	30	2	34
4	Nf6	11	1	14
5	e3	9	1	9
6	g6	3	1	4
7	Bd3	1	0	3
8	Bg7	1	0	3
6	c6	4	0	1
6	Nbd7	2	0	1
5	Nf3	2	0	3
4	g6	4	0	5
5	e3	2	0	3
6	Bg7	2	0	2
7	Nf3	2	0	1
4	e6	4	0	2
5	Nf3	2	0	1
4	Nc6	2	0	3
5	Nf3	1	0	3
4	Nd7	3	0	2
5	e3	3	0	1
6	c6	2	0	1
4	c6	1	1	2
4	Bf5	0	0	3
3	Nf3	17	0	26
4	Nf6	8	0	6
5	e3	3	0	2
6	g6	2	0	1
5	Bf4	2	0	1
4	g6	1	0	8
5	e3	0	0	3
4	c6	2	0	2
4	e6	1	0	3
4	h6	1	0	3
3	Nc3	12	2	10
4	Nf6	6	0	3
5	e4	3	0	2
5	Bf4	3	0	1
4	e6	3	0	1
4	e5	1	0	2
4	g6	0	0	3
3	e3	7	2	5
4	Nf6	3	2	1
3	d5	4	0	1
3	Nd2	3	0	0
3	f4	1	0	2
2	c5	119	9	120
3	d5	44	5	48
4	d6	14	4	20
5	c4	10	1	9
6	g6	2	0	5
7	Nc3	2	0	4
8	Bg7	2	0	4
9	e4	2	0	2
10	Nf6	2	0	1
11	Bd3	2	0	1
6	e6	5	0	1
7	Nc3	4	0	1
8	Nf6	3	0	0
6	Nf6	1	0	2
5	e4	2	0	9
6	g6	1	0	3
4	Nf6	9	0	16
5	c4	7	0	10
6	d6	2	0	4
7	Nc3	2	0	3
6	b5	0	0	4
6	g6	3	0	1
7	Nc3	3	0	0
8	Bg7	3	0	0
9	e4	3	0	0
10	d6	3	0	0
5	Nc3	1	0	5
4	e6	10	1	8
5	c4	4	0	2
5	e4	2	0	3
6	Nf6	1	0	2
5	dxe6	1	1	2
6	fxe6	0	1	2
5	Nc3	2	0	1
4	e5	4	0	3
5	dxe6	2	0	1
4	c4	5	0	0
5	e4	4	0	0
3	dxc5	21	1	28
4	Qa5+	5	0	9
5	Nc3	2	0	3
6	Qxc5	2	0	2
5	Qd2	2	0	3
6	Qxc5	2	0	3
4	e6	6	0	8
5	b4	4	0	1
6	a5	4	0	1
7	c3	3	0	0
5	Be3	1	0	2
4	e5	6	1	6
5	Nc3	0	0	4
6	Bxc5	0	0	4
4	Nc6	4	0	3
3	e3	15	1	15
4	cxd4	9	1	10
5	exd4	8	1	9
6	Nf6	3	0	4
6	d5	2	0	2
4	e6	3	0	1
3	Nf3	16	0	11
4	cxd4	8	0	8
5	Nxd4	6	0	7
6	Nc6	2	0	4
7	Nxc6	1	0	3
8	bxc6	1	0	3
4	Nc6	2	0	2
3	c3	8	2	10
4	cxd4	4	1	8
5	cxd4	4	1	8
6	d5	2	0	5
7	Nf3	0	0	3
7	e3	1	0	2
6	Nf6	2	1	2
7	Nf3	1	1	2
4	e6	3	1	1
3	Bf4	7	0	3
4	cxd4	4	0	1
5	Qxd4	4	0	1
6	Nc6	2	0	1
3	c4	7	0	2
4	cxd4	6	0	1
5	Qxd4	5	0	1
6	Nc6	4	0	1
7	Qd1	4	0	0
2	f5	116	8	105
3	Bf4	28	3	35
4	Nf6	12	2	23
5	e3	8	1	18
6	e6	3	0	11
7	Nf3	0	0	8
8	b6	0	0	4
6	d6	3	1	2
7	Nf3	3	1	0
8	g6	2	1	0
6	g6	1	0	2
5	Nf3	2	0	2
4	e6	11	0	8
5	e3	7	0	6
6	Nf6	6	0	4
7	Nf3	2	0	2
5	Nf3	3	0	1
4	d6	1	1	2
5	e3	1	0	2
4	d5	3	0	0
3	c4	28	1	20
4	Nf6	16	1	14
5	Nc3	13	1	8
6	e6	8	1	5
7	Bg5	3	0	4
8	Bb4	1	0	2
7	a3	2	1	0
6	g6	3	0	2
7	Nf3	2	0	1
8	Bg7	2	0	1
5	e3	1	0	2
4	e6	9	0	3
5	Nc3	7	0	3
6	Bb4	5	0	1
7	Nf3	2	0	1
6	Nf6	2	0	2
4	c6	0	0	3
3	Nf3	19	0	19
4	Nf6	9	0	15
5	Bf4	2	0	4
5	c4	3	0	3
6	e6	2	0	3
7	Nc3	2	0	1
5	e3	3	0	3
6	e6	2	0	3
4	e6	6	0	3
4	g6	3	0	0
3	Nc3	11	1	13
4	Nf6	7	1	7
5	Bf4	2	1	4
6	e6	1	1	1
5	Bg5	3	0	3
6	e6	3	0	1
4	e6	4	0	5
5	e4	3	0	2
6	Bb4	2	0	2
7	exf5	2	0	2
8	exf5	2	0	2
9	Bd3	2	0	1
3	e3	8	2	8
4	Nf6	6	1	5
5	Bd3	2	0	2
5	Nf3	2	1	0
4	d5	2	0	1
4	e6	0	1	2
3	Bg5	10	0	4
4	h6	5	0	1
5	Bh4	3	0	1
6	g5	2	0	1
4	Nf6	2	0	2
3	e4	6	0	0
4	fxe4	5	0	0
5	f3	4	0	0
6	exf3	4	0	0
7	Nxf3	4	0	0
8	Nf6	4	0	0
3	g3	3	0	3
4	Nf6	3	0	2
5	Bg2	3	0	2
6	e6	3	0	1
7	Nf3	2	0	1
2	b6	85	7	79
3	c4	19	2	28
4	Bb7	15	2	25
5	Nc3	8	1	18
6	e6	3	0	9
7	e4	1	0	5
8	Bb4	1	0	2
9	Bd3	1	0	2
6	g6	1	1	5
7	Bf4	0	0	3
7	Nf3	0	1	2
8	Bg7	0	1	2
5	Nf3	3	1	3
6	d6	0	1	2
5	d5	1	0	2
3	e4	26	0	21
4	Bb7	25	0	20
5	Nc3	11	0	10
6	e6	5	0	5
7	Bd3	3	0	0
6	g6	2	0	2
6	d6	2	0	1
5	Bd3	7	0	6
6	e6	4	0	3
6	Nf6	1	0	3
5	d5	5	0	3
6	e6	2	0	2
3	Bf4	13	3	15
4	Bb7	11	3	11
5	e3	9	3	5
6	e6	5	1	2
7	Nf3	5	1	2
8	Nf6	2	0	1
6	Nf6	1	1	1
5	Nf3	1	0	3
4	Ba6	2	0	1
3	Nf3	14	1	8
4	Bb7	14	0	6
5	e3	4	0	2
5	c4	2	0	3
6	e6	1	0	3
5	Nbd2	4	0	0
5	Bf4	2	0	1
4	e6	0	1	2
3	Nc3	7	0	3
4	Bb7	7	0	3
5	Bf4	5	0	2
6	e6	2	0	2
7	Nb5	2	0	2
8	d6	2	0	2
5	Nf3	2	0	1
3	d5	1	1	2
4	Bb7	1	1	2
3	e3	2	0	1
4	Bb7	2	0	1
3	f4	2	0	1
2	Nc6	36	2	23
3	Nf3	14	1	7
4	d5	6	1	4
5	Bf4	3	0	1
5	e3	0	1	2
6	Bg4	0	1	2
3	Bf4	6	0	6
4	d5	3	0	1
4	Nf6	1	0	2
5	e3	1	0	2
4	e5	1	0	2
5	dxe5	1	0	2
3	c4	4	1	3
4	e5	2	0	1
3	d5	5	0	3
4	Ne5	3	0	2
5	Bf4	2	0	1
3	Nc3	3	0	0
3	c3	1	0	2
3	e3	1	0	2
2	a6	18	2	10
3	c4	4	0	4
4	b5	2	0	2
3	e4	4	2	1
4	b5	2	2	0
3	Bf4	4	0	1
3	Nc3	2	0	1
3	Nf3	2	0	1
4	b5	2	0	1
2	h6	8	2	10
3	c4	3	1	3
3	e4	2	0	2
3	Nf3	1	0	2
2	b5	10	0	6
3	e4	3	0	4
4	Bb7	2	0	2
4	a6	1	0	2
3	Bf4	3	0	1
2	h5	5	0	5
3	Bf4	3	0	2
2	a5	5	1	2
3	e4	3	0	0
2	f6	5	0	1
2	g5	2	0	4
1	c4	621	84	545
2	e5	225	39	191
3	Nc3	148	24	107
4	Nf6	53	11	44
5	g3	24	3	16
6	Bb4	5	1	2
7	Bg2	3	0	2
8	Bxc3	2	0	1
6	Bc5	2	0	6
7	Bg2	2	0	6
8	c6	2	0	2
6	c6	4	0	4
7	Bg2	2	0	3
8	d5	1	0	2
9	cxd5	1	0	2
10	cxd5	1	0	2
6	d5	6	1	1
7	cxd5	6	1	1
8	Nxd5	6	1	1
9	Bg2	6	1	1
10	Nxc3	5	1	1
11	bxc3	5	1	1
12	Bd6	3	0	0
6	Nc6	3	0	2
7	Bg2	3	0	2
8	Bc5	2	0	1
5	Nf3	10	7	13
6	Nc6	3	4	10
7	g3	1	1	4
8	Bc5	0	1	2
9	Bg2	0	1	2
7	d4	0	0	3
7	e3	1	1	1
7	e4	1	0	2
8	Bb4	1	0	2
6	e4	2	1	1
7	Ng5	2	0	1
8	d5	2	0	1
9	cxd5	2	0	1
6	Bc5	2	1	0
6	d6	2	0	1
5	e4	7	0	7
6	Bb4	2	0	3
7	d3	1	0	2
6	Bc5	2	0	1
5	d3	6	1	0
6	Bc5	3	0	0
5	e3	2	0	3
5	a3	1	0	3
5	d4	2	0	1
6	exd4	2	0	1
7	Qxd4	2	0	1
4	Nc6	23	3	14
5	g3	9	1	8
6	Bc5	3	0	4
7	Bg2	3	0	3
8	d6	2	0	1
9	e3	2	0	1
10	Bf5	2	0	1
6	d6	3	0	0
7	Bg2	3	0	0
5	Nf3	7	0	4
6	Nf6	2	0	3
6	f5	2	0	1
5	e3	3	0	0
5	e4	2	0	1
4	Bc5	17	1	17
5	Nf3	6	1	7
6	d6	5	1	5
7	g3	3	0	2
7	e3	1	0	2
5	g3	7	0	3
6	Nf6	4	0	1
7	Bg2	4	0	1
5	e3	1	0	4
6	d6	1	0	3
5	d3	2	0	1
4	d6	14	3	9
5	Nf3	2	0	5
5	g3	5	0	2
5	e3	2	3	0
5	d3	3	0	0
4	c6	14	3	5
5	g3	5	0	1
5	Nf3	3	2	0
6	d6	1	2	0
5	e4	4	1	0
6	d6	3	0	0
5	e3	1	0	3
4	f5	12	3	7
5	g3	6	1	2
6	Nf6	5	1	2
7	Bg2	5	1	2
8	c6	2	1	2
9	e3	0	1	2
5	d3	1	2	3
6	Nf6	1	2	2
7	g3	1	1	2
5	d4	1	0	2
6	e4	1	0	2
5	e3	3	0	0
6	Nf6	3	0	0
4	Bb4	11	0	7
5	Nd5	4	0	1
5	e4	3	0	0
6	Bxc3	3	0	0
7	bxc3	3	0	0
5	g3	2	0	1
4	c5	2	0	2
3	g3	37	10	39
4	Nf6	10	4	16
5	Bg2	10	4	14
6	Bc5	4	3	4
7	Nc3	0	3	4
8	d6	0	2	2
6	Nc6	2	1	3
7	Nc3	2	1	1
6	d5	2	0	3
7	cxd5	2	0	3
8	Nxd5	2	0	3
9	Nc3	2	0	2
6	c6	1	0	2
4	Nc6	7	2	7
5	Bg2	7	1	5
6	Nf6	5	1	3
7	Nc3	4	1	3
8	Bc5	1	1	2
9	e3	0	1	2
4	Bc5	5	2	4
5	Bg2	5	1	3
6	Nf6	3	0	1
4	c6	2	1	3
5	Bg2	1	1	2
6	Nf6	1	1	1
4	d6	4	0	2
5	Bg2	4	0	1
4	d5	3	1	1
5	cxd5	2	1	1
6	Qxd5	1	1	1
7	Nf3	1	1	1
4	f5	2	0	3
5	Bg2	2	0	3
4	g6	2	0	1
5	Bg2	2	0	1
6	Bg7	2	0	1
3	e3	13	0	15
4	Nf6	6	0	5
5	Nc3	2	0	3
5	a3	1	0	2
4	Nc6	2	0	2
4	Bc5	1	0	2
3	d3	4	2	13
4	Nf6	1	1	5
5	g3	1	0	3
4	d5	1	0	3
5	cxd5	1	0	2
3	a3	9	1	7
4	Nf6	4	1	1
5	Nc3	2	1	1
6	Nc6	1	1	1
4	d5	2	0	1
5	cxd5	2	0	1
6	Qxd5	2	0	1
7	Nc3	2	0	1
8	Qd8	2	0	1
4	d6	1	0	2
3	e4	5	1	4
4	Nf6	1	1	3
5	Nc3	1	1	1
4	Bc5	2	0	1
5	Nc3	2	0	1
3	Nf3	3	0	3
4	Nc6	2	0	1
3	d4	4	0	2
4	exd4	2	0	2
5	Qxd4	2	0	2
6	Nc6	1	0	2
2	Nf6	118	11	100
3	Nc3	71	3	54
4	g6	26	0	19
5	g3	12	0	8
6	Bg7	11	0	6
7	Bg2	11	0	5
8	O-O	7	0	4
9	e3	3	0	2
10	c6	2	0	1
9	Nf3	2	0	2
5	e4	6	0	5
6	d6	4	0	4
7	d4	4	0	2
8	Bg7	4	0	2
6	Bg7	2	0	1
5	d4	2	0	4
6	Bg7	0	0	3
7	e4	0	0	3
5	Nf3	2	0	2
6	Bg7	2	0	1
5	d3	3	0	0
6	Bg7	3	0	0
4	e6	17	3	10
5	e4	8	2	2
6	d5	3	1	1
7	cxd5	2	0	1
8	exd5	2	0	1
5	g3	3	1	4
6	d5	2	1	2
7	cxd5	2	0	2
5	Nf3	2	0	1
5	d3	2	0	1
5	d4	1	0	2
6	d5	1	0	2
7	cxd5	1	0	2
4	c6	8	0	8
5	g3	4	0	3
6	d5	3	0	1
5	e4	3	0	2
4	e5	5	0	7
5	g3	2	0	2
6	Nc6	2	0	1
7	Bg2	2	0	1
8	Bc5	2	0	1
5	Nf3	1	0	2
6	Nc6	1	0	2
4	d5	8	0	3
5	cxd5	4	0	2
6	Nxd5	4	0	2
4	c5	4	0	2
5	g3	2	0	1
4	d6	2	0	4
5	g3	1	0	3
3	g3	24	4	16
4	g6	8	1	4
5	Bg2	8	1	4
6	Bg7	7	1	4
7	Nc3	5	1	2
8	O-O	3	1	1
9	d3	1	1	1
7	Nf3	1	0	2
4	e6	5	0	5
5	Bg2	5	0	5
6	d5	3	0	4
7	cxd5	1	0	3
8	exd5	1	0	3
9	d4	0	0	3
4	c6	4	2	0
5	Bg2	3	0	0
4	d5	2	0	3
5	cxd5	1	0	2
4	c5	1	1	1
5	Bg2	1	1	1
4	e5	1	0	2
5	Bg2	1	0	2
3	d4	7	2	15
4	e6	2	2	3
5	Nc3	2	1	1
4	g6	1	0	6
5	Nc3	1	0	5
6	Bg7	1	0	4
7	e4	0	0	3
8	d6	0	0	3
4	e5	2	0	2
4	d5	1	0	2
3	Nf3	5	1	5
4	e6	3	0	2
4	g6	2	1	2
3	e3	6	0	5
4	g6	3	0	3
3	b3	1	0	4
4	g6	1	0	2
5	Bb2	1	0	2
6	Bg7	1	0	2
3	d3	2	1	1
2	c5	67	7	55
3	Nc3	33	6	32
4	Nc6	23	3	18
5	g3	10	2	6
6	g6	6	0	1
7	Bg2	6	0	1
8	Bg7	6	0	1
9	e3	3	0	1
6	e6	1	2	2
7	Bg2	0	2	2
6	Nf6	1	0	3
7	Bg2	1	0	3
5	Nf3	5	0	4
6	e6	1	0	2
5	d3	2	1	4
6	d6	1	0	2
6	g6	0	1	2
5	e3	4	0	2
5	e4	1	0	2
4	Nf6	4	1	3
5	Nf3	3	1	1
4	e6	2	0	4
4	a6	2	0	2
4	d6	0	2	2
3	g3	14	0	13
4	Nc6	5	0	9
5	Bg2	5	0	9
6	Nf6	3	0	2
7	Nf3	2	0	1
6	d6	1	0	2
6	g6	0	0	3
4	e6	3	0	1
5	Bg2	2	0	1
3	Nf3	8	0	4
4	Nc6	4	0	3
5	d4	2	0	2
6	cxd4	2	0	2
7	Nxd4	2	0	2
3	e3	4	1	2
4	Nc6	1	1	1
3	d3	4	0	1
3	e4	2	0	2
2	e6	47	6	40
3	Nc3	26	1	18
4	d5	10	0	11
5	cxd5	9	0	9
6	exd5	9	0	9
7	d4	7	0	5
8	Nf6	5	0	4
9	Nf3	2	0	2
7	g3	0	0	4
4	Nf6	2	0	3
5	g3	1	0	2
4	c5	4	0	1
5	g3	3	0	1
6	Nf6	2	0	1
4	Bb4	2	0	1
4	Bc5	2	0	1
3	d4	6	3	10
4	d5	3	0	4
5	Nc3	2	0	1
5	cxd5	1	0	2
6	exd5	1	0	2
7	Nc3	1	0	2
4	Nf6	1	1	2
3	g3	7	1	5
4	d5	3	0	2
5	Bg2	2	0	2
4	Nf6	2	1	1
5	Bg2	2	0	1
4	c6	1	0	2
5	Bg2	1	0	2
3	e4	5	0	3
4	d5	1	0	2
3	Nf3	2	1	2
2	c6	38	8	38
3	Nc3	21	4	19
4	d5	12	2	14
5	cxd5	8	2	9
6	cxd5	8	2	9
7	d4	3	1	6
8	Nf6	1	0	4
9	Nf3	1	0	3
8	Nc6	1	0	2
7	Nf3	2	0	1
7	e3	1	1	1
5	d4	2	0	4
6	Nf6	1	0	2
4	Nf6	3	0	2
4	e6	3	0	2
3	d4	7	1	7
4	d5	7	0	6
5	cxd5	3	0	2
6	cxd5	3	0	2
5	Nc3	3	0	0
3	g3	5	2	4
4	d5	5	2	4
5	Bg2	2	1	3
6	Nf6	0	0	3
5	cxd5	3	1	1
6	cxd5	3	1	1
7	d4	2	1	0
3	Nf3	2	0	4
4	d5	2	0	4
5	e3	1	0	3
3	e3	1	0	2
4	d5	1	0	2
2	d5	36	4	38
3	cxd5	30	4	31
4	Qxd5	25	3	22
5	Nc3	19	3	21
6	Qd8	8	1	13
7	d4	2	1	5
8	Nf6	1	0	3
9	e4	1	0	3
10	e6	1	0	2
7	g3	2	0	3
7	e4	2	0	2
7	Nf3	1	0	2
6	Qa5	7	2	7
7	Nf3	3	0	2
8	c6	1	0	2
9	d4	1	0	2
7	g3	1	2	2
7	d4	1	0	2
8	c6	1	0	2
5	Nf3	3	0	1
5	e3	3	0	0
4	Nf6	4	1	5
5	Nc3	2	1	1
6	Nxd5	1	1	1
7	e4	1	1	1
8	Nxc3	1	1	1
9	bxc3	1	1	1
3	e3	3	0	2
2	g6	31	4	32
3	Nc3	14	2	15
4	Bg7	13	2	15
5	d4	4	1	5
5	Nf3	4	1	3
6	Nf6	3	0	1
5	g3	2	0	4
6	Nf6	0	0	3
7	Bg2	0	0	3
5	e4	2	0	2
3	d4	10	0	3
4	Bg7	9	0	2
5	Nf3	4	0	1
6	Nf6	2	0	1
7	Nc3	2	0	1
8	O-O	2	0	1
3	g3	1	2	6
4	Bg7	1	1	6
5	Bg2	1	1	5
6	Nf6	1	1	2
7	Nc3	1	1	2
8	O-O	1	1	1
3	e3	1	0	3
4	Bg7	1	0	3
3	Nf3	1	0	2
4	Bg7	1	0	2
3	d3	2	0	1
4	Bg7	2	0	1
2	d6	27	3	14
3	Nc3	13	3	9
4	Nf6	1	1	4
4	e5	2	1	2
4	g6	5	0	0
4	c6	2	1	1
5	g3	2	0	1
3	g3	6	0	3
4	Nf6	2	0	2
5	Bg2	2	0	2
3	d4	5	0	1
4	Nf6	3	0	1
5	Nc3	3	0	1
2	f5	7	1	14
3	Nc3	4	0	13
4	Nf6	4	0	6
5	g3	2	0	2
5	d4	1	0	2
6	e6	1	0	2
4	e6	0	0	6
3	g3	2	1	0
4	Nf6	2	1	0
2	b6	9	1	8
3	Nc3	4	1	2
4	Bb7	4	1	2
5	Nf3	1	1	2
3	d4	3	0	2
4	Bb7	2	0	2
5	Nc3	1	0	2
3	g3	1	0	2
2	Nc6	8	0	6
3	Nc3	5	0	4
4	e5	2	0	2
3	g3	2	0	1
2	a6	2	0	5
3	d4	1	0	2
4	b5	1	0	2
2	b5	4	0	1
3	cxb5	3	0	1
1	Nf3	560	69	548
2	d5	198	23	202
3	d4	76	8	75
4	Nf6	14	4	24
5	c4	2	1	8
6	e6	2	0	4
7	Nc3	2	0	3
8	dxc4	1	0	2
5	Bf4	2	2	3
5	e3	3	0	3
6	e6	2	0	1
5	g3	1	1	3
5	Bg5	1	0	3
5	Nc3	1	0	3
4	Nc6	17	0	19
5	c4	7	0	9
6	dxc4	2	0	4
7	Nc3	2	0	2
6	e6	2	0	2
7	Nc3	2	0	1
6	Bg4	3	0	0
5	Bf4	6	0	5
6	Bf5	3	0	2
7	e3	1	0	2
8	e6	1	0	2
5	e3	1	0	2
4	Bf5	13	1	6
5	c4	5	0	3
6	e6	3	0	2
7	Nc3	2	0	1
5	e3	3	0	2
6	e6	3	0	1
7	Bd3	3	0	1
5	Bf4	2	0	1
4	Bg4	7	1	8
5	Bf4	2	0	3
6	Bxf3	2	0	2
7	exf3	2	0	2
8	e6	1	0	2
5	Nc3	1	0	2
5	e3	2	0	1
4	e6	10	1	5
5	Bf4	3	1	1
6	c5	3	0	0
7	e3	3	0	0
5	e3	3	0	2
6	Nf6	2	0	1
5	c4	2	0	2
4	c5	5	0	6
5	dxc5	1	0	2
4	c6	3	1	3
4	g6	1	0	3
3	g3	32	4	47
4	Nc6	15	1	12
5	Bg2	12	1	11
6	e5	7	1	8
7	d3	6	1	5
6	Bf5	4	0	0
7	d3	3	0	0
5	d4	3	0	1
4	c5	3	1	11
5	Bg2	3	1	11
6	Nc6	0	0	9
7	O-O	0	0	6
8	e5	0	0	5
9	d3	0	0	4
10	Nf6	0	0	3
6	Nf6	2	0	1
4	Nf6	4	1	8
5	Bg2	4	1	7
6	Nc6	0	0	3
4	Bf5	1	0	5
5	Bg2	1	0	4
6	e6	1	0	2
4	Bg4	4	0	2
5	Bg2	3	0	2
6	Bxf3	2	0	2
7	Bxf3	2	0	1
4	c6	2	0	4
5	Bg2	2	0	4
6	Nf6	1	0	2
4	e6	2	0	1
5	Bg2	2	0	1
3	c4	40	4	38
4	dxc4	11	1	10
5	e3	6	0	6
6	Nc6	1	0	2
7	Bxc4	1	0	2
5	Na3	2	0	3
6	Nf6	0	0	3
7	Nxc4	0	0	3
5	e4	2	1	1
4	d4	12	1	5
5	b4	6	1	0
5	e3	3	0	1
4	e6	8	0	9
5	g3	2	0	4
6	Nf6	2	0	3
7	Bg2	2	0	2
5	d4	2	0	2
5	e3	1	0	2
4	Nf6	5	1	5
5	cxd5	3	1	3
6	Nxd5	3	1	2
4	c6	2	0	7
5	b3	1	0	3
6	Nf6	1	0	2
4	Nc6	1	1	1
3	e4	27	0	17
4	dxe4	23	0	11
5	Ng5	21	0	10
6	Nf6	8	0	5
7	d3	6	0	4
8	exd3	4	0	2
9	Bxd3	4	0	2
10	Nc6	1	0	2
6	Bf5	6	0	1
7	Nc3	3	0	1
8	Nf6	3	0	1
9	d3	2	0	1
10	exd3	2	0	1
11	Qf3	2	0	1
6	Qd5	2	0	2
7	d3	2	0	2
8	exd3	1	0	2
9	Bxd3	1	0	2
6	e5	3	0	0
5	Ne5	2	0	1
3	e3	11	5	12
4	Nc6	3	1	2
5	Bb5	0	1	2
4	Nf6	2	1	3
5	c4	2	0	1
4	c5	3	1	1
5	c4	2	0	1
6	e6	2	0	1
4	Bg4	1	1	2
5	Be2	1	1	1
4	e6	0	1	3
3	d3	7	1	6
4	Nc6	4	1	3
5	g3	1	1	1
4	Nf6	1	0	2
3	Nc3	1	0	3
3	b3	2	0	2
3	b4	0	1	2
2	Nf6	94	14	88
3	g3	22	5	25
4	g6	13	3	9
5	Bg2	11	3	9
6	Bg7	9	3	9
7	O-O	7	3	5
8	O-O	5	3	5
9	d3	3	0	2
9	c4	1	2	1
9	d4	1	1	2
10	d6	0	1	2
7	d4	0	0	3
4	d5	2	0	9
5	Bg2	1	0	6
5	d4	1	0	2
4	e6	1	1	3
5	Bg2	1	1	2
4	Nc6	3	0	1
5	d4	3	0	0
6	d5	3	0	0
7	Bg2	3	0	0
4	b6	1	0	2
5	Bg2	1	0	2
6	Bb7	1	0	2
4	d6	1	1	1
5	Bg2	1	1	1
3	d4	21	4	26
4	d5	7	3	12
5	c4	4	2	4
6	c6	1	1	1
6	e6	1	1	1
5	Bf4	1	1	2
5	e3	2	0	2
4	g6	7	1	11
5	c4	2	0	3
6	Bg7	2	0	3
7	Nc3	1	0	3
8	O-O	1	0	2
9	e4	1	0	2
10	d6	1	0	2
5	g3	0	1	3
6	Bg7	0	1	3
7	Bg2	0	1	3
8	O-O	0	1	3
9	O-O	0	1	3
5	Bg5	2	0	1
6	Bg7	2	0	1
4	d6	3	0	2
4	c5	2	0	1
3	c4	29	2	16
4	g6	12	1	1
5	Nc3	7	0	0
6	Bg7	7	0	0
7	d4	4	0	0
8	O-O	3	0	0
9	e4	3	0	0
10	d6	3	0	0
5	d4	3	0	1
4	e6	6	0	5
5	d4	3	0	2
6	d5	2	0	1
4	c5	4	0	6
5	Nc3	3	0	3
6	Nc6	2	0	2
5	g3	1	0	3
4	c6	3	0	0
4	d6	2	0	1
3	Nc3	12	1	8
4	d5	3	0	5
5	d4	3	0	2
6	e6	2	0	2
4	g6	4	1	1
5	d4	3	0	0
6	Bg7	3	0	0
4	d6	3	0	1
5	e4	2	0	1
6	e5	2	0	1
4	Nc6	2	0	1
3	d3	4	2	4
4	g6	1	2	1
4	d6	2	0	1
3	b3	4	0	2
4	g6	2	0	1
5	Bb2	2	0	1
6	Bg7	2	0	1
3	e4	1	0	2
2	Nc6	63	7	63
3	d4	20	1	13
4	d5	16	1	10
5	c4	8	1	5
6	e6	4	0	2
7	Nc3	3	0	0
6	Nf6	2	0	1
6	dxc4	1	1	1
5	Bf4	2	0	4
5	e3	3	0	1
3	e4	11	2	18
4	e5	10	2	15
5	Bc4	4	0	6
6	h6	2	0	1
5	d4	3	0	5
6	exd4	2	0	4
5	Bb5	3	2	2
6	d6	1	1	1
3	g3	10	1	12
4	e5	8	1	8
5	d3	4	1	3
6	d5	2	1	3
7	Bg2	2	1	2
5	Bg2	2	0	3
4	Nf6	1	0	2
5	Bg2	1	0	2
4	d5	1	0	2
3	c4	9	1	8
4	e5	7	1	7
5	Nc3	0	0	3
5	d3	1	0	2
5	e4	3	0	0
3	Nc3	2	1	3
4	e5	0	0	3
3	c3	2	1	3
4	e5	1	0	2
3	e3	3	0	3
4	e5	2	0	3
3	b3	3	0	1
3	d3	2	0	1
2	c5	49	5	41
3	e4	12	2	12
4	Nc6	9	1	4
5	Bb5	2	0	2
5	Bc4	3	0	1
4	g6	1	1	3
4	e6	1	0	3
5	Nc3	1	0	2
4	d6	1	0	2
3	c4	12	0	10
4	Nc6	4	0	3
5	Nc3	2	0	2
4	d6	3	0	2
4	e6	2	0	2
4	g6	2	0	1
3	g3	9	1	7
4	Nc6	5	0	3
5	Bg2	5	0	2
4	d5	1	0	2
5	Bg2	1	0	2
3	d3	3	0	4
3	b3	4	1	1
4	Nc6	3	0	0
5	Bb2	3	0	0
3	c3	3	0	3
4	Nc6	2	0	1
4	e6	1	0	2
3	d4	3	0	2
4	cxd4	2	0	2
5	Nxd4	2	0	2
2	e6	45	8	40
3	g3	15	1	11
4	d5	9	1	6
5	Bg2	9	1	4
6	Nf6	2	0	2
6	c5	3	0	1
7	O-O	2	0	1
4	Nf6	3	0	1
5	Bg2	3	0	1
6	Be7	2	0	1
7	O-O	2	0	1
3	e4	12	1	13
4	d5	4	1	5
5	e5	3	1	4
6	c5	3	0	4
7	c3	2	0	3
8	Nc6	1	0	2
9	d4	1	0	2
3	d4	6	3	10
4	d5	2	1	6
5	c4	1	1	2
6	c5	1	1	1
4	c5	2	1	0
3	c4	5	1	3
4	d5	2	0	3
3	d3	3	1	0
3	Nc3	1	0	2
2	d6	30	8	24
3	d4	15	5	7
4	Nf6	6	2	2
5	c4	2	0	1
4	Bg4	4	0	1
4	g6	2	1	1
3	g3	6	1	3
4	e5	2	1	1
5	Bg2	2	0	1
3	e4	2	0	7
4	Nf6	0	0	3
4	e5	0	0	3
3	c4	5	0	3
4	Nf6	1	0	2
2	c6	18	1	23
3	g3	5	1	8
4	d5	5	1	8
5	Bg2	4	1	7
6	Bg4	2	0	2
6	Nf6	1	1	2
7	d3	1	0	2
6	Bf5	1	0	2
3	d4	8	0	4
4	d5	6	0	3
5	Bf4	3	0	1
5	c4	2	0	2
3	e4	3	0	2
4	d5	3	0	2
3	c4	1	0	3
3	d3	1	0	2
4	d5	1	0	2
5	Nbd2	1	0	2
2	g6	21	1	19
3	g3	8	1	4
4	Bg7	5	1	4
5	Bg2	5	1	4
6	Nf6	3	0	1
7	O-O	2	0	1
8	O-O	2	0	1
3	d4	7	0	5
4	Bg7	5	0	3
4	d5	1	0	2
3	e4	1	0	5
4	Bg7	1	0	3
3	Nc3	3	0	2
4	Bg7	3	0	2
5	d4	3	0	1
3	c4	0	0	3
4	Bg7	0	0	3
2	e5	17	0	19
3	Nxe5	13	0	13
4	d6	6	0	3
5	Nf3	6	0	3
6	Bg4	3	0	1
4	d5	1	0	3
5	d4	0	0	3
4	Bc5	1	0	2
5	d4	1	0	2
4	Nf6	1	0	2
3	e4	1	0	3
4	Nc6	1	0	2
3	g3	0	0	3
2	b6	8	1	14
3	d4	3	1	3
4	Bb7	2	1	2
3	e4	3	0	4
4	Bb7	3	0	4
5	Nc3	1	0	2
3	c4	1	0	2
4	Bb7	1	0	2
2	f5	4	0	7
3	d4	2	0	2
4	Nf6	1	0	2
3	d3	0	0	3
2	h6	6	0	2
3	d4	3	0	1
2	a6	3	0	4
3	e4	2	0	1
2	f6	3	0	2
1	e3	215	22	222
2	e5	98	12	103
3	b3	22	4	20
4	d5	12	1	13
5	Bb2	6	1	13
6	Nc6	5	0	8
7	Bb5	4	0	5
8	Bd6	4	0	3
9	Bxc6+	3	0	2
10	bxc6	3	0	2
6	Bd6	1	0	2
5	Qh5	4	0	0
4	Nf6	2	0	3
5	Bb2	1	0	3
4	Bc5	2	0	2
5	Bb2	2	0	2
6	d6	2	0	1
4	Nc6	2	1	0
3	d4	21	4	15
4	exd4	9	3	8
5	exd4	4	3	5
6	Nf6	2	0	2
6	d5	0	2	2
5	Qxd4	4	0	3
6	Nc6	3	0	2
4	e4	6	1	4
5	Nc3	2	1	3
6	d5	2	1	1
4	Nc6	2	0	2
3	c3	9	1	9
4	d5	6	1	5
5	Nf3	4	0	3
6	Nc6	2	0	2
5	d4	2	1	0
3	g3	8	0	11
4	d5	5	0	7
5	Bg2	4	0	5
6	Nf6	2	0	1
5	h3	1	0	2
4	Nc6	0	0	3
3	d3	5	1	11
4	d5	2	1	8
5	Ne2	1	0	2
5	a3	0	1	2
3	c4	5	0	8
4	Nc6	1	0	3
4	Nf6	1	0	2
5	Nc3	1	0	2
3	Nf3	6	0	6
4	Nc6	2	0	3
4	d6	3	0	1
3	Bc4	4	0	5
4	d5	2	0	1
5	Bb3	2	0	1
3	Nc3	2	0	4
3	a3	4	0	2
3	Ne2	3	0	2
3	Qh5	3	1	1
3	e4	3	0	1
3	Be2	0	0	3
3	h3	1	0	2
2	d5	45	4	40
3	d4	18	1	7
4	Nc6	5	0	3
5	Bb5	1	0	2
6	Bd7	1	0	2
4	e6	5	0	0
5	c4	3	0	0
4	Nf6	2	0	2
4	Bf5	3	0	0
3	b3	5	1	6
4	e5	2	1	4
5	Bb2	2	1	4
6	Nc6	1	0	3
4	Nf6	1	0	2
5	Bb2	1	0	2
3	d3	7	1	2
4	e5	4	1	0
5	Be2	2	1	0
3	c4	1	0	8
4	dxc4	1	0	2
5	Bxc4	1	0	2
3	g3	5	0	1
3	a3	3	0	2
3	c3	2	0	3
4	e5	2	0	1
3	Nf3	1	0	3
3	Nc3	0	1	2
2	c5	17	3	20
3	d4	5	1	3
4	cxd4	4	0	2
5	exd4	3	0	1
3	d3	2	1	4
4	Nc6	0	1	2
3	Nc3	2	0	3
3	Nf3	1	0	3
3	c3	1	0	3
4	d5	0	0	3
3	Ne2	2	1	0
4	Nc6	2	1	0
3	g3	2	0	1
2	e6	14	1	19
3	b3	6	0	7
4	b6	4	0	1
5	Bb2	4	0	1
6	Bb7	4	0	1
4	d5	0	0	4
5	Bb2	0	0	3
3	d4	2	1	2
4	d5	2	0	1
2	c6	11	0	12
3	d4	4	0	3
4	d5	4	0	2
3	b3	2	0	2
4	d5	2	0	2
5	Bb2	2	0	2
6	Bf5	1	0	2
2	Nf6	8	1	8
3	c3	0	0	4
3	c4	2	0	2
4	g6	1	0	2
3	d4	2	0	1
2	g6	7	0	7
3	c3	4	0	0
4	Bg7	4	0	0
5	Nf3	3	0	0
3	d4	1	0	3
4	Bg7	1	0	3
2	d6	8	0	5
3	d4	3	0	2
2	b6	4	0	4
2	Nc6	3	1	2
1	f4	204	18	179
2	d5	88	6	65
3	Nf3	50	5	44
4	Nc6	17	0	11
5	g3	7	0	3
6	Bg4	2	0	1
7	Bg2	2	0	1
6	Nf6	3	0	0
5	e3	7	0	2
6	Bg4	3	0	0
5	c3	0	0	4
6	Bg4	0	0	3
7	e3	0	0	3
4	Nf6	11	1	6
5	g3	5	0	2
6	Nc6	1	0	2
7	Bg2	1	0	2
5	d4	4	0	1
5	e3	2	0	2
6	e6	2	0	1
4	e6	6	2	9
5	g3	3	2	2
5	d4	1	0	3
5	e3	2	0	2
4	c5	6	0	7
5	e3	2	0	3
6	Nc6	1	0	2
4	Bf5	2	2	3
4	Bg4	2	0	4
4	f6	3	0	1
3	d4	20	1	16
4	Bf5	6	0	5
5	Nf3	2	0	2
5	e3	2	0	1
4	Nc6	5	0	3
4	Nf6	3	1	2
5	e3	3	0	1
4	c5	2	0	1
3	e3	10	0	3
4	Nc6	5	0	0
5	Nf3	3	0	0
4	Bf5	3	0	1
5	Nf3	2	0	1
3	g3	4	0	1
2	e6	21	1	20
3	Nf3	11	0	11
4	d5	3	0	7
5	g3	1	0	3
5	d4	1	0	2
4	c5	2	0	2
4	b6	3	0	0
3	e4	6	1	3
4	d5	4	1	2
5	exd5	1	1	2
6	exd5	1	1	1
7	Nf3	1	1	1
4	d6	2	0	1
3	c4	2	0	2
2	c5	11	1	24
3	Nf3	8	1	15
4	Nc6	3	0	8
5	e3	0	0	4
6	d6	0	0	3
5	e4	2	0	2
4	d5	3	1	2
3	e4	3	0	4
4	e6	1	0	2
2	Nc6	17	1	12
3	Nf3	9	0	10
4	d5	4	0	6
5	d4	3	0	1
5	e3	0	0	4
4	d6	2	0	2
4	Nf6	3	0	0
3	e4	3	1	0
3	d4	2	0	1
2	e5	19	1	9
3	fxe5	16	1	9
4	d6	8	0	4
5	exd6	4	0	3
6	Bxd6	4	0	2
7	Nf3	4	0	2
8	Bg4	3	0	1
9	e3	2	0	1
5	Nf3	4	0	1
4	Nc6	4	0	3
5	Nf3	3	0	1
5	d4	1	0	2
4	Qh4+	2	1	1
5	g3	2	1	1
2	Nf6	12	3	13
3	Nf3	8	2	9
4	g6	3	1	4
5	e3	1	0	2
4	d5	2	1	0
4	d6	2	0	1
3	d4	0	0	3
2	d6	7	1	12
3	Nf3	3	1	8
4	Nc6	1	0	2
4	Nf6	1	0	2
3	d4	3	0	0
3	e4	1	0	2
2	f5	6	0	10
3	Nf3	4	0	4
4	Nf6	3	0	3
5	e3	2	0	1
3	d4	2	0	3
4	Nf6	2	0	2
5	e3	2	0	1
2	c6	9	2	3
3	Nf3	3	2	1
4	d5	3	2	1
3	e4	3	0	1
4	d5	2	0	1
5	e5	2	0	1
2	g6	5	0	6
3	Nf3	4	0	2
4	Bg7	4	0	2
2	b6	4	2	4
3	Nf3	3	2	3
4	Bb7	3	2	3
5	e3	2	0	3
1	g3	145	18	157
2	d5	55	6	55
3	Bg2	49	5	49
4	e5	16	1	14
5	d3	6	0	4
6	Nc6	1	0	2
7	Nf3	1	0	2
6	Nf6	2	0	1
5	Nf3	3	1	2
6	e4	1	1	1
7	Nd4	1	1	1
5	e3	2	0	3
6	Nf6	2	0	1
7	Ne2	2	0	1
5	b3	2	0	2
5	c3	2	0	2
4	Nf6	14	2	11
5	Nf3	4	0	4
6	Nc6	3	0	1
5	d3	1	2	2
5	b3	2	0	2
5	c3	2	0	1
5	c4	3	0	0
4	c6	9	1	10
5	Nf3	4	0	4
6	Nf6	2	0	3
5	d3	2	1	1
4	e6	5	0	8
5	Nf3	5	0	1
6	Nf6	3	0	1
7	O-O	2	0	1
5	d4	0	0	3
4	Bf5	1	0	3
3	b3	2	0	2
3	d3	1	0	2
4	e5	1	0	2
2	e5	49	5	51
3	Bg2	38	4	41
4	d5	15	3	25
5	e3	5	0	5
6	Nf6	3	0	3
7	Ne2	2	0	3
5	b3	2	1	6
6	Nf6	0	1	3
7	Bb2	0	1	3
8	Nc6	0	1	2
9	e3	0	1	2
6	Nc6	2	0	1
7	Bb2	2	0	1
5	d3	4	0	4
6	Nf6	1	0	3
5	Nf3	2	0	3
6	Nc6	1	0	2
5	e4	1	0	3
6	d4	1	0	3
7	d3	0	0	3
8	Nf6	0	0	3
5	c3	0	1	2
4	Nf6	11	1	8
5	b3	1	1	2
5	e3	3	0	1
6	Bc5	2	0	1
5	d3	2	0	1
5	e4	2	0	1
4	Bc5	6	0	2
4	d6	3	0	1
4	f5	2	0	1
3	b3	3	1	3
4	d5	3	0	2
5	Bg2	2	0	1
3	d3	3	0	3
4	d5	3	0	0
3	e4	2	0	1
2	e6	11	1	12
3	Bg2	8	1	11
4	d5	5	1	3
5	d3	1	0	2
4	c5	1	0	3
2	c5	9	1	6
3	Bg2	7	1	6
4	Nc6	4	1	1
4	e6	0	0	3
2	c6	8	0	8
3	Bg2	7	0	8
4	d5	6	0	7
5	Nf3	1	0	2
5	d3	2	0	1
5	d4	2	0	1
2	Nf6	4	3	4
3	Bg2	3	3	4
4	g6	1	2	3
2	g6	3	1	7
3	Bg2	2	1	6
4	Bg7	1	0	5
5	c3	1	0	3
2	b6	2	0	4
3	Bg2	2	0	4
4	Nc6	1	0	4
5	Nf3	1	0	3
6	Bb7	1	0	3
2	d6	1	0	5
3	Bg2	1	0	5
4	e5	1	0	3
2	Nc6	0	0	3
3	Bg2	0	0	3
1	b3	163	14	134
2	e5	56	5	55
3	Bb2	51	5	50
4	Nc6	35	4	30
5	e3	25	2	14
6	d5	10	0	6
7	Bb5	8	0	4
8	Bd6	7	0	3
9	Bxc6+	2	0	2
10	bxc6	2	0	2
9	Nf3	3	0	0
9	f4	2	0	1
6	Nf6	6	1	3
7	Bb5	4	1	3
8	d6	1	1	1
6	Bc5	5	1	1
7	Bb5	3	1	1
8	d6	2	0	1
6	a6	1	0	2
5	g3	4	1	5
6	d5	2	1	3
7	Bg2	2	1	3
8	Nf6	2	1	2
5	Nf3	1	0	3
5	c4	2	1	1
5	Nc3	1	0	2
6	d5	1	0	2
5	d3	1	0	2
5	e4	1	0	2
4	d6	8	0	12
5	e3	3	0	8
6	Nf6	1	0	5
7	d4	0	0	3
6	Nc6	2	0	1
5	g3	3	0	0
4	d5	1	1	3
5	e3	0	0	3
4	f6	2	0	3
5	e3	1	0	2
4	e4	2	0	1
3	e4	2	0	1
2	d5	55	4	27
3	Bb2	50	4	25
4	Nc6	16	1	7
5	e3	9	0	4
6	e5	9	0	4
7	Bb5	9	0	2
8	Bd6	5	0	1
9	Bxc6+	2	0	1
10	bxc6	2	0	1
5	g3	5	1	2
6	e5	4	0	2
7	Bg2	2	0	2
4	Nf6	9	0	4
5	e3	5	0	3
6	e6	1	0	2
4	c5	7	1	4
5	e3	6	0	1
6	Nc6	4	0	1
4	Bf5	5	1	2
5	Nf3	1	1	1
4	e6	6	0	2
5	e3	3	0	1
6	Nf6	2	0	1
4	d4	2	0	1
4	f6	0	1	2
3	Nf3	2	0	1
3	e3	3	0	0
2	Nf6	14	2	12
3	Bb2	13	2	12
4	g6	8	1	2
5	Bxf6	1	1	2
6	exf6	1	1	2
7	c4	0	1	2
5	e3	3	0	0
6	Bg7	3	0	0
4	d5	1	1	4
5	e3	1	1	2
4	d6	1	0	5
5	e3	0	0	3
4	e6	2	0	1
2	e6	7	1	9
3	Bb2	7	0	9
4	Nf6	3	0	3
5	e3	2	0	1
5	g3	1	0	2
4	d5	2	0	4
2	c6	10	1	5
3	Bb2	9	1	5
4	d5	8	1	5
5	e3	6	1	4
6	Bf5	5	1	2
7	Nc3	2	0	1
8	e6	2	0	1
9	Qe2	2	0	1
2	c5	8	0	7
3	Bb2	6	0	7
4	Nc6	2	0	5
5	e3	0	0	3
4	d6	3	0	0
2	g6	4	0	5
3	Bb2	4	0	5
4	Nf6	3	0	2
4	f6	0	0	3
2	b6	3	1	1
3	Bb2	2	0	1
4	Bb7	2	0	1
2	Nc6	1	0	3
3	Bb2	1	0	3
4	e5	0	0	3
5	e3	0	0	3
2	a5	0	0	4
3	Bb2	0	0	4
4	a4	0	0	4
2	d6	1	0	3
3	Bb2	1	0	3
1	b4	87	12	87
2	e5	40	8	35
3	Bb2	36	8	33
4	d6	9	3	12
5	e3	3	0	7
6	Nf6	2	0	4
5	c4	1	2	2
6	Nf6	0	2	1
4	Bxb4	4	2	5
5	Bxe5	4	2	5
6	Nf6	2	2	3
7	Nc3	1	1	1
6	f6	2	0	2
4	Nc6	7	1	3
5	b5	5	1	3
6	Nd4	5	1	3
7	e3	5	1	2
8	Nf5	3	1	1
9	Bxe5	3	1	1
8	Nxb5	2	0	1
9	Bxb5	2	0	1
4	f6	3	1	5
5	b5	2	0	3
4	Bd6	5	0	1
4	Nf6	1	0	3
5	Bxe5	0	0	3
4	Qf6	1	1	2
5	Nf3	0	1	2
4	e4	3	0	0
5	e3	3	0	0
3	a3	3	0	2
2	d5	16	2	18
3	Bb2	14	2	16
4	Nf6	4	0	6
5	e3	1	0	5
6	g6	1	0	2
4	e6	1	1	4
5	e3	1	1	3
6	Nf6	1	1	2
7	b5	1	1	1
4	Nc6	3	1	1
5	b5	2	1	1
4	d4	3	0	2
5	Nf3	2	0	2
2	Nf6	10	1	6
3	Bb2	9	0	6
4	g6	2	0	2
4	d5	1	0	2
4	e6	1	0	2
2	e6	6	0	6
3	Bb2	6	0	6
4	Nf6	4	0	2
5	b5	3	0	1
6	d5	2	0	1
4	d5	2	0	3
5	e3	1	0	2
2	g6	3	1	5
3	Bb2	3	1	5
4	Nf6	3	1	5
5	Nf3	1	0	2
6	Bg7	1	0	2
2	c5	0	0	6
3	bxc5	0	0	6
2	b6	3	0	2
3	Bb2	3	0	1
4	Bb7	3	0	1
2	c6	2	0	3
3	Bb2	1	0	3
4	d5	1	0	2
2	a6	2	0	2
3	Bb2	2	0	2
2	Nc6	1	0	2
3	b5	1	0	2
1	Nc3	60	8	52
2	e5	19	2	11
3	e4	10	1	2
4	Nc6	5	0	2
5	Bc4	3	0	2
6	Bc5	2	0	1
4	Nf6	2	1	0
3	Nf3	3	0	6
4	Nc6	2	0	6
5	d4	1	0	3
6	exd4	0	0	3
7	Nxd4	0	0	3
8	Nxd4	0	0	3
9	Qxd4	0	0	3
5	e4	1	0	2
3	d4	4	0	1
4	exd4	3	0	1
5	Qxd4	3	0	1
6	Nc6	2	0	1
3	a3	2	0	1
2	Nf6	15	3	7
3	e4	7	1	4
4	e5	4	1	4
5	Bc4	2	0	2
5	Nf3	2	0	1
3	Nf3	4	1	1
3	d4	3	0	1
4	d5	2	0	1
2	d5	9	0	13
3	d4	5	0	7
4	Nf6	2	0	5
5	Nf3	1	0	2
3	Nf3	1	0	3
4	d4	0	0	3
3	e4	2	0	1
4	d4	2	0	1
5	Nce2	2	0	1
2	c6	3	0	6
3	e4	2	0	1
2	e6	4	0	5
3	Nf3	2	0	1
3	e4	1	0	2
4	d5	1	0	2
2	c5	3	1	3
3	d4	1	1	1
4	cxd4	1	1	1
5	Qxd4	1	1	1
3	e4	2	0	1
2	d6	2	1	3
3	Nf3	0	0	3
2	g6	2	1	2
2	Nc6	1	0	2
1	d3	56	9	52
2	d5	17	3	19
3	Nf3	5	0	3
4	Nc6	3	0	1
4	Bg4	1	0	2
3	g3	4	1	2
4	e5	2	1	1
5	Bg2	2	1	0
3	a3	0	0	3
3	e3	2	0	1
3	e4	0	1	2
4	dxe4	0	1	2
2	e5	20	4	13
3	e4	9	3	7
4	Nf6	2	0	3
4	Nc6	2	0	1
5	Nf3	2	0	1
4	d5	1	0	2
3	Nf3	2	0	3
4	Nc6	2	0	3
3	c3	3	0	1
4	d5	3	0	1
3	e3	3	0	1
3	g3	1	1	1
2	Nf6	5	0	6
3	e4	2	0	2
4	d6	2	0	2
3	Nd2	1	0	2
2	e6	5	1	3
3	Nf3	2	0	1
4	d5	2	0	1
5	c3	2	0	1
3	e4	1	0	2
2	c5	3	0	2
2	c6	1	1	3
2	Nc6	2	0	2
2	g6	2	0	2
1	g4	48	8	31
2	d5	19	3	13
3	Bg2	14	3	9
4	Bxg4	7	3	5
5	c4	6	3	5
6	Be6	1	1	2
7	Qb3	1	1	2
6	c6	3	0	1
7	cxd5	3	0	1
8	cxd5	3	0	1
9	Qb3	2	0	1
6	e6	1	2	0
4	c6	3	0	1
4	e5	1	0	2
3	g5	2	0	3
4	e5	2	0	2
3	e3	2	0	1
2	e5	7	1	7
3	Bg2	7	1	5
4	d5	5	1	4
5	c4	5	0	3
6	c6	1	0	2
7	cxd5	1	0	2
8	cxd5	1	0	2
9	Qb3	1	0	2
6	dxc4	2	0	1
7	Qa4+	2	0	1
8	Nc6	2	0	1
2	c6	3	0	3
3	Bg2	1	0	2
4	d5	1	0	2
2	g6	4	1	1
3	Bg2	4	1	1
4	Bg7	4	1	0
2	c5	2	1	2
3	Bg2	2	1	0
2	e6	3	1	1
3	Bg2	2	1	1
4	d5	2	0	1
2	Nc6	2	0	1
1	c3	31	0	28
2	e5	13	0	12
3	d3	2	0	4
4	d5	2	0	3
3	e4	6	0	0
3	d4	1	0	3
3	Qa4	2	0	1
3	e3	1	0	2
2	d5	7	0	5
3	e3	2	0	4
2	Nf6	1	0	6
3	d4	0	0	4
2	c5	4	0	2
3	e3	3	0	1
2	e6	1	0	2
2	g6	3	0	0
1	a3	23	3	24
2	e5	9	1	11
3	b4	5	0	3
4	d5	2	0	2
5	Bb2	2	0	2
4	Nf6	2	0	1
3	h3	2	0	3
2	d5	8	2	6
3	b4	5	0	4
4	c6	1	0	2
5	Bb2	1	0	2
4	e5	2	0	1
5	Bb2	2	0	1
6	Bd6	2	0	1
2	Nf6	2	0	2
2	c5	2	0	1
1	a4	15	0	14
2	e5	5	0	7
3	Na3	3	0	1
2	d5	6	0	2
3	a5	2	0	1
2	e6	2	0	1
1	h3	13	2	9
2	e5	6	1	5
3	a3	1	0	2
3	e4	1	1	1
2	c5	3	0	2
2	d5	2	0	1
1	h4	9	3	10
2	d5	3	1	4
2	e5	3	2	3
1	f3	7	0	8
2	e5	3	0	2
3	e4	2	0	1
2	d5	2	0	2
1	Na3	1	1	1
